sequential_id,osm_id
1,12067407
2,12067409
3,12067411
4,12067429
5,12067434
6,12067438
7,12067439
8,12067443
9,12067458
10,12067461
11,12067466
12,12067467
13,12067476
14,12067481
15,12067485
16,12067495
17,12067502
18,12067507
19,12067511
20,12067515
21,12067542
22,12067544
23,12089276
24,12089306
25,17216338
26,17216409
27,17216414
28,17216429
29,17216442
30,17216497
31,21458457
32,21458570
33,21739070
34,21739121
35,21739188
36,21834383
37,21834569
38,21834704
39,22352232
40,22352249
41,22352553
42,22352654
43,24078516
44,24078839
45,24079220
46,24079238
47,24081110
48,24081705
49,24081736
50,24081814
51,24081884
52,24081972
53,24265131
54,24619926
55,24620306
56,24620582
57,24620804
58,24621215
59,24622022
60,24622693
61,24623554
62,24624083
63,24624248
64,24651214
65,24654617
66,25004300
67,25006460
68,25006816
69,25006991
70,25007657
71,25008153
72,25008513
73,25008795
74,25250036
75,25250131
76,25353129
77,25353133
78,25629538
79,25629539
80,25629540
81,25629548
82,25629549
83,25629551
84,25629553
85,25629559
86,25629564
87,25629569
88,25629578
89,25629579
90,25629582
91,25629685
92,25629687
93,25629690
94,25629704
95,25629724
96,25629740
97,25629745
98,25783681
99,26082576
100,26082580
101,26082601
102,26082606
103,26082614
104,26082617
105,26082618
106,26082623
107,26082626
108,26082635
109,26082642
110,26082644
111,26082645
112,26082653
113,26082660
114,26082684
115,26082690
116,26082703
117,26272568
118,26272571
119,26272599
120,26272652
121,26272655
122,26272672
123,26272674
124,26272868
125,26272883
126,26272885
127,26272945
128,26281437
129,26281455
130,26281502
131,26281535
132,26285834
133,26365520
134,26504493
135,26504542
136,26504574
137,26504597
138,26504623
139,26504625
140,26504630
141,26506280
142,26580561
143,26580617
144,26647626
145,26647660
146,26647683
147,26647705
148,26664641
149,26664668
150,26664758
151,26664759
152,26664778
153,26664785
154,26831941
155,26831982
156,26831985
157,26831988
158,26831993
159,26832002
160,26832095
161,27485077
162,29025065
163,29025439
164,29025708
165,29025724
166,29098405
167,29487872
168,29500569
169,29500573
170,29523876
171,29553506
172,29583478
173,29583600
174,29670456
175,29670458
176,30105558
177,30763089
178,30763092
179,30763093
180,30763094
181,30763095
182,30763097
183,30763114
184,30763115
185,30763116
186,30763118
187,30763124
188,30763125
189,30763126
190,30763129
191,30763133
192,30763135
193,30763136
194,30763137
195,30763138
196,30763139
197,30763142
198,30763144
199,30763146
200,30763147
201,30763148
202,30763150
203,30763151
204,30763155
205,30763158
206,30763162
207,30763163
208,30763164
209,30763168
210,30763169
211,30763171
212,30763172
213,30763174
214,30763175
215,30763178
216,30763179
217,30763180
218,30763182
219,30763183
220,30763184
221,30763185
222,30763200
223,30763205
224,30763215
225,30763242
226,30763493
227,30763494
228,30763495
229,30763496
230,30763497
231,30763498
232,30763504
233,30763505
234,30763506
235,30763508
236,30763513
237,30763514
238,30763515
239,30763516
240,30763517
241,30763518
242,30763519
243,30763521
244,30763522
245,30763525
246,30763529
247,30763530
248,30763531
249,30763536
250,30764650
251,30917449
252,30917451
253,30917456
254,30917462
255,31241687
256,31241689
257,31241701
258,31241730
259,31241733
260,31241741
261,31241750
262,31241766
263,31241781
264,31241785
265,31393667
266,31393674
267,31393682
268,31393684
269,31393720
270,31877894
271,31877895
272,31877896
273,31877898
274,31877900
275,31877925
276,31908997
277,31908999
278,31909001
279,31909045
280,31909047
281,31909048
282,31909052
283,31909053
284,31909064
285,31909078
286,31909097
287,31909099
288,31909100
289,31909131
290,31909134
291,31909136
292,31909178
293,31909184
294,31909185
295,31909189
296,31909231
297,31909234
298,31909235
299,31909236
300,31909246
301,31909264
302,31909265
303,31909270
304,31909271
305,31909274
306,31909275
307,31909282
308,31909292
309,31909293
310,31909294
311,31909295
312,31909296
313,31909342
314,31909343
315,31909344
316,32087315
317,32087342
318,32087720
319,32087820
320,32087821
321,32087875
322,32087876
323,32088036
324,32088037
325,32088265
326,32088267
327,32088514
328,32088515
329,32088516
330,32088517
331,32088518
332,32088713
333,32088715
334,32088716
335,32088717
336,32088848
337,32088849
338,32088850
339,32088851
340,32088852
341,32088853
342,32088854
343,32088855
344,32088856
345,32088857
346,32088858
347,32089041
348,32089043
349,32089044
350,32089045
351,32089046
352,32089047
353,32089048
354,32089049
355,32089050
356,32089051
357,32090498
358,32090986
359,32090992
360,32090993
361,32091096
362,32096070
363,32096071
364,32096074
365,32096075
366,32096076
367,32096077
368,32096078
369,32096079
370,32096080
371,32096107
372,32096113
373,32096118
374,32096360
375,32096361
376,32096362
377,32096364
378,32096366
379,32096367
380,32096368
381,32096373
382,32096374
383,32096486
384,32096487
385,32096488
386,32096489
387,32096490
388,32096498
389,32096499
390,32096506
391,32096507
392,32096508
393,32284941
394,32285039
395,32285096
396,32285101
397,32285111
398,32285166
399,32425195
400,32425196
401,32425200
402,32425204
403,32425207
404,32425339
405,32425340
406,32425348
407,32425350
408,32425354
409,32425355
410,32425357
411,32425361
412,32476225
413,32476237
414,32476246
415,32476249
416,32476255
417,32476261
418,32476268
419,32476274
420,32476293
421,32476305
422,32476308
423,32476313
424,32476320
425,32476327
426,32476329
427,32476339
428,32476344
429,32476346
430,32476347
431,32476352
432,32476364
433,32476379
434,32476389
435,32476396
436,32476409
437,32476423
438,32476430
439,32476431
440,32476433
441,32476435
442,32476440
443,32476441
444,32476442
445,32476443
446,32476444
447,32476445
448,32476446
449,32476447
450,32476450
451,32476451
452,32476453
453,32476454
454,32476455
455,32476456
456,32476457
457,32476459
458,32476460
459,32476461
460,32476462
461,32476465
462,32476467
463,32518545
464,32518656
465,32518919
466,32518950
467,32518961
468,32518963
469,32518966
470,32518973
471,32519074
472,32519077
473,32519125
474,32519126
475,32519127
476,32519175
477,32519176
478,32519283
479,32519344
480,32519348
481,32519350
482,32519351
483,32519353
484,32519354
485,32519357
486,32519358
487,32519365
488,32519396
489,32519416
490,32519675
491,32520021
492,32520022
493,32520023
494,32520025
495,32520145
496,32520188
497,32569985
498,32569986
499,32618848
500,32618849
501,32618855
502,32618856
503,32618857
504,32618859
505,32618860
506,32618884
507,32618886
508,32618887
509,32618888
510,32618893
511,32618894
512,32618898
513,32618908
514,32618910
515,32618918
516,32618928
517,32618931
518,32618933
519,32618940
520,32618943
521,32618945
522,32618949
523,32618957
524,32618959
525,32618962
526,32618964
527,32618966
528,32618968
529,32618969
530,32618970
531,32618975
532,32618978
533,32618979
534,32618980
535,32618981
536,32618983
537,32618984
538,32618986
539,32618987
540,32618991
541,32618992
542,32618995
543,32618997
544,32618998
545,32618999
546,32619005
547,32619007
548,32619008
549,32619009
550,32619010
551,32619015
552,32619018
553,32619021
554,32619022
555,32619023
556,32619024
557,32619025
558,32619027
559,32619030
560,32619031
561,32619032
562,32619034
563,32619037
564,32619043
565,32619044
566,32928343
567,32928345
568,32928347
569,32928350
570,32928351
571,32928353
572,32928478
573,32928484
574,32928490
575,32928501
576,32928504
577,32928505
578,32928521
579,32928528
580,32928530
581,32928556
582,32928557
583,32928560
584,32928562
585,32928564
586,32928565
587,32928567
588,32928713
589,32928714
590,32928716
591,32928720
592,32928721
593,32928727
594,32928734
595,32928735
596,32928746
597,32928749
598,32928958
599,32928959
600,32928961
601,32928962
602,32928963
603,32928967
604,32928969
605,32928970
606,32928989
607,32928990
608,32929000
609,32929004
610,32929006
611,32929011
612,32929013
613,32929017
614,32929018
615,32929021
616,32929025
617,32929027
618,32929029
619,32929031
620,32929042
621,32929043
622,32929047
623,32929062
624,32929090
625,32929098
626,32929101
627,32929112
628,32929343
629,32929344
630,32929345
631,32929346
632,32929348
633,32929351
634,32929352
635,32929357
636,32929358
637,32929359
638,32929372
639,32929373
640,32929374
641,32929375
642,32929376
643,32929377
644,32929382
645,32929385
646,32929388
647,32929389
648,32929396
649,32929418
650,32929419
651,32929420
652,32929566
653,32929567
654,32929568
655,32929569
656,32929584
657,32929588
658,32929589
659,32929590
660,32929602
661,32929607
662,32929608
663,32929644
664,32929645
665,32929646
666,32929651
667,32929652
668,32929653
669,32929661
670,32929676
671,32929677
672,32929679
673,32929685
674,32929686
675,32929694
676,32929699
677,32929700
678,32929701
679,32929702
680,32929735
681,32929736
682,32929739
683,32929757
684,32929758
685,32929760
686,33005807
687,33005908
688,33005914
689,33005916
690,33005923
691,33005925
692,33005934
693,33005935
694,33005941
695,33006099
696,33006167
697,33006251
698,33006369
699,33006430
700,33006621
701,33006623
702,33006670
703,33006678
704,33006680
705,33006690
706,33006736
707,33006743
708,33006776
709,33006777
710,33006802
711,33006817
712,33006823
713,33006852
714,33006857
715,33007027
716,33007028
717,33007031
718,33007032
719,33007034
720,33007037
721,33007038
722,33007045
723,33084594
724,33084596
725,33084598
726,33084600
727,33084602
728,33451921
729,33452007
730,33452008
731,33452009
732,33452365
733,33452367
734,33452373
735,33452443
736,33452560
737,33452562
738,33466356
739,33469402
740,33469405
741,33469409
742,33469411
743,33469414
744,33469417
745,33469429
746,33471551
747,33471553
748,33471554
749,33471556
750,33471558
751,33471559
752,33625122
753,33680678
754,33680683
755,34018410
756,34018415
757,34018418
758,34018427
759,34018456
760,34018458
761,34018463
762,34018554
763,34018555
764,34018569
765,34018597
766,34018598
767,34018607
768,34018611
769,34018613
770,34018679
771,34018681
772,34018709
773,34018744
774,34018874
775,34018896
776,34018897
777,34018964
778,34018984
779,34018985
780,34019257
781,34019263
782,34019265
783,34019541
784,34019605
785,34019638
786,34019639
787,34019643
788,34019655
789,34019659
790,34019664
791,34019665
792,34019676
793,34019678
794,34019689
795,34019717
796,34019718
797,34019731
798,34019734
799,34019743
800,34019746
801,34019750
802,34019761
803,34019766
804,34019799
805,34019801
806,34019809
807,34019811
808,34019812
809,34019814
810,34019817
811,34019825
812,34019830
813,34019838
814,34019843
815,34019848
816,34019866
817,34019872
818,34019877
819,34019927
820,34019929
821,34019939
822,34019953
823,34128698
824,34128699
825,34128711
826,34128843
827,34129295
828,34129359
829,34129403
830,34129406
831,34129489
832,34129528
833,34129592
834,34129673
835,34129677
836,34129714
837,34129717
838,34129743
839,34129791
840,34129922
841,34129945
842,34129946
843,34129947
844,34129984
845,34129987
846,34130050
847,34130054
848,34785405
849,34785410
850,34785416
851,34785420
852,35453764
853,35453950
854,35454030
855,35454049
856,35455227
857,35456301
858,35456369
859,35456915
860,35457022
861,35458381
862,35458397
863,35458507
864,35458509
865,35729446
866,35729447
867,35729448
868,35729449
869,35729479
870,35729481
871,35731309
872,35731312
873,35961071
874,35961075
875,35961076
876,35961077
877,35961087
878,35961088
879,35961090
880,35961091
881,35961092
882,35961093
883,35961094
884,35961096
885,35961100
886,35961149
887,35961150
888,35961151
889,35961172
890,35961175
891,35961176
892,35961236
893,35961247
894,39596127
895,39598039
896,39598046
897,39598048
898,39598067
899,39598208
900,39598439
901,39598442
902,39601941
903,39601946
904,39601955
905,39601964
906,39602384
907,39602769
908,39603472
909,39605068
910,39605073
911,39605082
912,39605505
913,39605508
914,39605509
915,39606403
916,39617966
917,39617973
918,39617975
919,39617980
920,39625016
921,39625022
922,39625029
923,39628252
924,39628253
925,39628254
926,39629917
927,39629918
928,39629919
929,39629922
930,39629926
931,39630803
932,39630804
933,39630805
934,39630835
935,39631615
936,39631616
937,39631617
938,39631621
939,39631691
940,39631936
941,39631939
942,39631940
943,39631979
944,39632279
945,39632282
946,39632283
947,39632338
948,39632761
949,39632763
950,39632764
951,39632801
952,39633554
953,39633555
954,39633558
955,39633560
956,39634756
957,39634758
958,39634759
959,39638821
960,39638822
961,39639602
962,39639609
963,39639886
964,39640000
965,39640530
966,39640531
967,39640532
968,39640533
969,39641097
970,39641099
971,39641133
972,39642845
973,39642846
974,39642847
975,39642850
976,39643725
977,39643727
978,39643730
979,39643784
980,39644236
981,39644237
982,39644238
983,39644240
984,39644241
985,39644243
986,39645714
987,39645717
988,39646463
989,39646464
990,39646465
991,39646484
992,39646717
993,39647671
994,39647676
995,39647728
996,39648022
997,39648044
998,39648417
999,39648419
1000,39648461
1001,39648465
1002,39648527
1003,39648582
1004,39648655
1005,39649824
1006,39650597
1007,39650782
1008,39650803
1009,39651548
1010,39651696
1011,39651835
1012,39651837
1013,39651838
1014,39653184
1015,39653186
1016,39653195
1017,39653628
1018,39653666
1019,39653697
1020,39653714
1021,39653819
1022,39653908
1023,40812662
1024,40812785
1025,40813569
1026,40813571
1027,40813874
1028,40814311
1029,40814502
1030,40814622
1031,40815272
1032,40817467
1033,40817686
1034,40817688
1035,40817691
1036,40817932
1037,40818155
1038,40818156
1039,40818794
1040,40818825
1041,40820505
1042,40820737
1043,40821779
1044,40822818
1045,40822910
1046,40822913
1047,40823015
1048,40823032
1049,40823171
1050,40823176
1051,40823214
1052,40823326
1053,40823416
1054,40823432
1055,40823464
1056,40823530
1057,40823546
1058,40823569
1059,40823774
1060,40823775
1061,40823847
1062,40823992
1063,40824202
1064,40824310
1065,40824441
1066,40824645
1067,40824675
1068,40825184
1069,40826229
1070,40826231
1071,40826589
1072,40827743
1073,40827825
1074,40827947
1075,40827990
1076,40828213
1077,40828215
1078,40828587
1079,40828595
1080,40828806
1081,40830998
1082,40831535
1083,40831544
1084,40831749
1085,40831751
1086,40831821
1087,40831852
1088,40831853
1089,40832060
1090,40832061
1091,40832271
1092,40832294
1093,40834830
1094,40834981
1095,40834995
1096,40835986
1097,40835995
1098,41941291
1099,41941302
1100,43075764
1101,43075773
1102,43077573
1103,43077594
1104,43079546
1105,43080694
1106,43080697
1107,43080699
1108,43081351
1109,43082809
1110,43082811
1111,43082813
1112,43082816
1113,43084130
1114,43084132
1115,43084135
1116,43086339
1117,43086341
1118,43088580
1119,43093069
1120,48749668
1121,48749773
1122,48749774
1123,48749880
1124,48749882
1125,48750113
1126,48750114
1127,48750118
1128,48750120
1129,48750125
1130,48750365
1131,48750368
1132,48750401
1133,48750402
1134,48750691
1135,48750999
1136,48751845
1137,48751846
1138,48752724
1139,48753205
1140,48753635
1141,48754932
1142,49828105
1143,49828829
1144,50630443
1145,56123233
1146,56130047
1147,56130064
1148,56130160
1149,56130161
1150,56130162
1151,56130227
1152,56130234
1153,56130238
1154,56130250
1155,56130268
1156,56130270
1157,56130286
1158,56130361
1159,56130362
1160,56130381
1161,56130414
1162,56130415
1163,56130435
1164,56130460
1165,56130510
1166,56130557
1167,56130632
1168,56130634
1169,56130668
1170,56130688
1171,56130701
1172,56130734
1173,56130748
1174,56130786
1175,56130818
1176,56130831
1177,56130946
1178,56131093
1179,56131094
1180,56131095
1181,56131116
1182,56131128
1183,56131259
1184,56131812
1185,56131849
1186,56131854
1187,56131996
1188,56131998
1189,56132067
1190,56132088
1191,56132113
1192,56132196
1193,56133292
1194,56133521
1195,56133524
1196,56133526
1197,56133699
1198,56133701
1199,56134158
1200,56134328
1201,56134343
1202,56134712
1203,56134713
1204,56134714
1205,56134715
1206,56134753
1207,56135085
1208,56135086
1209,56135951
1210,56135953
1211,56136935
1212,56137141
1213,56137611
1214,56137924
1215,56137932
1216,56137973
1217,56137974
1218,59604605
1219,59604912
1220,59605361
1221,59605563
1222,59605571
1223,59605572
1224,59605575
1225,59605623
1226,60088983
1227,60089579
1228,60089717
1229,60089721
1230,60090866
1231,60090983
1232,60090984
1233,60091165
1234,60091174
1235,60091175
1236,60091193
1237,60091319
1238,60091326
1239,60091327
1240,60091483
1241,60091491
1242,60091498
1243,60091569
1244,60091573
1245,60091673
1246,60091996
1247,60091998
1248,60092059
1249,60092839
1250,60093001
1251,60093036
1252,60093037
1253,60093039
1254,60093068
1255,60093069
1256,60093094
1257,60093095
1258,60093111
1259,60093112
1260,60093151
1261,60093157
1262,60093185
1263,60093186
1264,60093196
1265,60093211
1266,60093212
1267,60093311
1268,60093318
1269,60093423
1270,60093424
1271,60093462
1272,60093463
1273,60094335
1274,60094336
1275,60094342
1276,60094349
1277,60094350
1278,60094351
1279,60094364
1280,60094367
1281,60094369
1282,60094419
1283,60094495
1284,60094496
1285,60094500
1286,60094535
1287,60094544
1288,60094573
1289,60094577
1290,60094600
1291,60094858
1292,60094862
1293,60094888
1294,60094889
1295,60095256
1296,60095299
1297,60095308
1298,60095311
1299,60095339
1300,60095341
1301,60095346
1302,60095356
1303,60095357
1304,60095362
1305,60095381
1306,60095384
1307,60095386
1308,60095396
1309,60095415
1310,60095421
1311,60095453
1312,60095502
1313,60095507
1314,60095510
1315,60095588
1316,60095590
1317,60095596
1318,60095850
1319,60095886
1320,60095890
1321,60095957
1322,60096177
1323,60096231
1324,60096232
1325,60096233
1326,60096252
1327,60096335
1328,60096348
1329,60096353
1330,60096374
1331,60171014
1332,60446860
1333,60446862
1334,60446863
1335,60446864
1336,60446866
1337,60447039
1338,60447041
1339,60447047
1340,60447112
1341,60447113
1342,60447114
1343,60447115
1344,60447116
1345,60447127
1346,60447130
1347,60447166
1348,60447167
1349,60447173
1350,60447174
1351,60447178
1352,60447221
1353,60447225
1354,60447226
1355,60447227
1356,60447564
1357,60447567
1358,60447574
1359,60447575
1360,60447579
1361,60447582
1362,60447685
1363,60447693
1364,60447744
1365,60447758
1366,60447759
1367,60447760
1368,60447775
1369,60447777
1370,60447778
1371,60447779
1372,60447787
1373,60447849
1374,60447851
1375,60447854
1376,60447855
1377,60447858
1378,60447860
1379,60447861
1380,60448223
1381,60448275
1382,60448276
1383,60448691
1384,60448813
1385,60448814
1386,60448815
1387,60448836
1388,60448855
1389,60448856
1390,60448857
1391,60448858
1392,60448879
1393,60448880
1394,60448899
1395,60448916
1396,60448917
1397,60448925
1398,60449187
1399,60449217
1400,60449257
1401,60449259
1402,60449262
1403,60449264
1404,60449320
1405,60449321
1406,60449341
1407,60449376
1408,60449377
1409,60449404
1410,60449406
1411,60449408
1412,60449422
1413,60449431
1414,60449432
1415,60449438
1416,60449442
1417,60449445
1418,60449450
1419,60449489
1420,60449492
1421,60449493
1422,60449499
1423,60449510
1424,60449516
1425,60449518
1426,60449530
1427,60449535
1428,60449549
1429,60449550
1430,60449551
1431,60449597
1432,60449598
1433,60449603
1434,60449715
1435,60449720
1436,60449723
1437,60449727
1438,60449730
1439,60449731
1440,60449733
1441,60449735
1442,60449739
1443,60449744
1444,60449753
1445,60449754
1446,60449759
1447,60449824
1448,60449825
1449,60449826
1450,60449965
1451,60449966
1452,60449971
1453,60450023
1454,60450024
1455,60450030
1456,60450034
1457,60450192
1458,60450193
1459,60450214
1460,60450215
1461,60450322
1462,60450324
1463,60450326
1464,60450327
1465,60450329
1466,60450331
1467,60450332
1468,60450335
1469,60450338
1470,60450403
1471,60450404
1472,60450405
1473,60450407
1474,60450408
1475,60450409
1476,60450410
1477,60450419
1478,60450456
1479,60450457
1480,60450459
1481,60450481
1482,60450519
1483,60450523
1484,60450524
1485,60450585
1486,60450589
1487,60450631
1488,60450662
1489,60450663
1490,60451111
1491,60451112
1492,60451117
1493,60451118
1494,60451120
1495,60451121
1496,60451124
1497,60451183
1498,60451184
1499,60451186
1500,60451187
1501,60451188
1502,60451261
1503,60451320
1504,60723684
1505,60723685
1506,60723686
1507,60723687
1508,60723688
1509,60723689
1510,60723690
1511,60723691
1512,60723692
1513,60723693
1514,60723694
1515,60723696
1516,60723697
1517,60723732
1518,60723733
1519,60723876
1520,60723895
1521,60723897
1522,60723908
1523,60723909
1524,60723918
1525,60723919
1526,60724093
1527,60724094
1528,60979972
1529,60979973
1530,60979986
1531,60979991
1532,60979994
1533,60980004
1534,60980008
1535,60980010
1536,60980013
1537,60980017
1538,60980018
1539,60980022
1540,60980030
1541,60980031
1542,60980032
1543,60980035
1544,61090316
1545,61090317
1546,61090318
1547,61090319
1548,61090323
1549,61090324
1550,61090326
1551,61090327
1552,61090328
1553,61090332
1554,61090334
1555,61090337
1556,61090338
1557,61090339
1558,61090340
1559,61090341
1560,61090345
1561,61090346
1562,61090349
1563,61090351
1564,61091504
1565,61091666
1566,61091672
1567,61091675
1568,61091678
1569,61092089
1570,61092097
1571,61652316
1572,61679340
1573,61681766
1574,61681820
1575,61681824
1576,61681947
1577,61681948
1578,61681950
1579,61681951
1580,61681960
1581,61682000
1582,61682006
1583,61682043
1584,61682044
1585,61682049
1586,61682106
1587,61682107
1588,61682108
1589,61682145
1590,61682147
1591,61682148
1592,61682151
1593,61682187
1594,61682188
1595,61682233
1596,61682234
1597,61682283
1598,61682284
1599,61682286
1600,61682331
1601,61682336
1602,61682366
1603,61682375
1604,61682377
1605,61682383
1606,61682426
1607,61717978
1608,61718007
1609,61718024
1610,61718112
1611,61718113
1612,61718114
1613,61718115
1614,61718116
1615,61718265
1616,61718266
1617,61718268
1618,61718270
1619,61718271
1620,61718272
1621,61718279
1622,61718286
1623,61718318
1624,61718328
1625,61718350
1626,61718353
1627,61718375
1628,61718376
1629,61718383
1630,61718413
1631,61718415
1632,61718446
1633,61718447
1634,61719036
1635,67734027
1636,67734564
1637,67737112
1638,67737479
1639,67737481
1640,67737566
1641,67737935
1642,67738325
1643,67738899
1644,67738943
1645,67739053
1646,67739803
1647,67739973
1648,67740033
1649,67740463
1650,67740498
1651,67740959
1652,67780236
1653,67780290
1654,67815697
1655,67815772
1656,72670651
1657,72671422
1658,72673632
1659,72685187
1660,72686818
1661,72686822
1662,72686823
1663,72686835
1664,72686847
1665,72686853
1666,72687585
1667,72687619
1668,72965559
1669,72966539
1670,72966545
1671,72966553
1672,72966554
1673,72967441
1674,72967447
1675,72967449
1676,72967459
1677,72967462
1678,72967952
1679,72967954
1680,72967957
1681,72967958
1682,72968984
1683,72969715
1684,72969716
1685,72969718
1686,72969719
1687,72969720
1688,72969721
1689,72969722
1690,72969724
1691,72969725
1692,72969727
1693,72969729
1694,72970395
1695,72970398
1696,72970844
1697,72970847
1698,72970848
1699,72971345
1700,72971347
1701,72972428
1702,72972429
1703,72972430
1704,72972546
1705,72972772
1706,72973397
1707,72973555
1708,72973698
1709,72973925
1710,72974145
1711,72974544
1712,72975208
1713,72975210
1714,72975214
1715,72979942
1716,72979943
1717,72979964
1718,72980417
1719,72980418
1720,72980421
1721,72980422
1722,72980423
1723,72980426
1724,72980428
1725,72980726
1726,72980727
1727,72980795
1728,72982804
1729,72982898
1730,72983202
1731,72983711
1732,72983713
1733,72983835
1734,72983836
1735,72984024
1736,72984258
1737,72984477
1738,72984479
1739,72984646
1740,72984647
1741,72984772
1742,72984774
1743,72984949
1744,72985108
1745,72986061
1746,72987517
1747,72987524
1748,72998151
1749,73023991
1750,73024875
1751,73024877
1752,73024878
1753,73024879
1754,73024881
1755,73026125
1756,73026128
1757,73026139
1758,73026140
1759,73026141
1760,73026146
1761,73026155
1762,73026572
1763,73026619
1764,73027070
1765,73027071
1766,73027324
1767,73027325
1768,73027671
1769,73027675
1770,73028544
1771,73028788
1772,73028916
1773,73029063
1774,78038857
1775,78040027
1776,78040364
1777,78040980
1778,78041136
1779,79634401
1780,79634403
1781,79634404
1782,79634406
1783,79634408
1784,79634705
1785,79635406
1786,79635407
1787,79635408
1788,79635409
1789,79635410
1790,79635411
1791,79636620
1792,79636658
1793,79636659
1794,79636699
1795,79636933
1796,79636934
1797,79637363
1798,79637563
1799,79637565
1800,84508147
1801,84508244
1802,84509345
1803,84509474
1804,84509606
1805,84509786
1806,84509871
1807,84509990
1808,84510076
1809,84510995
1810,84511139
1811,84511144
1812,87633750
1813,87633924
1814,87633932
1815,87634035
1816,87634036
1817,87634037
1818,87634165
1819,87634168
1820,87634269
1821,87634377
1822,87634378
1823,87634380
1824,87634796
1825,87634875
1826,87634876
1827,87634974
1828,87634975
1829,87635048
1830,87635122
1831,87635123
1832,87635239
1833,87635240
1834,87635244
1835,87635265
1836,87635289
1837,87635316
1838,87635423
1839,87635456
1840,87635544
1841,87637668
1842,87637724
1843,87637726
1844,87638041
1845,87638268
1846,87638273
1847,87638320
1848,87638459
1849,87638461
1850,87638462
1851,87638700
1852,87638701
1853,87638703
1854,87638705
1855,87638816
1856,88763677
1857,88763678
1858,88766249
1859,88772903
1860,88783440
1861,88783997
1862,88784053
1863,88784284
1864,88787349
1865,88787590
1866,88787778
1867,88787928
1868,88788111
1869,88788119
1870,88788228
1871,88788259
1872,88788298
1873,88788299
1874,88791985
1875,90027566
1876,90027595
1877,92149654
1878,92149658
1879,92149661
1880,92149667
1881,92149671
1882,92149676
1883,92149726
1884,92149729
1885,92149730
1886,92149843
1887,92149845
1888,92149847
1889,92149848
1890,92149849
1891,92149850
1892,92149852
1893,92149855
1894,92149861
1895,92149862
1896,92149867
1897,92149904
1898,92149963
1899,92149965
1900,92150056
1901,92150057
1902,92150105
1903,92150106
1904,92150165
1905,92150339
1906,92150379
1907,92150380
1908,92150563
1909,92150724
1910,92150730
1911,92150731
1912,92150743
1913,92151039
1914,92151308
1915,92154011
1916,92280705
1917,92281049
1918,92281125
1919,92281225
1920,92281230
1921,92281291
1922,92281349
1923,92281422
1924,92281428
1925,92281430
1926,92281432
1927,92281462
1928,92281478
1929,92281479
1930,92281517
1931,92281518
1932,92281544
1933,92281545
1934,92281703
1935,92281716
1936,92281781
1937,92281782
1938,92281783
1939,92281784
1940,92281785
1941,92281786
1942,92281803
1943,92281875
1944,92281878
1945,92281880
1946,92281882
1947,92281883
1948,92281914
1949,92281915
1950,92281952
1951,92281953
1952,92282062
1953,92282064
1954,92282173
1955,92282174
1956,92282235
1957,92282374
1958,92282378
1959,92282381
1960,92282432
1961,92282434
1962,92282769
1963,92282882
1964,92282883
1965,92282952
1966,92282953
1967,92282957
1968,92283084
1969,92283213
1970,92283216
1971,92283370
1972,92283443
1973,92283468
1974,92283584
1975,92283586
1976,92283628
1977,92283677
1978,92283682
1979,92283723
1980,92283774
1981,92284220
1982,92284221
1983,92284367
1984,92284370
1985,92284609
1986,92284614
1987,92284615
1988,92284641
1989,92284684
1990,92284901
1991,92284903
1992,92285046
1993,92285186
1994,92285191
1995,92287025
1996,92287142
1997,92287353
1998,92287354
1999,92287355
2000,92287463
2001,92289475
2002,92289480
2003,92290284
2004,92290346
2005,92290585
2006,96345679
2007,96345843
2008,96345858
2009,96345922
2010,96345923
2011,96346160
2012,96346277
2013,96346281
2014,96346880
2015,96347901
2016,96446775
2017,96446800
2018,96446972
2019,101863769
2020,101863770
2021,101864965
2022,101865442
2023,101865444
2024,101865446
2025,101865449
2026,101866050
2027,101866052
2028,101866057
2029,101866058
2030,101866060
2031,101866062
2032,101866597
2033,101866598
2034,101867098
2035,101867099
2036,101867102
2037,101867112
2038,101867462
2039,101867463
2040,101867466
2041,101867477
2042,101867907
2043,101867908
2044,101867909
2045,101868079
2046,101868080
2047,101868330
2048,101868335
2049,101868566
2050,101869992
2051,101869994
2052,101869995
2053,101870095
2054,101870096
2055,101870097
2056,101870188
2057,101870189
2058,101870191
2059,101870220
2060,101870221
2061,101870222
2062,101870573
2063,101870969
2064,101871095
2065,101871665
2066,101873268
2067,101873583
2068,101873584
2069,101873586
2070,101873587
2071,101873630
2072,101873809
2073,103781598
2074,103781711
2075,103781809
2076,103781811
2077,103782044
2078,103782047
2079,103782149
2080,103783101
2081,103784601
2082,103784873
2083,103786857
2084,103787311
2085,103787375
2086,103787478
2087,103787480
2088,103787638
2089,103787962
2090,103787964
2091,103788048
2092,103789025
2093,103789033
2094,103789229
2095,103789232
2096,103789882
2097,103790503
2098,103790509
2099,103790518
2100,103791008
2101,103791164
2102,103791289
2103,103791313
2104,103791677
2105,103791722
2106,103791723
2107,103791875
2108,103791896
2109,103792071
2110,103793666
2111,103793668
2112,103793672
2113,103793673
2114,103793681
2115,103794505
2116,103795709
2117,103795710
2118,103795712
2119,103795981
2120,103795982
2121,103796296
2122,103796925
2123,103797173
2124,103797258
2125,103797371
2126,103797937
2127,103798168
2128,103798890
2129,103799463
2130,103799464
2131,103799465
2132,103799466
2133,103799469
2134,103799472
2135,103799548
2136,103800439
2137,103800618
2138,103800909
2139,103801134
2140,103801259
2141,103801622
2142,103801645
2143,103802774
2144,103804090
2145,103807919
2146,103807920
2147,103812719
2148,103814324
2149,103816612
2150,103816938
2151,103816968
2152,115068791
2153,115069372
2154,115069881
2155,115070314
2156,115070740
2157,115071530
2158,115071532
2159,115076511
2160,115076512
2161,115076513
2162,115077056
2163,115077221
2164,115077698
2165,115078472
2166,115078473
2167,115078478
2168,115078835
2169,115079085
2170,115079564
2171,115079567
2172,115079706
2173,115079995
2174,115080632
2175,115083057
2176,115083258
2177,115083535
2178,117086764
2179,117087067
2180,117087069
2181,117087466
2182,117087895
2183,117087896
2184,122959239
2185,122960687
2186,122972999
2187,122973127
2188,122973537
2189,122973993
2190,122974007
2191,122974008
2192,122974664
2193,122974665
2194,122974666
2195,122974667
2196,122974692
2197,122974779
2198,122974857
2199,122975149
2200,127457567
2201,127459984
2202,127460065
2203,127460462
2204,127460468
2205,127460884
2206,127460888
2207,127461157
2208,127461299
2209,127461599
2210,127461794
2211,127462011
2212,127462014
2213,127462016
2214,127462089
2215,127462229
2216,127462230
2217,127462308
2218,127462555
2219,127470401
2220,127470503
2221,127470504
2222,127470610
2223,127470611
2224,127470612
2225,127470727
2226,127471139
2227,127471238
2228,127471239
2229,127471308
2230,127471398
2231,127471399
2232,127471547
2233,127471548
2234,127471631
2235,127471699
2236,127471700
2237,127471759
2238,127471765
2239,127471797
2240,127471800
2241,127471928
2242,127471929
2243,127472350
2244,127473166
2245,127473311
2246,127473626
2247,127473627
2248,127473630
2249,127473637
2250,127473639
2251,127473779
2252,127473784
2253,127473889
2254,127473910
2255,127474254
2256,127474256
2257,127474436
2258,127474438
2259,127474440
2260,127474489
2261,127474490
2262,127474596
2263,127475135
2264,127475382
2265,127475539
2266,127475907
2267,127475915
2268,127476089
2269,127476271
2270,127476272
2271,127476305
2272,127476377
2273,127476443
2274,127476444
2275,127476539
2276,127476540
2277,127476614
2278,127476615
2279,127477204
2280,127477211
2281,127479887
2282,127479889
2283,127480212
2284,127480213
2285,127480281
2286,127480297
2287,127480870
2288,127480966
2289,127481204
2290,127481856
2291,127482694
2292,127483843
2293,127483860
2294,127484602
2295,127484607
2296,127485665
2297,127527596
2298,127530047
2299,127530048
2300,127530050
2301,129696421
2302,129697399
2303,129698833
2304,129698955
2305,129702162
2306,129702163
2307,129706423
2308,129706430
2309,129707190
2310,129707192
2311,129707193
2312,129707195
2313,129707197
2314,129707890
2315,129707891
2316,129708927
2317,129708928
2318,129708929
2319,129708931
2320,129708935
2321,129708942
2322,129708956
2323,129709613
2324,129709616
2325,129709619
2326,129709623
2327,129709626
2328,129709829
2329,129710533
2330,129710534
2331,129710538
2332,129710545
2333,129710549
2334,129710878
2335,129710880
2336,129711318
2337,129711323
2338,129711520
2339,129712192
2340,129712195
2341,129712206
2342,129713995
2343,129714001
2344,129714003
2345,129714005
2346,129714007
2347,129714008
2348,129714010
2349,129714271
2350,129714274
2351,129715387
2352,129715388
2353,129715389
2354,129716020
2355,129716023
2356,129716025
2357,129716422
2358,129716423
2359,129716424
2360,129716484
2361,129716887
2362,129717131
2363,129718105
2364,129721902
2365,129721915
2366,129722672
2367,129723810
2368,129723811
2369,129723857
2370,129724287
2371,129724288
2372,129724656
2373,129724660
2374,129726014
2375,129726987
2376,129726993
2377,129726997
2378,129726999
2379,129727215
2380,129727217
2381,129728593
2382,129731805
2383,129731806
2384,129731972
2385,129731985
2386,129732052
2387,129732609
2388,129732610
2389,129732611
2390,130166688
2391,130166690
2392,130166693
2393,130166695
2394,130166696
2395,130166697
2396,130166703
2397,130166705
2398,130166706
2399,130166707
2400,130166708
2401,130166709
2402,130166715
2403,130166717
2404,130166719
2405,130166721
2406,130166723
2407,130166724
2408,130166725
2409,130166727
2410,130166732
2411,130166733
2412,130166735
2413,130167307
2414,130167308
2415,130167313
2416,130167314
2417,130168307
2418,130168371
2419,130168375
2420,130168409
2421,130168690
2422,130168691
2423,130168699
2424,130168701
2425,130168706
2426,130168707
2427,130168708
2428,130168798
2429,130168799
2430,130168800
2431,130168802
2432,130168803
2433,130168804
2434,130168805
2435,130168807
2436,130168824
2437,148904506
2438,148905131
2439,148905134
2440,152259816
2441,165979401
2442,168238697
2443,168244406
2444,168244407
2445,168244409
2446,174583873
2447,174584816
2448,174585061
2449,174585063
2450,174587525
2451,174589066
2452,174593106
2453,188882503
2454,189938881
2455,191591171
2456,191591313
2457,191592226
2458,191592529
2459,191592706
2460,191593290
2461,191593322
2462,191593567
2463,193586315
2464,193586331
2465,193586343
2466,193586368
2467,193586433
2468,193586513
2469,193586557
2470,193586581
2471,203262523
2472,203262534
2473,203262564
2474,203262589
2475,203262626
2476,203262660
2477,203262694
2478,203263429
2479,203263494
2480,203263521
2481,203263603
2482,203263698
2483,203263721
2484,203263750
2485,203263778
2486,204604504
2487,206091021
2488,206091199
2489,206091235
2490,206091236
2491,206091237
2492,206091264
2493,206091265
2494,206091268
2495,206091269
2496,206091270
2497,206091279
2498,206091280
2499,206091283
2500,206091322
2501,206091323
2502,206091327
2503,206091331
2504,206091333
2505,206091334
2506,206091338
2507,206091343
2508,206091345
2509,206091346
2510,206091347
2511,206091348
2512,206091352
2513,206091353
2514,206091354
2515,206091355
2516,206091356
2517,206091361
2518,206091362
2519,206091363
2520,206091364
2521,206091365
2522,206091373
2523,206091375
2524,206091571
2525,206091572
2526,206091573
2527,206091613
2528,206873938
2529,206873951
2530,206873970
2531,206873991
2532,206874009
2533,206874037
2534,206874528
2535,215003059
2536,215003060
2537,215003230
2538,215004089
2539,215005443
2540,215005453
2541,215005458
2542,215005819
2543,215005820
2544,215005821
2545,215006392
2546,215006395
2547,215006471
2548,215014270
2549,215014271
2550,215014274
2551,215014275
2552,215014406
2553,215014600
2554,215014646
2555,215015703
2556,215015708
2557,215016057
2558,215018359
2559,215018898
2560,215022353
2561,215023856
2562,215024652
2563,219725819
2564,219732125
2565,219732126
2566,219732483
2567,219732484
2568,219734585
2569,219735484
2570,219735761
2571,219738589
2572,219738593
2573,219740702
2574,219740870
2575,219740871
2576,219741796
2577,219741799
2578,219742021
2579,219742243
2580,219742244
2581,219742245
2582,219742246
2583,219742612
2584,219742613
2585,219742615
2586,219743902
2587,219743905
2588,219744029
2589,219744725
2590,219744726
2591,219744753
2592,219744806
2593,219744901
2594,219744902
2595,219744945
2596,219744946
2597,219745034
2598,219745228
2599,219745298
2600,219747344
2601,219747346
2602,219747584
2603,219749723
2604,219749725
2605,219749726
2606,219749728
2607,219750549
2608,219751459
2609,219752325
2610,219752332
2611,219752336
2612,219752342
2613,219752833
2614,219753266
2615,219753267
2616,219753520
2617,219753522
2618,219754060
2619,219754062
2620,219754090
2621,219754477
2622,219754479
2623,219755180
2624,219755185
2625,219755193
2626,219755622
2627,219755636
2628,219931749
2629,219931750
2630,219932276
2631,219933328
2632,219936994
2633,219937494
2634,219937515
2635,219938056
2636,219938057
2637,219938535
2638,219938537
2639,219939560
2640,219939853
2641,219939854
2642,219939858
2643,219939861
2644,219940283
2645,219940285
2646,219940286
2647,219940288
2648,219940786
2649,219940792
2650,219940814
2651,219940985
2652,219941175
2653,219941217
2654,219941438
2655,219941582
2656,219941583
2657,219942196
2658,219942240
2659,219942759
2660,219942760
2661,219942859
2662,219942860
2663,219944392
2664,219944398
2665,219944399
2666,219944402
2667,219944601
2668,219945630
2669,219945633
2670,219946923
2671,219946926
2672,219946933
2673,219946938
2674,219946941
2675,219946942
2676,219946955
2677,219947356
2678,219947877
2679,219947879
2680,219947880
2681,219948083
2682,219948084
2683,219949697
2684,219949708
2685,219949715
2686,219949880
2687,219950113
2688,219950589
2689,219950747
2690,219951157
2691,219951286
2692,219952209
2693,219952210
2694,219952211
2695,219952363
2696,219952364
2697,219952845
2698,219953248
2699,219953750
2700,219954089
2701,219954095
2702,219954271
2703,219954346
2704,219955128
2705,219956188
2706,219956189
2707,219956190
2708,219956194
2709,219957139
2710,219957143
2711,219957763
2712,219957770
2713,219958173
2714,219958183
2715,219958592
2716,219958854
2717,219960875
2718,219960878
2719,219960915
2720,219962052
2721,219962082
2722,219962605
2723,219962641
2724,219962850
2725,219962852
2726,219963017
2727,219963029
2728,219963922
2729,219963926
2730,219963933
2731,219963934
2732,219963967
2733,219969163
2734,219969171
2735,219976774
2736,219976775
2737,219977338
2738,219977622
2739,219978446
2740,219978451
2741,219979606
2742,219979622
2743,219980156
2744,219980208
2745,219980767
2746,219981095
2747,219981278
2748,219982014
2749,219982204
2750,219982329
2751,219982633
2752,219984050
2753,219984057
2754,219984062
2755,219984067
2756,219984073
2757,219984127
2758,219986051
2759,219986079
2760,219986270
2761,220017214
2762,220017221
2763,220017228
2764,224799911
2765,224865393
2766,224865426
2767,224865478
2768,224865556
2769,224870003
2770,224884305
2771,224893567
2772,224905145
2773,225009851
2774,225292228
2775,225292345
2776,225318882
2777,225922660
2778,225931306
2779,225931390
2780,241416503
2781,241416505
2782,241416506
2783,241416639
2784,241416665
2785,241416685
2786,241416770
2787,241416825
2788,241416826
2789,241416911
2790,241416970
2791,241416977
2792,241417040
2793,241417041
2794,241417169
2795,241417296
2796,241896337
2797,243441742
2798,243441747
2799,243458617
2800,243461145
2801,243463264
2802,243485875
2803,243672102
2804,243673188
2805,243673397
2806,243674332
2807,243674333
2808,243674552
2809,243674884
2810,244130108
2811,244130109
2812,244130111
2813,245864605
2814,245864632
2815,245864655
2816,245864664
2817,245864671
2818,245864687
2819,245864694
2820,245864701
2821,245864708
2822,245864715
2823,245864740
2824,245864747
2825,245864761
2826,245864766
2827,245864773
2828,245864780
2829,245864831
2830,245864840
2831,245864846
2832,245864855
2833,245864877
2834,245864882
2835,245864890
2836,245864896
2837,245864903
2838,245864918
2839,245864936
2840,245865009
2841,245865110
2842,245865187
2843,245865214
2844,245865332
2845,245865428
2846,245865439
2847,246781017
2848,246781020
2849,246781021
2850,246781022
2851,246781030
2852,246781034
2853,246781050
2854,246781241
2855,246781250
2856,246781253
2857,246781269
2858,246781314
2859,246781321
2860,246781368
2861,246781399
2862,246781429
2863,246781432
2864,246781448
2865,246781483
2866,246781495
2867,246781504
2868,246781511
2869,246781537
2870,246781543
2871,246781546
2872,246781589
2873,246781623
2874,246781788
2875,246781794
2876,246781830
2877,246781854
2878,246781865
2879,246781882
2880,246781889
2881,246781895
2882,246781940
2883,246781943
2884,246781951
2885,246781975
2886,246782005
2887,246782017
2888,246782044
2889,246782076
2890,246782083
2891,246782121
2892,246782122
2893,246782128
2894,246782133
2895,246782153
2896,246782201
2897,246782228
2898,246782230
2899,246782266
2900,246782326
2901,246782355
2902,246782402
2903,246782430
2904,246782462
2905,246782477
2906,246782486
2907,246782498
2908,246782500
2909,246782510
2910,246782511
2911,246782517
2912,246782520
2913,246782524
2914,246782526
2915,246782527
2916,246782530
2917,246782531
2918,246782538
2919,246782540
2920,246782545
2921,246782549
2922,246782557
2923,246782558
2924,246782561
2925,246782567
2926,246782575
2927,246782579
2928,246782581
2929,246782585
2930,246782586
2931,246782588
2932,246782589
2933,246782592
2934,246782593
2935,246782596
2936,246782599
2937,246782604
2938,246782605
2939,246782606
2940,246782622
2941,246782694
2942,246782702
2943,246782704
2944,246782705
2945,246782714
2946,246782717
2947,246782728
2948,246782732
2949,246782734
2950,246782735
2951,246782737
2952,246782743
2953,246782752
2954,246782753
2955,246782754
2956,246782755
2957,246782756
2958,246782761
2959,246782767
2960,246782770
2961,246782771
2962,246782801
2963,246782803
2964,246782810
2965,246782811
2966,246782813
2967,246782814
2968,246782816
2969,246782818
2970,246782826
2971,246782837
2972,246782846
2973,246782849
2974,246782853
2975,246782854
2976,246782857
2977,246782858
2978,246782861
2979,246782862
2980,246782869
2981,246782872
2982,246782873
2983,246782878
2984,246782882
2985,246782883
2986,246782885
2987,246782897
2988,246782901
2989,246782909
2990,246782917
2991,246782925
2992,246782941
2993,246782943
2994,246782949
2995,246782950
2996,246782952
2997,246782953
2998,246782954
2999,246782956
3000,246782959
3001,246782960
3002,246782961
3003,246782964
3004,246782965
3005,246782967
3006,246782984
3007,246782985
3008,246782988
3009,246782992
3010,246782993
3011,246782995
3012,246782998
3013,246783001
3014,246783005
3015,246783006
3016,246783011
3017,246783012
3018,246783020
3019,246783032
3020,246783034
3021,246783035
3022,246783036
3023,246783043
3024,246783044
3025,246783047
3026,246783069
3027,246783071
3028,246783073
3029,246783085
3030,246783086
3031,246783087
3032,246783094
3033,246783095
3034,246783099
3035,246783102
3036,246783103
3037,246783104
3038,246783109
3039,246783110
3040,246783118
3041,246783133
3042,246783134
3043,246783136
3044,246783139
3045,246783221
3046,246783222
3047,246783228
3048,246783235
3049,246783241
3050,246783242
3051,246783243
3052,246783246
3053,246783248
3054,246783249
3055,246783269
3056,246783311
3057,246783341
3058,246783371
3059,246783402
3060,246783415
3061,246783471
3062,246783519
3063,246783540
3064,246783550
3065,246783611
3066,246783622
3067,246783639
3068,246783696
3069,246783719
3070,246783721
3071,246783722
3072,246783729
3073,246783758
3074,246783783
3075,246783788
3076,246783803
3077,246783806
3078,246783813
3079,246783821
3080,246783850
3081,246783858
3082,246783865
3083,246783869
3084,246783877
3085,246783881
3086,246783889
3087,246783892
3088,246783924
3089,246783937
3090,246783941
3091,246783955
3092,246783960
3093,246783963
3094,246783966
3095,246784100
3096,246784121
3097,246784130
3098,246784134
3099,246784142
3100,246784149
3101,246784153
3102,246784160
3103,246784197
3104,246784204
3105,246784222
3106,246784226
3107,246784244
3108,246784255
3109,246784266
3110,246784270
3111,246784292
3112,246784298
3113,246784315
3114,246784358
3115,246784365
3116,246784372
3117,246784376
3118,246784379
3119,246784410
3120,246784434
3121,246784444
3122,246784464
3123,246784467
3124,246784478
3125,246784503
3126,246784539
3127,246784544
3128,246784547
3129,246784555
3130,246784559
3131,246784575
3132,246784578
3133,246784582
3134,246784609
3135,246784622
3136,246784636
3137,246784664
3138,246784668
3139,246784671
3140,246784683
3141,246784687
3142,246784691
3143,246784699
3144,246784701
3145,246784702
3146,246784703
3147,246784705
3148,246784708
3149,246784812
3150,246784818
3151,246784820
3152,246784821
3153,246784855
3154,246784858
3155,246784859
3156,246784865
3157,246784866
3158,246784871
3159,246784875
3160,246784877
3161,246784881
3162,246784884
3163,246784885
3164,246784886
3165,246784891
3166,246784892
3167,246784894
3168,246784898
3169,246784903
3170,246784906
3171,246784908
3172,246784911
3173,246784992
3174,246784993
3175,246784995
3176,246802560
3177,246802561
3178,246802562
3179,246802564
3180,246803448
3181,246803449
3182,246803450
3183,246803451
3184,246803452
3185,246803453
3186,246803454
3187,246803456
3188,246803457
3189,246803458
3190,246803459
3191,246803461
3192,246803464
3193,246803467
3194,246803488
3195,246803490
3196,246803493
3197,246803494
3198,246803497
3199,246803498
3200,246803500
3201,246803501
3202,246803511
3203,246803523
3204,246803528
3205,246803532
3206,246803533
3207,247006382
3208,247006405
3209,247006424
3210,247006523
3211,247006530
3212,247006544
3213,247019251
3214,247019325
3215,247019352
3216,247019368
3217,247019444
3218,247019455
3219,247019460
3220,247019486
3221,247019496
3222,247019514
3223,247019519
3224,247019544
3225,247302298
3226,247302301
3227,247302309
3228,247302322
3229,247302324
3230,247302329
3231,247302336
3232,247302337
3233,247302345
3234,247302350
3235,247302365
3236,247302370
3237,247302375
3238,247302377
3239,247302382
3240,247302390
3241,247302392
3242,247302394
3243,247302399
3244,247302407
3245,247302462
3246,247302488
3247,247302498
3248,247302500
3249,247302522
3250,247302524
3251,247302530
3252,247302531
3253,247302535
3254,247302539
3255,247302544
3256,247302592
3257,247302621
3258,247302635
3259,247302639
3260,247302687
3261,247302688
3262,247302700
3263,247302702
3264,247302703
3265,247302705
3266,247302706
3267,247302707
3268,247302709
3269,247302715
3270,247302718
3271,247302720
3272,247302732
3273,247302741
3274,247302756
3275,247302758
3276,247302769
3277,247302772
3278,247302791
3279,247302825
3280,247302826
3281,247302829
3282,247302835
3283,247302842
3284,247302856
3285,247302858
3286,247302871
3287,247302877
3288,247302885
3289,247302886
3290,247302887
3291,247302902
3292,247302903
3293,247302906
3294,247302919
3295,247302943
3296,247302947
3297,247302950
3298,247302951
3299,247302954
3300,247302956
3301,247302962
3302,247302963
3303,247302964
3304,247302975
3305,247302985
3306,247302989
3307,247716777
3308,247717695
3309,247717774
3310,247717823
3311,247717828
3312,247717831
3313,247717842
3314,247717922
3315,247717923
3316,247717937
3317,247889406
3318,247889407
3319,247889408
3320,247889419
3321,247889420
3322,247889442
3323,247889475
3324,247889502
3325,247895486
3326,247895534
3327,247895565
3328,247895576
3329,247895600
3330,247895635
3331,248006953
3332,248006989
3333,248007009
3334,248007564
3335,248007764
3336,248007917
3337,248008197
3338,248008239
3339,248008926
3340,248009449
3341,248009873
3342,248009989
3343,248010072
3344,248010204
3345,248010225
3346,248010297
3347,248010400
3348,248010409
3349,248010411
3350,248010431
3351,248010434
3352,248010441
3353,248010448
3354,248010493
3355,248010494
3356,248010495
3357,248010497
3358,248010498
3359,248010502
3360,248010503
3361,248010504
3362,248010506
3363,248010508
3364,248010510
3365,248010533
3366,248010534
3367,248010539
3368,248010540
3369,248010541
3370,248010542
3371,248010544
3372,248010549
3373,248010550
3374,248010551
3375,248010552
3376,248010553
3377,248010555
3378,248010556
3379,248010558
3380,248010559
3381,248010560
3382,248010561
3383,248010562
3384,248010564
3385,248010565
3386,248010566
3387,248010567
3388,248010568
3389,248010570
3390,248010571
3391,248010572
3392,248010573
3393,248010574
3394,248010575
3395,248010576
3396,248010577
3397,248010583
3398,248010584
3399,248010586
3400,248010587
3401,248010589
3402,248010590
3403,248010591
3404,248010604
3405,248010615
3406,248010616
3407,248010617
3408,248010621
3409,248010622
3410,248010624
3411,248010625
3412,248010626
3413,248010627
3414,248010628
3415,248010629
3416,248010630
3417,248010631
3418,248010633
3419,248010634
3420,248010637
3421,248010639
3422,248010658
3423,248010659
3424,248010660
3425,248010661
3426,248010662
3427,249205000
3428,249205001
3429,249205003
3430,249205004
3431,249205013
3432,249205036
3433,249205039
3434,249205043
3435,249205045
3436,249205047
3437,249205065
3438,249205068
3439,249205069
3440,249205073
3441,249205074
3442,249205078
3443,249205080
3444,249205083
3445,249205086
3446,249205087
3447,249205088
3448,249205091
3449,249205092
3450,249205096
3451,249205102
3452,249205104
3453,249205106
3454,249205107
3455,249205133
3456,249205137
3457,249205138
3458,249205150
3459,249205151
3460,249205156
3461,249205159
3462,249205164
3463,249205168
3464,249205169
3465,249205170
3466,249205171
3467,249205173
3468,249205174
3469,249205176
3470,249205177
3471,249205178
3472,249205179
3473,249205181
3474,249205183
3475,249205185
3476,249205186
3477,249205188
3478,249205196
3479,249205199
3480,249205200
3481,249205201
3482,249205202
3483,249205204
3484,249205210
3485,249205213
3486,249205214
3487,249205216
3488,249205219
3489,249205225
3490,249225509
3491,249225533
3492,249225625
3493,249225630
3494,249225649
3495,249225660
3496,249225680
3497,249225686
3498,249225701
3499,249225706
3500,249225711
3501,249225716
3502,249225722
3503,249225730
3504,249225737
3505,249225743
3506,249225748
3507,249225755
3508,249225762
3509,249225770
3510,249226092
3511,249226107
3512,249226117
3513,249226128
3514,249226139
3515,249226149
3516,249226164
3517,249226181
3518,249226209
3519,249226286
3520,249226447
3521,249226635
3522,249226694
3523,249226697
3524,249226705
3525,249226727
3526,249226753
3527,249226763
3528,249226767
3529,249227027
3530,249227033
3531,249227038
3532,249227043
3533,249227063
3534,249247370
3535,249247425
3536,249247571
3537,249247576
3538,249247678
3539,249247762
3540,249247865
3541,249247908
3542,249248178
3543,249248183
3544,249248187
3545,249248228
3546,249248242
3547,249248271
3548,249248295
3549,249248315
3550,249248335
3551,249248397
3552,249248404
3553,249248434
3554,249248505
3555,249248506
3556,249248508
3557,249248525
3558,249248688
3559,249248702
3560,249248812
3561,249248814
3562,249248923
3563,249248943
3564,249248967
3565,249249033
3566,249249143
3567,249249388
3568,249249518
3569,249249526
3570,249249637
3571,249249639
3572,249249640
3573,249249666
3574,249249683
3575,249249705
3576,249249706
3577,249249707
3578,249249708
3579,249249709
3580,249249710
3581,249249711
3582,249249712
3583,249249717
3584,249249750
3585,249249852
3586,249249853
3587,249249854
3588,249249855
3589,249249856
3590,249249857
3591,249249858
3592,249249867
3593,249249868
3594,249249869
3595,249249908
3596,249249914
3597,249249961
3598,249249964
3599,249249969
3600,249249979
3601,249249981
3602,249249993
3603,249249996
3604,249250003
3605,249250006
3606,249250010
3607,249250011
3608,249250022
3609,249250023
3610,249250025
3611,249250026
3612,249250028
3613,250540808
3614,250540822
3615,250540896
3616,250540938
3617,250541016
3618,250541133
3619,250541176
3620,250541189
3621,250541324
3622,250541350
3623,250541421
3624,250541448
3625,250541491
3626,250541533
3627,250541574
3628,250541589
3629,250541616
3630,250541630
3631,250541644
3632,250541685
3633,250541766
3634,250541780
3635,250541844
3636,250541871
3637,250541898
3638,250541951
3639,250542082
3640,250542124
3641,250542214
3642,250542237
3643,250542679
3644,250542702
3645,250542723
3646,250542746
3647,250542881
3648,250542939
3649,250542964
3650,250543019
3651,250543032
3652,250543204
3653,250543276
3654,250543304
3655,250543312
3656,250543314
3657,250543326
3658,250543327
3659,250543335
3660,250543381
3661,250543383
3662,250543390
3663,250543399
3664,250543403
3665,250543426
3666,250543427
3667,250543434
3668,250543455
3669,250543457
3670,250543459
3671,250543473
3672,250543475
3673,250543497
3674,250543514
3675,250543532
3676,250543538
3677,250543543
3678,250543571
3679,250543604
3680,250543606
3681,250543608
3682,250543611
3683,250543614
3684,250543625
3685,250543634
3686,250543661
3687,250543665
3688,250543667
3689,250543668
3690,250543693
3691,250543694
3692,250543696
3693,250543703
3694,250543714
3695,250543716
3696,250543730
3697,250543736
3698,250543737
3699,250543742
3700,250543744
3701,250543745
3702,250543750
3703,250543751
3704,250543754
3705,250543755
3706,250543765
3707,250543766
3708,250543773
3709,250543786
3710,250543788
3711,250543839
3712,250543841
3713,250543846
3714,250543852
3715,250543866
3716,250543870
3717,250543878
3718,250543916
3719,250543920
3720,250543921
3721,250543934
3722,250543941
3723,250543944
3724,250543945
3725,250543957
3726,250543960
3727,250543961
3728,250543962
3729,250543965
3730,250543974
3731,250543976
3732,250543977
3733,250543979
3734,250543982
3735,250543987
3736,250544008
3737,250544014
3738,250544015
3739,250544016
3740,250544019
3741,250544031
3742,250544032
3743,250544036
3744,250544037
3745,250544038
3746,250544048
3747,250544052
3748,250544053
3749,250544055
3750,250544057
3751,250544065
3752,250544075
3753,250544077
3754,250544080
3755,250544082
3756,250544093
3757,250544096
3758,250544103
3759,250544111
3760,250544112
3761,250544113
3762,250544119
3763,250544122
3764,250544127
3765,250544128
3766,250544129
3767,250544130
3768,250544133
3769,250544134
3770,250544145
3771,250544149
3772,250544152
3773,250544183
3774,250544186
3775,250544196
3776,250544218
3777,250544224
3778,250544225
3779,250544251
3780,250544267
3781,250544277
3782,250544280
3783,250544282
3784,250544291
3785,250544296
3786,250544306
3787,250544314
3788,250544324
3789,250544325
3790,250544326
3791,250544330
3792,250544333
3793,250544338
3794,250544353
3795,250544355
3796,250544362
3797,250544372
3798,250544379
3799,250544380
3800,250544381
3801,250544393
3802,250544395
3803,250544404
3804,250544417
3805,250544424
3806,250544425
3807,250544427
3808,250544429
3809,250544444
3810,250544450
3811,250544453
3812,250544458
3813,250544462
3814,250544464
3815,250544476
3816,250544501
3817,250544532
3818,250544538
3819,250544540
3820,250544544
3821,250544547
3822,250544552
3823,250544558
3824,250544564
3825,250544569
3826,250544570
3827,250544572
3828,250544580
3829,250544589
3830,250544590
3831,250544592
3832,250544595
3833,250544602
3834,250544617
3835,250544621
3836,250544623
3837,250544626
3838,250544630
3839,250544632
3840,250544634
3841,250544636
3842,250544637
3843,250544641
3844,250544645
3845,250544646
3846,250544647
3847,250544651
3848,250544660
3849,250544662
3850,250544665
3851,250544666
3852,250544667
3853,250544669
3854,250544671
3855,250544694
3856,250544703
3857,250544706
3858,250544707
3859,250544713
3860,250544714
3861,250544718
3862,250544720
3863,250544729
3864,250544734
3865,250544737
3866,250544749
3867,250544754
3868,250544755
3869,250544763
3870,250544774
3871,250544793
3872,250544796
3873,250544799
3874,250544805
3875,250544825
3876,250544837
3877,250544850
3878,250544853
3879,250544930
3880,250544936
3881,250544958
3882,250544969
3883,250544978
3884,250544980
3885,250544983
3886,250544995
3887,250544996
3888,250545001
3889,250545003
3890,250545004
3891,250545008
3892,250545015
3893,250545019
3894,250545033
3895,250545042
3896,250545059
3897,250545064
3898,250545071
3899,250545074
3900,250545076
3901,250545078
3902,250545109
3903,250545111
3904,250545132
3905,250545159
3906,250545188
3907,250545195
3908,250545197
3909,250545201
3910,250545203
3911,250545204
3912,250545206
3913,250545223
3914,250545226
3915,250545260
3916,250545272
3917,250545274
3918,250545283
3919,250545284
3920,250545285
3921,250545292
3922,250545303
3923,250545304
3924,250545429
3925,250545431
3926,250545432
3927,250545444
3928,250545447
3929,250545464
3930,250545466
3931,250545467
3932,250545468
3933,250545479
3934,250545490
3935,250545496
3936,250545550
3937,250545611
3938,250545612
3939,250545618
3940,250545629
3941,250545637
3942,250545643
3943,250545656
3944,250545659
3945,250545660
3946,250545678
3947,250545679
3948,250545686
3949,250545687
3950,250545688
3951,250545695
3952,250545717
3953,250545726
3954,250545736
3955,250545758
3956,250545766
3957,250545780
3958,250545781
3959,250545784
3960,250545821
3961,250545852
3962,250545855
3963,250545858
3964,250545864
3965,250545888
3966,250545897
3967,250545937
3968,250545939
3969,250545941
3970,250545948
3971,250545957
3972,250545964
3973,250546002
3974,250546005
3975,250546016
3976,250546021
3977,250546026
3978,250546028
3979,250546031
3980,250546032
3981,250546034
3982,250546070
3983,250546071
3984,250546082
3985,250546092
3986,250546097
3987,250546134
3988,250546151
3989,250546171
3990,250546180
3991,250546187
3992,250546229
3993,250546230
3994,250546245
3995,250546258
3996,250546259
3997,250546260
3998,250546268
3999,250546278
4000,250546282
4001,250546288
4002,250546372
4003,250546378
4004,250546388
4005,250546390
4006,250546392
4007,250546393
4008,250546398
4009,250546399
4010,250546404
4011,250546405
4012,250546407
4013,250546415
4014,250546418
4015,250546419
4016,250546439
4017,250546441
4018,250546444
4019,250546445
4020,250546447
4021,250546449
4022,250546455
4023,250546458
4024,250546462
4025,250546466
4026,250546473
4027,250546483
4028,250546501
4029,250546878
4030,250546880
4031,250546882
4032,250546888
4033,250546890
4034,250546902
4035,250546906
4036,250546970
4037,250546977
4038,250546982
4039,250547005
4040,250547030
4041,250547032
4042,250547036
4043,250547049
4044,250547051
4045,250547056
4046,250547057
4047,250547069
4048,250547070
4049,250547072
4050,250547074
4051,250547077
4052,250547081
4053,250547088
4054,250547140
4055,250547144
4056,250547150
4057,250547152
4058,250547155
4059,250547198
4060,250547203
4061,250547212
4062,250547220
4063,250547230
4064,250547245
4065,250547250
4066,250547265
4067,250547267
4068,250547271
4069,250547279
4070,250547281
4071,250547288
4072,250547289
4073,250547290
4074,250547292
4075,250547294
4076,250547307
4077,250547309
4078,250547314
4079,250547315
4080,250547320
4081,250547331
4082,250547332
4083,250547353
4084,250547389
4085,250547404
4086,250547405
4087,250547453
4088,250547459
4089,250547460
4090,250547461
4091,250547473
4092,250652617
4093,251008168
4094,251008169
4095,251008170
4096,251010109
4097,251010112
4098,251010113
4099,251082033
4100,251082094
4101,251082118
4102,251082119
4103,251082129
4104,251082236
4105,251082241
4106,251082264
4107,251082265
4108,251082269
4109,251082273
4110,251082275
4111,251082278
4112,251082279
4113,251082280
4114,251082281
4115,251082284
4116,251082286
4117,251082288
4118,251082298
4119,251082299
4120,251082301
4121,251082367
4122,251082368
4123,251082374
4124,251082377
4125,251082378
4126,251082379
4127,251082431
4128,251082873
4129,251082910
4130,251082970
4131,251082973
4132,251082974
4133,251082976
4134,251082982
4135,251082987
4136,251082990
4137,251082996
4138,251082998
4139,251083038
4140,251083039
4141,251083057
4142,251083068
4143,251083072
4144,251083085
4145,251083087
4146,251083116
4147,251083117
4148,251083167
4149,251083169
4150,251083172
4151,251083173
4152,251083185
4153,251083188
4154,251083189
4155,251083190
4156,251083191
4157,251083214
4158,251083217
4159,251083222
4160,251083223
4161,251083232
4162,251083233
4163,251083238
4164,251083241
4165,251083243
4166,251083244
4167,251083249
4168,251083250
4169,251083251
4170,251083257
4171,251083258
4172,251083262
4173,251083264
4174,251083266
4175,251083276
4176,251083280
4177,251083282
4178,251083284
4179,251083285
4180,251083287
4181,251107667
4182,251107668
4183,251107699
4184,251107700
4185,251107702
4186,251107708
4187,251107709
4188,251107770
4189,251107799
4190,251107803
4191,251107805
4192,251107812
4193,251107875
4194,251107877
4195,251107911
4196,251107914
4197,251107937
4198,251107938
4199,251107948
4200,251107949
4201,251107953
4202,251107954
4203,251107956
4204,251107958
4205,251107960
4206,251107961
4207,251107968
4208,251108036
4209,251108038
4210,251108041
4211,251108045
4212,251108052
4213,251108055
4214,251108060
4215,251108104
4216,251108105
4217,251108124
4218,251108125
4219,251108163
4220,251108239
4221,251108240
4222,251108241
4223,251108242
4224,251108279
4225,251108280
4226,251108289
4227,251108291
4228,251108292
4229,251108294
4230,251108295
4231,251108298
4232,251108583
4233,251108587
4234,251108588
4235,251108628
4236,251108634
4237,251108645
4238,251108681
4239,251108683
4240,251108710
4241,251108942
4242,251108950
4243,251108956
4244,251108957
4245,251108959
4246,251108980
4247,251108981
4248,251109014
4249,251109015
4250,251109016
4251,251109239
4252,251109278
4253,251109439
4254,251109440
4255,251109441
4256,251109444
4257,251109446
4258,251109465
4259,251109470
4260,251109473
4261,251109505
4262,251109506
4263,251109509
4264,251109554
4265,251327409
4266,251327411
4267,251327415
4268,251327417
4269,251327418
4270,251327424
4271,251327437
4272,251327445
4273,251327446
4274,251327447
4275,251327450
4276,251327456
4277,251327457
4278,251327460
4279,251327489
4280,251327496
4281,251327497
4282,251327503
4283,251327516
4284,251327521
4285,251327525
4286,251327526
4287,251327527
4288,251327529
4289,251327531
4290,251328377
4291,251328406
4292,251328407
4293,251328408
4294,251328409
4295,251328410
4296,251328417
4297,251328418
4298,251328419
4299,251328420
4300,251328421
4301,251328423
4302,251328425
4303,251328426
4304,251328427
4305,251472580
4306,251472589
4307,251472593
4308,251472622
4309,251472627
4310,251472631
4311,251472632
4312,251472633
4313,251472635
4314,251472637
4315,251472659
4316,251472661
4317,251472702
4318,251472703
4319,251472704
4320,251472707
4321,251472708
4322,251472709
4323,251472710
4324,251472712
4325,251472713
4326,251472717
4327,251472720
4328,251472721
4329,251472743
4330,251587422
4331,251587429
4332,251587432
4333,251587437
4334,251587442
4335,251587446
4336,251587473
4337,251587477
4338,251587480
4339,251587506
4340,251587510
4341,251587512
4342,251587513
4343,251587514
4344,251587516
4345,251587517
4346,251587524
4347,251587537
4348,251587538
4349,251587567
4350,251587568
4351,251587569
4352,251587571
4353,251587578
4354,251587583
4355,251587590
4356,251587591
4357,251587594
4358,251587595
4359,251587598
4360,251587599
4361,251587601
4362,251587603
4363,251587604
4364,251587605
4365,251587608
4366,251587609
4367,251587611
4368,251587656
4369,251587663
4370,251587676
4371,251587686
4372,251587700
4373,251587701
4374,251587702
4375,251587726
4376,251587769
4377,251587772
4378,251587792
4379,251587794
4380,251587808
4381,251587810
4382,251587822
4383,251587823
4384,251587827
4385,251587829
4386,251587831
4387,251587842
4388,251587851
4389,251587853
4390,251587868
4391,251587879
4392,251587882
4393,251587883
4394,251587884
4395,251587886
4396,251587889
4397,251587891
4398,251587903
4399,251587913
4400,251587914
4401,251587915
4402,251587921
4403,251587932
4404,251587933
4405,251587934
4406,251587935
4407,251587938
4408,251587940
4409,251587941
4410,251587942
4411,251587950
4412,251587952
4413,251587953
4414,251587957
4415,251587959
4416,251587968
4417,251587969
4418,251587976
4419,251587980
4420,251587991
4421,251588009
4422,251588016
4423,251588017
4424,251588018
4425,251588023
4426,251588024
4427,251588025
4428,251588032
4429,251588033
4430,251588035
4431,251588037
4432,251588039
4433,251588049
4434,251588050
4435,251588051
4436,251588052
4437,251588056
4438,251588058
4439,251588060
4440,251588064
4441,251588066
4442,251588068
4443,251588076
4444,251588077
4445,251588079
4446,251588081
4447,251588084
4448,251588090
4449,251588100
4450,251588102
4451,251588106
4452,251588108
4453,251588111
4454,251588115
4455,251588116
4456,251588120
4457,251588121
4458,251588125
4459,251588126
4460,251588137
4461,251588150
4462,251588173
4463,251588175
4464,251588176
4465,251588178
4466,251588180
4467,251588191
4468,251588192
4469,251588195
4470,251588202
4471,251588216
4472,251588220
4473,251588222
4474,251588225
4475,251588226
4476,251588227
4477,251588230
4478,251588241
4479,251588242
4480,251588243
4481,251588254
4482,251588261
4483,251588274
4484,251588275
4485,251588276
4486,251588278
4487,251588282
4488,251588288
4489,251588301
4490,251588309
4491,251588313
4492,251588314
4493,251588316
4494,251588330
4495,251588331
4496,251588333
4497,251588360
4498,251588362
4499,251588365
4500,251588375
4501,251588377
4502,251588379
4503,251588387
4504,251588389
4505,251588390
4506,251588426
4507,251588430
4508,251588431
4509,251588432
4510,251588434
4511,251588437
4512,251588438
4513,251588446
4514,251588450
4515,251588452
4516,251588453
4517,251588455
4518,251588458
4519,251588460
4520,251588462
4521,251588464
4522,251588466
4523,251588474
4524,251588475
4525,251588477
4526,251588478
4527,251588496
4528,251588510
4529,251588517
4530,251588521
4531,251588523
4532,251588524
4533,251588539
4534,251588543
4535,251588545
4536,251588558
4537,251588565
4538,251588566
4539,251588568
4540,251588570
4541,251588571
4542,251588572
4543,251588575
4544,251588581
4545,251588583
4546,251588617
4547,251588621
4548,251588623
4549,251588631
4550,251588641
4551,251588642
4552,251588645
4553,251588653
4554,251588658
4555,251588662
4556,251588665
4557,251588671
4558,251588672
4559,251588675
4560,251588676
4561,251588677
4562,251588681
4563,251588683
4564,251588697
4565,251588705
4566,251588709
4567,251588712
4568,251588720
4569,251621441
4570,251621445
4571,251621456
4572,251621460
4573,251621474
4574,251621478
4575,251621489
4576,251621492
4577,251621496
4578,251621502
4579,251621509
4580,251621519
4581,251621536
4582,251621576
4583,251621582
4584,251621599
4585,251621613
4586,251621637
4587,251621649
4588,251621745
4589,251621766
4590,251621833
4591,251621911
4592,251621939
4593,251622216
4594,251622369
4595,251622604
4596,251622682
4597,251622768
4598,251622791
4599,251622894
4600,251622930
4601,251622950
4602,251622966
4603,251622970
4604,251622974
4605,251622992
4606,251623070
4607,251623139
4608,251623144
4609,251623147
4610,251623158
4611,251623165
4612,251623169
4613,251623173
4614,251623176
4615,251623183
4616,251623194
4617,251623198
4618,251623201
4619,251623205
4620,251623216
4621,251623227
4622,251623234
4623,251623241
4624,251623252
4625,251623257
4626,251623261
4627,251623264
4628,251623271
4629,251623275
4630,251623281
4631,251623306
4632,251623334
4633,251623346
4634,251623354
4635,251623361
4636,251623372
4637,251623376
4638,251623379
4639,251623390
4640,251623397
4641,251623401
4642,251623408
4643,251623412
4644,251623416
4645,251623427
4646,251623434
4647,251623445
4648,251623449
4649,251623460
4650,251623463
4651,251623479
4652,251623489
4653,251623498
4654,251623501
4655,251623505
4656,251623508
4657,251623512
4658,251623516
4659,251623519
4660,251623527
4661,251623530
4662,251623534
4663,251623545
4664,251623555
4665,251623574
4666,251623578
4667,251623594
4668,251623597
4669,251623601
4670,251623604
4671,251623612
4672,251623616
4673,251623619
4674,251623625
4675,251623629
4676,251623641
4677,251623644
4678,251623652
4679,251623655
4680,251623663
4681,251623666
4682,251623668
4683,251623670
4684,251623672
4685,251623680
4686,251623681
4687,251623682
4688,251623683
4689,251623697
4690,251623699
4691,251623703
4692,251623704
4693,251623705
4694,251623712
4695,251623716
4696,251623717
4697,251623720
4698,251623721
4699,251623727
4700,251623732
4701,251623739
4702,251623740
4703,251623741
4704,251623743
4705,251623744
4706,251623745
4707,251623757
4708,251623776
4709,251623777
4710,251623778
4711,251623789
4712,251623808
4713,251623820
4714,251623843
4715,251623846
4716,251623848
4717,251623852
4718,251623867
4719,251623871
4720,251623873
4721,251623877
4722,251623880
4723,251623882
4724,251623885
4725,251623887
4726,251623888
4727,251623889
4728,251623905
4729,251623932
4730,251623945
4731,251623964
4732,251623965
4733,251623967
4734,251623968
4735,251623970
4736,251623971
4737,251623974
4738,251623976
4739,251623977
4740,251623978
4741,251623979
4742,251623982
4743,251623983
4744,251623984
4745,251623985
4746,251623990
4747,251623994
4748,251623998
4749,251624000
4750,251624002
4751,251624003
4752,251624006
4753,251624007
4754,251624009
4755,251624010
4756,251624011
4757,251624013
4758,251624014
4759,251624028
4760,251624029
4761,251624034
4762,251624035
4763,251624038
4764,251624039
4765,251624041
4766,251624042
4767,251624047
4768,251624057
4769,251624097
4770,251624124
4771,251624142
4772,251624179
4773,252176253
4774,252176425
4775,252176433
4776,252176495
4777,252176530
4778,252176531
4779,252176666
4780,252176795
4781,252178405
4782,252178791
4783,252842886
4784,252842887
4785,252842894
4786,252842930
4787,252842935
4788,252842945
4789,252842958
4790,252842961
4791,252842962
4792,252842963
4793,252842964
4794,252842965
4795,252842966
4796,252842967
4797,252842971
4798,252842994
4799,252842995
4800,252842996
4801,252842997
4802,252842998
4803,252842999
4804,252843002
4805,252843035
4806,252843036
4807,252843038
4808,252843050
4809,252843481
4810,252843483
4811,252843484
4812,252843485
4813,252843486
4814,252843488
4815,252843492
4816,252843493
4817,252843502
4818,252843577
4819,252843623
4820,252843624
4821,252843627
4822,252843628
4823,252843630
4824,252843631
4825,252843632
4826,252843639
4827,252843656
4828,252843690
4829,252843703
4830,252843704
4831,252843708
4832,252843734
4833,252843735
4834,252843738
4835,252843745
4836,252843756
4837,252843758
4838,252843760
4839,252843765
4840,252843772
4841,252843777
4842,252843784
4843,252843787
4844,252843789
4845,252843790
4846,252843793
4847,252843801
4848,252843802
4849,252843803
4850,252843804
4851,252843805
4852,252843806
4853,252843807
4854,252843811
4855,252843812
4856,252843816
4857,252843817
4858,252843830
4859,252843831
4860,252843836
4861,252843837
4862,252843838
4863,252843839
4864,252843841
4865,252843842
4866,252843843
4867,252843844
4868,252843845
4869,252843849
4870,252843850
4871,252843851
4872,252843852
4873,252843853
4874,252843854
4875,252843855
4876,252843856
4877,252843860
4878,252843861
4879,252843863
4880,252843864
4881,252843865
4882,252843866
4883,252843867
4884,252843868
4885,252843872
4886,252843890
4887,252843891
4888,252843896
4889,252843900
4890,252843908
4891,252843913
4892,252843923
4893,252843924
4894,252843925
4895,252843928
4896,252843929
4897,252843930
4898,252843938
4899,252843941
4900,252843942
4901,252843947
4902,252843948
4903,252843951
4904,252843956
4905,252843957
4906,252843958
4907,252843962
4908,252843972
4909,252843979
4910,252843990
4911,252844000
4912,252844002
4913,252844019
4914,252844020
4915,252844021
4916,252844022
4917,252844028
4918,252844029
4919,252844030
4920,252844031
4921,252844032
4922,252844034
4923,252844035
4924,252844042
4925,252844069
4926,252844076
4927,252844079
4928,252844093
4929,252844094
4930,252844122
4931,252844127
4932,252844134
4933,252844140
4934,252844143
4935,252844144
4936,252844145
4937,252844150
4938,252844151
4939,252844157
4940,252844158
4941,252844160
4942,252844161
4943,252844162
4944,252844163
4945,252844214
4946,252844235
4947,252844236
4948,252844237
4949,252844238
4950,252844239
4951,252844240
4952,252844251
4953,252844260
4954,252844263
4955,252844266
4956,252844267
4957,252844268
4958,252844274
4959,252844278
4960,252844280
4961,252844281
4962,252844282
4963,252844301
4964,252844302
4965,252844303
4966,252844306
4967,252844319
4968,253180485
4969,253180486
4970,253180487
4971,253180489
4972,253180499
4973,253180501
4974,253180508
4975,253180515
4976,253180519
4977,253180521
4978,253180532
4979,253180539
4980,253180542
4981,253180544
4982,253180546
4983,253180567
4984,253180576
4985,253180577
4986,253180578
4987,253180642
4988,253180645
4989,253180653
4990,253180664
4991,253180665
4992,253180679
4993,253180681
4994,253180741
4995,253180746
4996,253180756
4997,253180760
4998,253180761
4999,253180768
5000,253180770
5001,253180772
5002,253180774
5003,253180779
5004,253180781
5005,253180786
5006,253180787
5007,253180795
5008,253180804
5009,253180808
5010,253180838
5011,253180916
5012,253180926
5013,253180975
5014,253180976
5015,253180986
5016,253181006
5017,253181008
5018,253181019
5019,253181055
5020,253181065
5021,253181069
5022,253181072
5023,253181076
5024,253181097
5025,253181101
5026,253181106
5027,253181107
5028,253181108
5029,253181109
5030,253181110
5031,253181112
5032,253181124
5033,253181176
5034,253181198
5035,253181254
5036,253181263
5037,253181265
5038,253181269
5039,253181287
5040,253181294
5041,253181298
5042,253181355
5043,253181418
5044,253181465
5045,253181469
5046,253181475
5047,253181522
5048,253181526
5049,253181535
5050,253181536
5051,253181695
5052,253181703
5053,253183432
5054,253183436
5055,253183501
5056,253184961
5057,253184962
5058,253184963
5059,253184964
5060,253184968
5061,253184971
5062,253184972
5063,253184973
5064,253184975
5065,253184976
5066,253184985
5067,253184988
5068,253184989
5069,253184993
5070,253184994
5071,253184995
5072,253184997
5073,253184999
5074,253185006
5075,253185007
5076,253185019
5077,253185035
5078,253185042
5079,253185070
5080,253185091
5081,253185098
5082,253185141
5083,253185148
5084,253185163
5085,253185182
5086,253185225
5087,253185247
5088,253185295
5089,253185337
5090,253185360
5091,253185404
5092,253185427
5093,253185446
5094,253185467
5095,253185492
5096,253185517
5097,253185535
5098,253185536
5099,253185541
5100,253185548
5101,253185560
5102,253185602
5103,253185640
5104,253185656
5105,253185664
5106,253185677
5107,253185678
5108,253185681
5109,253297867
5110,254901853
5111,254901854
5112,254901857
5113,254901858
5114,254901865
5115,254901869
5116,254901871
5117,254901872
5118,254901877
5119,254901881
5120,254901886
5121,254901887
5122,254901891
5123,254901901
5124,254901904
5125,254901905
5126,254901907
5127,254901909
5128,256213846
5129,256213850
5130,256213853
5131,256213855
5132,256213879
5133,256213912
5134,256214091
5135,256214094
5136,256214103
5137,256214107
5138,256214108
5139,256214112
5140,256214119
5141,256214366
5142,256214367
5143,256214368
5144,256214372
5145,256214374
5146,256214377
5147,256214379
5148,256214484
5149,256214494
5150,256214495
5151,256214501
5152,256214502
5153,256214504
5154,256214563
5155,256214614
5156,256214654
5157,256214660
5158,256214661
5159,256214662
5160,256214715
5161,256214716
5162,256214717
5163,256214720
5164,256214722
5165,256214751
5166,256214752
5167,256214754
5168,256214757
5169,256214758
5170,256214759
5171,256214761
5172,256214762
5173,256214764
5174,256214765
5175,256214767
5176,256214772
5177,256214773
5178,256214774
5179,256214775
5180,256214799
5181,256214800
5182,256214810
5183,256214828
5184,256214829
5185,256214830
5186,256214898
5187,256215018
5188,256215019
5189,256215020
5190,256215021
5191,257178807
5192,257178814
5193,257178815
5194,257178816
5195,257178817
5196,257178819
5197,257178820
5198,257178821
5199,257178822
5200,257178824
5201,257178825
5202,257178828
5203,257178834
5204,257178835
5205,257178836
5206,257178838
5207,257178839
5208,257178840
5209,257178842
5210,257178843
5211,257178844
5212,257178845
5213,257178847
5214,257178850
5215,257178853
5216,257178861
5217,257178862
5218,257178875
5219,257178883
5220,257178900
5221,257178912
5222,257178922
5223,257178923
5224,257178932
5225,257178934
5226,257178935
5227,257178936
5228,257178937
5229,257178938
5230,257178939
5231,257178940
5232,257178954
5233,257178955
5234,257178958
5235,257178959
5236,257178960
5237,257178969
5238,257178970
5239,257178972
5240,257178977
5241,258486299
5242,258776816
5243,258776872
5244,259135455
5245,259135460
5246,259135463
5247,259135466
5248,259136057
5249,259136063
5250,259136068
5251,259136073
5252,259136087
5253,259136092
5254,259136136
5255,259136144
5256,259136155
5257,259136158
5258,259136163
5259,259136175
5260,259136177
5261,259136199
5262,259136213
5263,259136221
5264,259136224
5265,259136227
5266,259136234
5267,259136237
5268,259136240
5269,259136242
5270,259136257
5271,259136260
5272,259136268
5273,259136284
5274,259136307
5275,259136310
5276,259136316
5277,259136318
5278,259136319
5279,259136321
5280,259136322
5281,259136326
5282,259174204
5283,259174207
5284,259174226
5285,259174228
5286,259174242
5287,259174262
5288,259174273
5289,259174281
5290,259174294
5291,259174298
5292,259174301
5293,259174302
5294,259174303
5295,259174305
5296,259174341
5297,259174351
5298,259174354
5299,259174361
5300,259174365
5301,259174429
5302,259174441
5303,259174443
5304,259347500
5305,259347629
5306,259347640
5307,259347672
5308,259347706
5309,259347737
5310,259347748
5311,259347794
5312,259347938
5313,259347961
5314,259348039
5315,259348050
5316,259348081
5317,259348137
5318,259348193
5319,259348266
5320,259348277
5321,259348321
5322,259348360
5323,259348427
5324,259348449
5325,259348520
5326,259348531
5327,259348568
5328,259348580
5329,259348678
5330,259348758
5331,259348909
5332,259349006
5333,259349033
5334,259349275
5335,259349296
5336,259349387
5337,259349446
5338,259349487
5339,259349757
5340,259349906
5341,259350069
5342,259350080
5343,259350117
5344,259350128
5345,259350186
5346,259350212
5347,259350244
5348,259350256
5349,259350303
5350,259350350
5351,259350519
5352,259350713
5353,259350736
5354,259350769
5355,259350911
5356,259351009
5357,259351021
5358,259351032
5359,259351056
5360,259351153
5361,259351163
5362,259351184
5363,259351274
5364,259351280
5365,259351285
5366,259351330
5367,259351387
5368,259351409
5369,259351509
5370,259351521
5371,259351545
5372,259351557
5373,259351592
5374,259351616
5375,259351662
5376,259351679
5377,259352827
5378,259352890
5379,259352939
5380,259352962
5381,259352973
5382,259352984
5383,259352995
5384,259353006
5385,259353018
5386,259353028
5387,259353039
5388,259353089
5389,259353129
5390,259353142
5391,259353164
5392,259353176
5393,259353198
5394,260364741
5395,260364742
5396,260737029
5397,260737037
5398,260740442
5399,260740447
5400,260740449
5401,260740454
5402,260740456
5403,260740457
5404,260740459
5405,260740460
5406,260740461
5407,260740462
5408,260740473
5409,260740481
5410,260740483
5411,260740484
5412,260740489
5413,260740491
5414,260740492
5415,260740493
5416,260740494
5417,260740496
5418,260740497
5419,260740498
5420,260740499
5421,260740502
5422,260740503
5423,260740555
5424,260740556
5425,260740558
5426,260740561
5427,260740577
5428,260740642
5429,260895487
5430,260895490
5431,260895534
5432,260895542
5433,260895545
5434,260895639
5435,260895646
5436,260895691
5437,260895699
5438,260895703
5439,260895708
5440,260895710
5441,260895749
5442,260895751
5443,260895764
5444,260895766
5445,260895771
5446,260895775
5447,260895788
5448,260895791
5449,260895807
5450,260895811
5451,260895816
5452,260895818
5453,260895820
5454,260895822
5455,260895826
5456,260895831
5457,260895835
5458,260895842
5459,260895849
5460,260895861
5461,260895863
5462,260895866
5463,260895882
5464,260895890
5465,260895897
5466,260895914
5467,260895916
5468,260895921
5469,260895925
5470,260895929
5471,260895933
5472,260895940
5473,260895946
5474,260895962
5475,260895981
5476,260895993
5477,260895999
5478,260896003
5479,260896017
5480,260896026
5481,260896030
5482,260896048
5483,260896062
5484,260896072
5485,260896075
5486,260896078
5487,260896085
5488,260896091
5489,260896100
5490,260896104
5491,260896154
5492,260896184
5493,260896201
5494,260896204
5495,260896220
5496,260896222
5497,260896224
5498,260896229
5499,260896258
5500,260896269
5501,260896272
5502,260896294
5503,260896304
5504,260896307
5505,260896356
5506,260896362
5507,260896367
5508,260896385
5509,260896395
5510,260896401
5511,260896423
5512,260896428
5513,260896434
5514,260896475
5515,260896501
5516,260896544
5517,260896552
5518,260896587
5519,260896623
5520,260896648
5521,260896665
5522,260896692
5523,260896713
5524,260896737
5525,260896776
5526,260896783
5527,260896840
5528,260896863
5529,260896870
5530,260896894
5531,260896901
5532,260896905
5533,260896907
5534,260896920
5535,260896926
5536,260896933
5537,260896943
5538,260896946
5539,260896948
5540,260896953
5541,260896974
5542,260897024
5543,260897027
5544,260897043
5545,260897045
5546,260897056
5547,260897058
5548,260897063
5549,260897065
5550,260897070
5551,260897089
5552,260897096
5553,260897104
5554,260897111
5555,260897118
5556,260897122
5557,260897124
5558,260897129
5559,260897133
5560,260897145
5561,260897147
5562,260897151
5563,260897164
5564,260897166
5565,260897187
5566,260897189
5567,260897195
5568,260897204
5569,260897221
5570,260897226
5571,260897254
5572,260897256
5573,260897260
5574,260897270
5575,260897272
5576,260897276
5577,260897283
5578,260897289
5579,260897301
5580,260897313
5581,260897357
5582,260897363
5583,260897369
5584,260897374
5585,260897476
5586,260897488
5587,260897569
5588,260897593
5589,260897612
5590,260897630
5591,260897643
5592,260897656
5593,260897668
5594,260897692
5595,260897724
5596,260897731
5597,260897747
5598,260897762
5599,260897770
5600,260897774
5601,260897776
5602,260897783
5603,260897796
5604,260897804
5605,260897812
5606,260897818
5607,260897825
5608,260897838
5609,260897845
5610,260897847
5611,260897853
5612,260897864
5613,260897868
5614,260897873
5615,260897879
5616,260897918
5617,260897920
5618,260897927
5619,260897940
5620,260897949
5621,260897955
5622,260897962
5623,260898004
5624,260898015
5625,260898022
5626,260898036
5627,260898085
5628,260898150
5629,260898154
5630,260898159
5631,260898187
5632,260898189
5633,260898198
5634,260898214
5635,260898235
5636,260898252
5637,260898259
5638,260898266
5639,260898270
5640,260898282
5641,260898286
5642,260898300
5643,260898307
5644,260898338
5645,260898358
5646,260898372
5647,260898383
5648,260898399
5649,260898403
5650,260898414
5651,260898418
5652,260898423
5653,260898429
5654,260898448
5655,260898455
5656,260898459
5657,260898463
5658,260898467
5659,260898470
5660,260898472
5661,260898476
5662,260898487
5663,260898491
5664,260898495
5665,260898500
5666,260898502
5667,260898515
5668,260898525
5669,260898536
5670,260898542
5671,260898558
5672,260898586
5673,260898597
5674,260898603
5675,260898605
5676,260898634
5677,260898636
5678,260898638
5679,260898641
5680,260898643
5681,260898651
5682,260898662
5683,260898664
5684,260898666
5685,260898668
5686,260898677
5687,260898700
5688,260898703
5689,260898705
5690,260898728
5691,260898748
5692,260898753
5693,260898757
5694,260898759
5695,260898762
5696,260898764
5697,260898779
5698,260898798
5699,260898806
5700,260898819
5701,260898840
5702,260898849
5703,260898866
5704,260898872
5705,260898909
5706,260898942
5707,260898965
5708,260898973
5709,260899022
5710,260899039
5711,260899055
5712,260899072
5713,260899081
5714,260899162
5715,260899169
5716,260899194
5717,260899233
5718,260899257
5719,260899262
5720,260899274
5721,260899278
5722,260899286
5723,260899294
5724,260899303
5725,260899315
5726,260899319
5727,260899328
5728,260899335
5729,260899339
5730,260899352
5731,260899363
5732,260899368
5733,260899380
5734,260899411
5735,260899427
5736,260899433
5737,260899437
5738,260899457
5739,260899465
5740,260899468
5741,260899481
5742,260899485
5743,260899497
5744,260899585
5745,260899594
5746,260899601
5747,260899603
5748,260899633
5749,260899642
5750,260899644
5751,260899655
5752,260899661
5753,260899688
5754,260899695
5755,260899704
5756,260899717
5757,260899726
5758,260899737
5759,260899739
5760,260899753
5761,260899770
5762,260899772
5763,260899779
5764,260899784
5765,260899789
5766,260899797
5767,260899804
5768,260899806
5769,260899808
5770,260899811
5771,260899813
5772,260899820
5773,260899825
5774,260899855
5775,260899867
5776,260899869
5777,260899873
5778,260899875
5779,260899878
5780,260899880
5781,260899882
5782,260899886
5783,260899889
5784,260899891
5785,260899900
5786,260899907
5787,260899909
5788,260899918
5789,260899924
5790,260899929
5791,260899931
5792,260899933
5793,260899937
5794,260899944
5795,260899947
5796,260899995
5797,260900003
5798,260900006
5799,260900036
5800,260900181
5801,260900259
5802,260900265
5803,260900278
5804,260900284
5805,260900290
5806,260900317
5807,260900320
5808,260900324
5809,260900326
5810,260900328
5811,260900331
5812,260900333
5813,260900339
5814,260900458
5815,260900477
5816,260900481
5817,260900483
5818,260900493
5819,260900504
5820,260900506
5821,260900508
5822,260900510
5823,260900523
5824,260900528
5825,260900536
5826,260900568
5827,260900584
5828,260900619
5829,260900624
5830,260900626
5831,260900631
5832,260900633
5833,260900639
5834,260900644
5835,260900646
5836,260900661
5837,260900664
5838,260900677
5839,260900686
5840,260900689
5841,260900693
5842,260900700
5843,260900702
5844,260900709
5845,260900724
5846,260900741
5847,260900750
5848,260900754
5849,260900757
5850,260900759
5851,260900762
5852,260900775
5853,260900781
5854,260900784
5855,260900786
5856,260900797
5857,260900845
5858,260900856
5859,260900865
5860,260900876
5861,260900878
5862,260900882
5863,260900884
5864,260900889
5865,260900891
5866,260900893
5867,260900901
5868,260900919
5869,260900923
5870,260900927
5871,260900930
5872,260900991
5873,260900994
5874,260900996
5875,260901000
5876,260901005
5877,260901007
5878,260901009
5879,260901011
5880,260901013
5881,260901079
5882,260901086
5883,260901123
5884,260901127
5885,260901129
5886,260901134
5887,260901136
5888,260901149
5889,260901156
5890,260901162
5891,260901164
5892,260901167
5893,260901180
5894,260901182
5895,260901191
5896,260901193
5897,260901199
5898,260901202
5899,260901208
5900,260901213
5901,260901215
5902,260901237
5903,260901241
5904,260901249
5905,260901253
5906,260901256
5907,260901258
5908,260901261
5909,260901270
5910,260901272
5911,260901293
5912,260901295
5913,260901297
5914,260901318
5915,260901321
5916,260901348
5917,260901355
5918,260901437
5919,260901443
5920,260901448
5921,260901450
5922,260901452
5923,260901457
5924,260901459
5925,260901505
5926,260901528
5927,260901535
5928,260901544
5929,260901572
5930,260901584
5931,260901651
5932,260901664
5933,260901759
5934,260901766
5935,260901831
5936,260901837
5937,260901840
5938,260901848
5939,260901853
5940,260901862
5941,260901922
5942,260901935
5943,260901938
5944,260901943
5945,260901945
5946,260901948
5947,260901979
5948,260901981
5949,260901983
5950,260901988
5951,260901998
5952,260902015
5953,260902029
5954,260902031
5955,260902034
5956,260902036
5957,260902038
5958,260902041
5959,260902043
5960,260902045
5961,260902059
5962,260902061
5963,260902063
5964,260902065
5965,260902068
5966,260902074
5967,260902077
5968,260902081
5969,260902086
5970,260902088
5971,260902095
5972,260902097
5973,260902099
5974,260902106
5975,260902108
5976,260902119
5977,260902121
5978,260902123
5979,260902130
5980,260902132
5981,260902134
5982,260902144
5983,260902148
5984,260902172
5985,260902184
5986,260902192
5987,260902196
5988,260902212
5989,260902237
5990,260902249
5991,260902315
5992,260902327
5993,260902331
5994,260902333
5995,260902339
5996,260902341
5997,260902344
5998,260902346
5999,260902348
6000,260902352
6001,260902354
6002,260902446
6003,260902548
6004,260902555
6005,260902590
6006,260902594
6007,260902601
6008,260902603
6009,260902623
6010,260902673
6011,260902676
6012,260902686
6013,260902720
6014,260902726
6015,260902729
6016,260902731
6017,260902733
6018,260902737
6019,260902740
6020,260902759
6021,260902781
6022,260902783
6023,260902785
6024,260902787
6025,260902804
6026,260902806
6027,260902808
6028,260902810
6029,260902830
6030,260902854
6031,260902865
6032,260902872
6033,260902874
6034,260902900
6035,260902902
6036,260902905
6037,260902909
6038,260902911
6039,260902913
6040,260902916
6041,260902920
6042,260902922
6043,260902933
6044,260902939
6045,260902946
6046,260902970
6047,260902987
6048,260903006
6049,260903011
6050,260903012
6051,260903014
6052,260903021
6053,260903023
6054,260903025
6055,260903027
6056,260903029
6057,260903034
6058,260903095
6059,260903218
6060,260903225
6061,260903234
6062,260903236
6063,260903238
6064,260903240
6065,260903242
6066,260903245
6067,260903247
6068,260903249
6069,260903254
6070,260903256
6071,260903258
6072,260903260
6073,260903262
6074,260903265
6075,260903267
6076,260903269
6077,260903271
6078,260903273
6079,260903275
6080,260903278
6081,260903290
6082,260903292
6083,260903294
6084,260903297
6085,260903301
6086,260903310
6087,260903312
6088,260903314
6089,260903316
6090,260903319
6091,260903323
6092,260903325
6093,260903327
6094,260903330
6095,260903332
6096,260903334
6097,260903336
6098,260903338
6099,260903343
6100,260903347
6101,260903349
6102,260903354
6103,260903356
6104,260903360
6105,260903362
6106,260903367
6107,260903369
6108,260903376
6109,260903378
6110,260903380
6111,260903382
6112,260903387
6113,260903389
6114,260903393
6115,260903396
6116,260903398
6117,260903400
6118,260903404
6119,260903407
6120,260903418
6121,260903420
6122,260903422
6123,260903429
6124,260903431
6125,260903435
6126,260903440
6127,260903442
6128,260903444
6129,260903449
6130,260903451
6131,260903453
6132,260903455
6133,260903457
6134,260903460
6135,260903464
6136,260903466
6137,260903471
6138,260903473
6139,260903477
6140,260903479
6141,260903485
6142,260903487
6143,260903499
6144,260903501
6145,260903505
6146,260903508
6147,260903512
6148,260903514
6149,260903516
6150,260903519
6151,260903523
6152,260903556
6153,260903558
6154,260903560
6155,260903563
6156,260903569
6157,260903571
6158,260903574
6159,260903576
6160,260903578
6161,260903580
6162,260903582
6163,260903584
6164,260903586
6165,260903589
6166,260903591
6167,260903593
6168,260903597
6169,260903599
6170,260903602
6171,260903624
6172,260903835
6173,260903841
6174,260903859
6175,260903871
6176,260903877
6177,260903882
6178,260903886
6179,260903891
6180,260903893
6181,260903895
6182,260903897
6183,260903899
6184,260903902
6185,260903904
6186,260903906
6187,260903908
6188,260903915
6189,260903917
6190,260903919
6191,260903921
6192,260903924
6193,260903928
6194,260903930
6195,260903937
6196,260903939
6197,260903941
6198,260903943
6199,260904061
6200,260904063
6201,260904068
6202,260904070
6203,260904087
6204,260904100
6205,260904104
6206,260904109
6207,260904121
6208,260904124
6209,260904130
6210,260904133
6211,260904135
6212,260904139
6213,260904152
6214,260904165
6215,260904188
6216,260904197
6217,260904208
6218,260904240
6219,260904271
6220,260904273
6221,260904282
6222,260904284
6223,260904286
6224,260904288
6225,260904293
6226,260904295
6227,260904297
6228,260904302
6229,260904308
6230,260904313
6231,260904315
6232,260904317
6233,260904319
6234,260904321
6235,260904340
6236,260904344
6237,260904349
6238,260904351
6239,260904353
6240,260904355
6241,260904360
6242,260904364
6243,260904368
6244,260904381
6245,260904403
6246,260904405
6247,260904502
6248,260904505
6249,260904521
6250,260904524
6251,260904532
6252,260904535
6253,260904539
6254,260904541
6255,260904546
6256,260904555
6257,260904560
6258,260904562
6259,260904564
6260,260904582
6261,260904592
6262,260904602
6263,260904604
6264,260904606
6265,260904613
6266,260904619
6267,260904622
6268,260904628
6269,260904630
6270,260904632
6271,260904637
6272,260904648
6273,260904650
6274,260904652
6275,260904659
6276,260904661
6277,260904663
6278,260904681
6279,260904692
6280,260904696
6281,260904707
6282,260904710
6283,260904712
6284,260904714
6285,260904724
6286,260904726
6287,260904737
6288,260904739
6289,260904742
6290,260904744
6291,260904748
6292,260904750
6293,260904765
6294,260904776
6295,260904817
6296,260904819
6297,260904821
6298,260904823
6299,260904825
6300,260904841
6301,260904843
6302,260904845
6303,260904881
6304,260904901
6305,260904903
6306,260904905
6307,260904909
6308,260904951
6309,260904953
6310,260904960
6311,260904964
6312,260904967
6313,260904971
6314,260904977
6315,260904982
6316,260904999
6317,260905021
6318,260905025
6319,260905027
6320,260905036
6321,260905045
6322,260905058
6323,260905060
6324,260905062
6325,260905064
6326,260905066
6327,260905076
6328,260905082
6329,260905084
6330,260905098
6331,260905100
6332,260905106
6333,260905115
6334,260905120
6335,260905126
6336,260905128
6337,260905130
6338,260905135
6339,260905148
6340,260905157
6341,260905166
6342,260905170
6343,260905194
6344,260905201
6345,260905205
6346,260905208
6347,260905210
6348,260905219
6349,260905357
6350,260905364
6351,260905366
6352,260905386
6353,260905388
6354,260905390
6355,260905401
6356,260905412
6357,260905414
6358,260905419
6359,260905452
6360,260905455
6361,260905461
6362,260905463
6363,260905470
6364,260976675
6365,260976678
6366,260976717
6367,260976724
6368,260976738
6369,260976753
6370,260976755
6371,260976787
6372,260976808
6373,261041578
6374,261042820
6375,261044044
6376,261044153
6377,261682835
6378,261682837
6379,261682840
6380,261682852
6381,261682853
6382,261682855
6383,261682856
6384,261682861
6385,261682867
6386,261682868
6387,261682873
6388,261682879
6389,261682886
6390,261682889
6391,261682907
6392,261682914
6393,261682916
6394,261682919
6395,261682922
6396,261682929
6397,261682935
6398,261682943
6399,261682961
6400,261682963
6401,261682972
6402,261682985
6403,261682992
6404,261682995
6405,261682998
6406,261683002
6407,261683009
6408,261683012
6409,261683013
6410,261683014
6411,261683022
6412,261683025
6413,261683031
6414,261683035
6415,261683040
6416,261683045
6417,261683051
6418,261683053
6419,261683059
6420,261683062
6421,261683065
6422,261683068
6423,261683080
6424,261683081
6425,261683086
6426,261683089
6427,261683094
6428,261683105
6429,261683108
6430,261683113
6431,261683117
6432,261683118
6433,261683121
6434,261683123
6435,261683124
6436,261683135
6437,261683139
6438,261683143
6439,261683148
6440,261683151
6441,261683152
6442,261683154
6443,261683157
6444,261683158
6445,261683160
6446,261683169
6447,261683170
6448,261683174
6449,261683194
6450,261683199
6451,261683201
6452,261683205
6453,261683245
6454,261683246
6455,261683249
6456,261683254
6457,261683263
6458,261683268
6459,261683272
6460,261683273
6461,261683275
6462,261683276
6463,261683277
6464,261683281
6465,261683282
6466,261683283
6467,261683292
6468,261683299
6469,261683300
6470,261683305
6471,261683307
6472,261683308
6473,261683312
6474,261683314
6475,261683319
6476,261683321
6477,261683323
6478,261683330
6479,261683332
6480,261683334
6481,261683337
6482,261683348
6483,261683355
6484,261683360
6485,261683362
6486,261683367
6487,261683368
6488,261683370
6489,261683371
6490,261683373
6491,261683374
6492,261683380
6493,261683386
6494,261683392
6495,261683396
6496,261683407
6497,261683416
6498,261683422
6499,261683428
6500,261683429
6501,261683433
6502,261683442
6503,261683443
6504,261683446
6505,261683455
6506,261683464
6507,261683466
6508,261683468
6509,261683471
6510,261683474
6511,261683476
6512,261683477
6513,261683481
6514,261683484
6515,261683490
6516,261683492
6517,261683496
6518,261683498
6519,261683500
6520,261683506
6521,261683509
6522,261683513
6523,261683536
6524,261683545
6525,261683548
6526,261683549
6527,261683551
6528,261683558
6529,261683562
6530,261683568
6531,261683572
6532,261683575
6533,261683577
6534,261683578
6535,261683586
6536,261683595
6537,261683607
6538,261683618
6539,261683621
6540,261683623
6541,261683630
6542,261683634
6543,261683647
6544,261683663
6545,261683665
6546,261683672
6547,261683675
6548,261683676
6549,261683678
6550,261683682
6551,261683692
6552,261683700
6553,261683701
6554,261683703
6555,261683705
6556,261683710
6557,261683711
6558,261683721
6559,261683733
6560,261683735
6561,261683737
6562,261683740
6563,261683745
6564,261683750
6565,261683752
6566,261683755
6567,261683767
6568,261683783
6569,261683829
6570,261683902
6571,261683933
6572,261683951
6573,261683952
6574,261683956
6575,261683960
6576,261683970
6577,261683972
6578,261683973
6579,261683975
6580,261683976
6581,261683977
6582,261683978
6583,261683981
6584,261683984
6585,261683997
6586,261683999
6587,261684010
6588,261684036
6589,261684043
6590,261684047
6591,261684051
6592,261684053
6593,261684055
6594,261684059
6595,261684066
6596,261684072
6597,261684091
6598,261684096
6599,261684102
6600,261684107
6601,261684109
6602,261684171
6603,261684175
6604,261684177
6605,261684182
6606,261684190
6607,261684215
6608,261684219
6609,261684221
6610,261684224
6611,261684226
6612,261684229
6613,261684274
6614,261684278
6615,261684279
6616,261684280
6617,261684281
6618,261684287
6619,261684297
6620,261684301
6621,261684304
6622,261684305
6623,261684308
6624,261684312
6625,261684314
6626,261684320
6627,261684330
6628,261684345
6629,261684349
6630,261684362
6631,261684456
6632,261684474
6633,261684477
6634,261684478
6635,261684481
6636,261684486
6637,261684490
6638,261684496
6639,261684501
6640,261684502
6641,261684505
6642,261684509
6643,261684510
6644,261684597
6645,261684610
6646,261684620
6647,261684625
6648,261684629
6649,261684634
6650,261684635
6651,261684638
6652,261684652
6653,261684660
6654,261684664
6655,261684677
6656,261684693
6657,261684706
6658,261684708
6659,261684709
6660,261684712
6661,261684718
6662,261684719
6663,261684720
6664,261684721
6665,261684727
6666,261684835
6667,261684839
6668,261684840
6669,261684851
6670,261684876
6671,261684877
6672,261684879
6673,261684884
6674,261684891
6675,261684892
6676,261684904
6677,261684905
6678,261684907
6679,261684908
6680,261684913
6681,261684917
6682,261684919
6683,261684920
6684,261684935
6685,261684947
6686,261684952
6687,261684956
6688,261684968
6689,261684975
6690,261684976
6691,261684978
6692,261684991
6693,261685014
6694,261685019
6695,261685021
6696,261685027
6697,261685037
6698,261685042
6699,261685047
6700,261685048
6701,261685051
6702,261685055
6703,261685058
6704,261685059
6705,261685060
6706,261685064
6707,261685065
6708,261685066
6709,261685076
6710,261685085
6711,261685086
6712,261685088
6713,261685092
6714,261685093
6715,261685099
6716,261685102
6717,261685105
6718,261685106
6719,261685108
6720,261685115
6721,261685153
6722,261685160
6723,261685161
6724,261685166
6725,261685172
6726,261685175
6727,261685181
6728,261685182
6729,261685189
6730,261685193
6731,261685203
6732,261685209
6733,261685211
6734,261685213
6735,261685217
6736,261685219
6737,261685236
6738,261685241
6739,261685248
6740,261685255
6741,261685360
6742,261685362
6743,261685371
6744,261685372
6745,261685373
6746,261685374
6747,261685375
6748,261685378
6749,261685379
6750,261685380
6751,261685381
6752,261685384
6753,261685385
6754,261685387
6755,261685400
6756,261685406
6757,261685416
6758,261685417
6759,261685422
6760,261685423
6761,261685424
6762,261685427
6763,261685429
6764,261685435
6765,261685439
6766,261685460
6767,261685466
6768,261685467
6769,261685469
6770,261685473
6771,261685474
6772,261685475
6773,261685483
6774,261685484
6775,261685485
6776,261685486
6777,261685491
6778,261685492
6779,261685525
6780,261685526
6781,261685532
6782,261685540
6783,261685541
6784,261685543
6785,261685544
6786,261685546
6787,261685550
6788,261685553
6789,261685554
6790,261685568
6791,261685572
6792,261685576
6793,261685580
6794,261685582
6795,261685583
6796,261685588
6797,261685592
6798,261685594
6799,261685599
6800,261685601
6801,261685603
6802,261685609
6803,261685611
6804,261685622
6805,261685624
6806,261685626
6807,261685629
6808,261685631
6809,261685632
6810,261685633
6811,261685634
6812,261685635
6813,261685649
6814,261685650
6815,261685651
6816,261685654
6817,261685674
6818,261685677
6819,261685678
6820,261685679
6821,261685702
6822,261685707
6823,261685708
6824,261685709
6825,261685712
6826,261685720
6827,261685721
6828,261685722
6829,261685723
6830,261685728
6831,261685729
6832,261685730
6833,261685731
6834,261685732
6835,261685733
6836,261685734
6837,261685735
6838,261685736
6839,261685737
6840,261685738
6841,261685749
6842,261685751
6843,261685757
6844,261685781
6845,261685782
6846,261685783
6847,261685784
6848,261685789
6849,261685790
6850,261685791
6851,261685796
6852,261685797
6853,261685803
6854,261685804
6855,261685806
6856,261685812
6857,261685813
6858,261685820
6859,261685828
6860,261685846
6861,261685847
6862,261685848
6863,261685961
6864,261685977
6865,261685978
6866,261685981
6867,261685996
6868,261685998
6869,262259719
6870,262259720
6871,262259723
6872,262259724
6873,262259725
6874,262259726
6875,262259727
6876,262259812
6877,266366602
6878,266583895
6879,266583897
6880,266584319
6881,266586093
6882,266586094
6883,266589015
6884,266612497
6885,266620683
6886,266620689
6887,266620692
6888,266622233
6889,266640072
6890,270687801
6891,281360148
6892,281360202
6893,281416230
6894,281416234
6895,281418154
6896,281961432
6897,281961433
6898,281961624
6899,281961627
6900,281961800
6901,281963098
6902,281963306
6903,281963310
6904,281963453
6905,282386554
6906,282387418
6907,282387419
6908,282387424
6909,282388445
6910,282388528
6911,282388552
6912,282388553
6913,282388566
6914,284134464
6915,286078731
6916,286082765
6917,286082780
6918,286082839
6919,286082847
6920,286083393
6921,286083464
6922,286083465
6923,286083466
6924,286083494
6925,286083497
6926,286083688
6927,286083785
6928,286083807
6929,286132944
6930,286132945
6931,286132951
6932,286133344
6933,286133423
6934,286134019
6935,286134551
6936,286135844
6937,286135845
6938,286135849
6939,286136171
6940,286136335
6941,286137052
6942,286137089
6943,286140442
6944,286188664
6945,286192826
6946,286913956
6947,286915232
6948,286915383
6949,288063295
6950,288063299
6951,288063300
6952,288458254
6953,288463431
6954,288473743
6955,288474071
6956,294053508
6957,295525881
6958,295525883
6959,298098895
6960,298354684
6961,298359958
6962,298361238
6963,298956776
6964,298963477
6965,298963478
6966,299687966
6967,299688182
6968,299689146
6969,299689148
6970,299689200
6971,299693092
6972,300249737
6973,300253120
6974,300253818
6975,300254890
6976,300255284
6977,300255355
6978,300256292
6979,301689422
6980,301689423
6981,301689424
6982,301689572
6983,303127547
6984,303128874
6985,303129110
6986,303915899
6987,303915921
6988,303915927
6989,305099887
6990,305108763
6991,305108764
6992,305108810
6993,305108842
6994,306080580
6995,306080839
6996,306080849
6997,306542749
6998,306542760
6999,306542783
7000,306543501
7001,306543505
7002,309616507
7003,309616528
7004,309616568
7005,309616586
7006,309616606
7007,309616965
7008,309625338
7009,309856278
7010,309856279
7011,309856287
7012,309856288
7013,309859135
7014,309859139
7015,310372488
7016,310732557
7017,310732558
7018,310732562
7019,310732593
7020,310732603
7021,310732604
7022,310732605
7023,310732608
7024,310732616
7025,310732626
7026,310732628
7027,310732652
7028,310732662
7029,310732692
7030,310732701
7031,310732704
7032,310732706
7033,310732712
7034,310732717
7035,310732721
7036,310732722
7037,310732724
7038,310732725
7039,310732740
7040,310732741
7041,310732742
7042,310732743
7043,310732747
7044,310732751
7045,310732756
7046,310742025
7047,310742037
7048,310742066
7049,310742081
7050,310742083
7051,310742084
7052,310742085
7053,310742094
7054,310742096
7055,310742099
7056,310742100
7057,310742101
7058,310742102
7059,310742103
7060,310742105
7061,310742106
7062,310742107
7063,310742108
7064,310742109
7065,311001394
7066,311001876
7067,311002310
7068,311002311
7069,311002312
7070,311002313
7071,311002430
7072,311002448
7073,311002575
7074,311002577
7075,311002618
7076,311002632
7077,311002640
7078,311002662
7079,311002666
7080,311002668
7081,311002675
7082,311002684
7083,311002697
7084,311002701
7085,311002707
7086,311002715
7087,311002726
7088,311002727
7089,311002740
7090,311002853
7091,311002854
7092,311733809
7093,311733853
7094,311733889
7095,311733953
7096,311733990
7097,311734005
7098,311734036
7099,312008482
7100,312008515
7101,312264042
7102,312264048
7103,312264053
7104,312264198
7105,312264205
7106,312264218
7107,312264226
7108,312264232
7109,312363224
7110,312719760
7111,312719839
7112,312719893
7113,312720055
7114,312720060
7115,312720138
7116,312720139
7117,312720143
7118,312720145
7119,312720204
7120,312720248
7121,312720251
7122,312720253
7123,312720254
7124,312720258
7125,312720303
7126,312720304
7127,312720305
7128,312720357
7129,312720365
7130,312720405
7131,312720433
7132,312720443
7133,312720463
7134,312720465
7135,312720472
7136,312720473
7137,312720487
7138,312720498
7139,312720539
7140,312720545
7141,312720565
7142,312720569
7143,312720583
7144,312720638
7145,312720651
7146,312720669
7147,312720682
7148,312720706
7149,312720712
7150,312720731
7151,312720746
7152,312720772
7153,312720821
7154,312720825
7155,312721199
7156,312721200
7157,312721248
7158,312721300
7159,312721309
7160,312916114
7161,312916171
7162,312916176
7163,312916177
7164,312916178
7165,312916188
7166,312916189
7167,312916190
7168,312916191
7169,312916194
7170,313283399
7171,313283452
7172,313283453
7173,313283547
7174,313283622
7175,313283627
7176,313283732
7177,313283760
7178,313283761
7179,313283762
7180,313283764
7181,313283846
7182,313283908
7183,313283925
7184,313283927
7185,313283928
7186,313667225
7187,314094170
7188,314203280
7189,314203312
7190,314203338
7191,314203344
7192,314203349
7193,314204639
7194,314207475
7195,314208059
7196,314208121
7197,314208161
7198,314208657
7199,314208684
7200,314208685
7201,314208760
7202,314208796
7203,314209027
7204,314209062
7205,314209063
7206,314209110
7207,314209180
7208,314209287
7209,314209294
7210,314209313
7211,314209490
7212,314209598
7213,314209599
7214,314209654
7215,314209655
7216,314209661
7217,314209695
7218,314209698
7219,314209706
7220,314209737
7221,314209742
7222,314209757
7223,314209814
7224,314209818
7225,314209901
7226,314209931
7227,314209932
7228,314209941
7229,314209951
7230,314210395
7231,314515378
7232,314515385
7233,314822198
7234,314823229
7235,314823231
7236,314823339
7237,314823346
7238,314823401
7239,314823532
7240,315017413
7241,315017417
7242,315017473
7243,315017675
7244,315017957
7245,315017960
7246,315017962
7247,315018087
7248,315018822
7249,315018824
7250,315018825
7251,315019117
7252,315019186
7253,315019227
7254,315771266
7255,315771268
7256,315771608
7257,315771609
7258,315779640
7259,315787022
7260,315791694
7261,315792843
7262,315795077
7263,315797616
7264,315995016
7265,316156993
7266,316157080
7267,316414231
7268,316414233
7269,316414237
7270,316549463
7271,316739046
7272,317205125
7273,317212178
7274,317496364
7275,320502893
7276,320512131
7277,321313769
7278,321313925
7279,321313928
7280,321551795
7281,321551800
7282,321552609
7283,321554297
7284,321699458
7285,321702365
7286,321702674
7287,321704164
7288,321704522
7289,321707709
7290,321707758
7291,324228757
7292,324230443
7293,324231009
7294,324581360
7295,324581411
7296,325071534
7297,325094823
7298,329078103
7299,329079381
7300,329079439
7301,329079535
7302,329984967
7303,330550608
7304,331136711
7305,331136973
7306,332203980
7307,332204558
7308,332956461
7309,332956582
7310,332956652
7311,332956804
7312,332956818
7313,333524088
7314,333524170
7315,333526141
7316,335626738
7317,335626741
7318,335630414
7319,335630415
7320,335907875
7321,335907876
7322,335907877
7323,335907878
7324,335907879
7325,337402961
7326,337435339
7327,337473669
7328,338421121
7329,338592395
7330,338592707
7331,338596821
7332,338597228
7333,338599603
7334,340577741
7335,344393653
7336,344393657
7337,345053129
7338,345186840
7339,345187371
7340,345187631
7341,345573382
7342,345573456
7343,346461378
7344,348029753
7345,348029963
7346,348033421
7347,351981469
7348,352925332
7349,352925337
7350,352927278
7351,352927328
7352,359381435
7353,359386843
7354,359387522
7355,359388529
7356,364575216
7357,366136850
7358,366559153
7359,369142003
7360,376145261
7361,376145262
7362,385612109
7363,386043853
7364,387098929
7365,392326513
7366,408787330
7367,408787333
7368,409529541
7369,409529547
7370,409529548
7371,409529561
7372,409529562
7373,409529565
7374,409533688
7375,411284622
7376,411284623
7377,411284624
7378,411284626
7379,411284631
7380,411284637
7381,411284639
7382,411284644
7383,411284646
7384,417249035
7385,417513351
7386,417513376
7387,426525979
7388,426527743
7389,426527748
7390,426550259
7391,427518898
7392,430555490
7393,430570216
7394,430697473
7395,430697476
7396,433178870
7397,433178879
7398,433178891
7399,433181376
7400,452811250
7401,452821528
7402,452821536
7403,452821539
7404,452842763
7405,452842770
7406,452842772
7407,452842777
7408,452842794
7409,452847223
7410,452847225
7411,452847228
7412,452847230
7413,452847232
7414,452847234
7415,452847235
7416,452847237
7417,452853932
7418,452853934
7419,452866036
7420,452866039
7421,461622598
7422,462048269
7423,462067669
7424,462068195
7425,462123922
7426,462123923
7427,463189637
7428,463191858
7429,463194396
7430,465194201
7431,466965453
7432,469796054
7433,474084331
7434,474084335
7435,474084338
7436,474084355
7437,479998609
7438,479998614
7439,481980761
7440,496095907
7441,498671887
7442,498671906
7443,498671907
7444,498671927
7445,498671930
7446,498671934
7447,498671942
7448,498671947
7449,498671950
7450,502877274
7451,502877277
7452,502881018
7453,502956581
7454,502956601
7455,504009072
7456,504918163
7457,504918164
7458,504918170
7459,504925458
7460,504925459
7461,504925461
7462,505013423
7463,505017638
7464,505029318
7465,505029680
7466,505042941
7467,505043437
7468,506098274
7469,506099097
7470,506099098
7471,506391559
7472,506391850
7473,506392512
7474,506392515
7475,506426077
7476,506426078
7477,506426579
7478,506426594
7479,506426897
7480,506443537
7481,506444854
7482,506447965
7483,506448342
7484,506449885
7485,506450242
7486,508308004
7487,508308318
7488,512091457
7489,514114710
7490,514114721
7491,514114727
7492,515283014
7493,515283082
7494,515283115
7495,515308132
7496,515636758
7497,515636763
7498,515636764
7499,515636769
7500,515640553
7501,515924898
7502,521260455
7503,521286830
7504,522379977
7505,523954964
7506,523958868
7507,523961397
7508,523962960
7509,523963095
7510,538156814
7511,553015204
7512,558835389
7513,566895164
7514,566895345
7515,566895348
7516,566895684
7517,566895687
7518,566895691
7519,566895697
7520,566895698
7521,577406331
7522,587667663
7523,587667667
7524,589927622
7525,589927653
7526,589927685
7527,589927746
7528,589927748
7529,589927807
7530,590236730
7531,590282957
7532,590282967
7533,591407326
7534,591407340
7535,591407349
7536,591608920
7537,593505064
7538,593505072
7539,593505081
7540,593505095
7541,593505119
7542,593505122
7543,593505164
7544,593505166
7545,593505167
7546,593505169
7547,593505205
7548,593505208
7549,593505214
7550,593505220
7551,593505299
7552,593505332
7553,593505340
7554,593505389
7555,595962889
7556,595990422
7557,595992878
7558,597009224
7559,597009225
7560,597808715
7561,597896900
7562,599583949
7563,599583971
7564,599583975
7565,599588752
7566,599588753
7567,599621306
7568,600218891
7569,600218892
7570,600218893
7571,600218899
7572,602633646
7573,602633648
7574,602633665
7575,602633666
7576,602633683
7577,602633686
7578,602635855
7579,602954102
7580,605288596
7581,605288600
7582,606972752
7583,607812776
7584,612080947
7585,612080948
7586,612080951
7587,612080952
7588,612080953
7589,612080984
7590,612080985
7591,612080987
7592,612080988
7593,612200998
7594,612237273
7595,612918165
7596,614197153
7597,614523935
7598,614523982
7599,614524021
7600,614524027
7601,614524032
7602,614524036
7603,614524044
7604,614537555
7605,614537558
7606,614537559
7607,616552540
7608,616552543
7609,616558359
7610,617573492
7611,617604803
7612,628633443
7613,628633446
7614,628633449
7615,642467874
7616,642467885
7617,642467909
7618,642468037
7619,642468072
7620,642468222
7621,649988336
7622,651217771
7623,654595461
7624,654595462
7625,654595463
7626,654595465
7627,654595467
7628,654595471
7629,654595474
7630,654596525
7631,654596527
7632,656044967
7633,659757780
7634,659757781
7635,659757782
7636,659757783
7637,660916312
7638,664467998
7639,665131666
7640,670394365
7641,671835824
7642,671852531
7643,671852534
7644,671852538
7645,671852539
7646,671852549
7647,671852550
7648,671852559
7649,671852570
7650,671853913
7651,671859564
7652,671859565
7653,671874623
7654,671874629
7655,671923817
7656,672777185
7657,672777188
7658,674492671
7659,677333422
7660,677337339
7661,677340926
7662,677340928
7663,679547473
7664,681109171
7665,681109423
7666,681109543
7667,681109604
7668,681109681
7669,681109935
7670,681110082
7671,681110196
7672,681110335
7673,681146586
7674,681229298
7675,681639506
7676,681639507
7677,681639578
7678,681639610
7679,681639619
7680,681639637
7681,681700006
7682,681700028
7683,681700056
7684,686224365
7685,686224371
7686,686224374
7687,686224377
7688,686224381
7689,686224440
7690,686224443
7691,686224597
7692,686224602
7693,686224624
7694,686224627
7695,686224644
7696,697207117
7697,697207126
7698,697207136
7699,699782896
7700,708301745
7701,708301746
7702,711670779
7703,711670798
7704,714801943
7705,714801981
7706,714802347
7707,714919743
7708,714919753
7709,715784780
7710,715784781
7711,718388044
7712,720693849
7713,720695545
7714,720696446
7715,720697062
7716,720698673
7717,720698676
7718,720702081
7719,720702280
7720,720702283
7721,720702285
7722,720703224
7723,728341344
7724,733353703
7725,733359685
7726,747150841
7727,750534415
7728,750534432
7729,750534437
7730,758200421
7731,758201928
7732,760334478
7733,763949661
7734,764036747
7735,764036763
7736,764036799
7737,764098855
7738,764098856
7739,764098860
7740,764098862
7741,767059625
7742,767059638
7743,767059647
7744,767059660
7745,767059683
7746,767059712
7747,767059718
7748,799958464
7749,817088410
7750,824321806
7751,831025847
7752,831025860
7753,831025862
7754,832676077
7755,832676805
7756,837175871
7757,860690743
7758,860690745
7759,860690746
7760,860690755
7761,860789270
7762,860789282
7763,860789298
7764,860790138
7765,860790148
7766,860790150
7767,883864338
7768,885670929
7769,885692163
7770,885692369
7771,885692429
7772,890168770
7773,890246833
7774,892612341
7775,892612343
7776,892612989
7777,892613000
7778,892616127
7779,892619379
7780,892619385
7781,893416820
7782,893416822
7783,893458248
7784,893458276
7785,893464511
7786,893466258
7787,893467369
7788,893467378
7789,893468491
7790,893468994
7791,893470989
7792,894102587
7793,894102599
7794,898044854
7795,898044857
7796,898064150
7797,898064161
7798,898617081
7799,911527341
7800,911527342
7801,911527344
7802,916340569
7803,916340570
7804,921145236
7805,921145237
7806,921145238
7807,923908787
7808,923908788
7809,928665207
7810,928665209
7811,928665215
7812,928665217
7813,928665220
7814,928665225
7815,928665226
7816,928665227
7817,928665228
7818,928665229
7819,928665231
7820,928665232
7821,928665233
7822,928665235
7823,928665268
7824,928665271
7825,928665299
7826,928665300
7827,928665303
7828,928665305
7829,929686892
7830,942316831
7831,953579152
7832,955695684
7833,957099754
7834,957845503
7835,961118985
7836,961119165
7837,961119308
7838,961119795
7839,962803598
7840,962803644
7841,962951230
7842,962951247
7843,964500087
7844,967511310
7845,967511311
7846,967511365
7847,973541489
7848,973552605
7849,973552665
7850,973552682
7851,987221474
7852,987221492
7853,987221493
7854,990658318
7855,990658320
7856,1000578636
7857,1000578665
7858,1005100822
7859,1005100835
7860,1010936466
7861,1035905188
7862,1035905190
7863,1039059261
7864,1039059262
7865,1039059275
7866,1039059276
7867,1040886649
7868,1041175608
7869,1041279301
7870,1042599743
7871,1044936621
7872,1054417187
7873,1059233495
7874,1060618739
7875,1060619609
7876,1060628157
7877,1060762063
7878,1060808696
7879,1060808707
7880,1060837797
7881,1060838503
7882,1060838506
7883,1060838514
7884,1060838584
7885,1060913988
7886,1061079115
7887,1061079138
7888,1061428063
7889,1061428075
7890,1061428078
7891,1061428085
7892,1061428094
7893,1061428719
7894,1064186379
7895,1066089814
7896,1066110078
7897,1066110084
7898,1066329801
7899,1066368890
7900,1066394345
7901,1066440703
7902,1066469062
7903,1066543412
7904,1067302475
7905,1068901864
7906,1069626476
7907,1070129659
7908,1070129660
7909,1070129667
7910,1074466803
7911,1074507773
7912,1074565492
7913,1074584186
7914,1074584191
7915,1074584201
7916,1074584753
7917,1074584763
7918,1075205320
7919,1075301522
7920,1075301526
7921,1081489154
7922,1081729409
7923,1085293670
7924,1085296502
7925,1085296506
7926,1085296510
7927,1085382911
7928,1085848439
7929,1085848445
7930,1085848501
7931,1091403154
7932,1091403165
7933,1094163572
7934,1098950695
7935,1099283583
7936,1101328839
7937,1101328841
7938,1101328847
7939,1101328851
7940,1107042631
7941,1107042671
7942,1107322764
7943,1109871311
7944,1110076780
7945,1110183870
7946,1110300303
7947,1111849690
7948,1112585792
7949,1113105109
7950,1116486206
7951,1116486208
7952,1116486212
7953,1116486226
7954,1116486228
7955,1116486235
7956,1116486236
7957,1116509169
7958,1116509171
7959,1116509174
7960,1116643699
7961,1116643725
7962,1116653102
7963,1116653139
7964,1116653153
7965,1119929447
7966,1119933609
7967,1119933624
7968,1119938949
7969,1119945363
7970,1119949150
7971,1119949151
7972,1119949153
7973,1119949154
7974,1119949164
7975,1125649015
7976,1125649018
7977,1125649022
7978,1126278135
7979,1126278153
7980,1126278155
7981,1126285670
7982,1126285671
7983,1126285674
7984,1126285675
7985,1126285676
7986,1126285677
7987,1126285678
7988,1126285681
7989,1126285684
7990,1126285686
7991,1126285687
7992,1126285689
7993,1126292944
7994,1126292945
7995,1126292953
7996,1126292954
7997,1126300172
7998,1126300174
7999,1126300176
8000,1126300187
8001,1126300202
8002,1126320632
8003,1126320667
8004,1126320691
8005,1126320696
8006,1126325813
8007,1130535479
8008,1130535501
8009,1130535525
8010,1130535608
8011,1130535683
8012,1130535720
8013,1130535724
8014,1130535757
8015,1130535800
8016,1130535837
8017,1130535913
8018,1130536017
8019,1130536048
8020,1130536091
8021,1130536122
8022,1130536269
8023,1130584744
8024,1130584749
8025,1130584780
8026,1135843094
8027,1135843108
8028,1135843114
8029,1135856929
8030,1135856960
8031,1135856968
8032,1136796110
8033,1137212632
8034,1137646332
8035,1137646334
8036,1137709573
8037,1137719247
8038,1141494120
8039,1141494130
8040,1141494134
8041,1142070036
8042,1142070037
8043,1142078444
8044,1142079998
8045,1142079999
8046,1143398228
8047,1143398243
8048,1148321374
8049,1149126568
8050,1149126573
8051,1149126575
8052,1149126579
8053,1149126581
8054,1149126588
8055,1149126591
8056,1149126606
8057,1149126607
8058,1149126608
8059,1149126609
8060,1149126614
8061,1149346232
8062,1150195217
8063,1150195224
8064,1152137864
8065,1161442412
8066,1161442425
8067,1161442585
8068,1161442698
8069,1162656796
8070,1162676580
8071,1162928923
8072,1162928934
8073,1162928983
8074,1162928988
8075,1162928989
8076,1162929003
8077,1162929008
8078,1162929046
8079,1162929077
8080,1162929142
8081,1162946012
8082,1162946013
8083,1162946028
8084,1162946030
8085,1162946044
8086,1162946137
8087,1162946139
8088,1162946155
8089,1162946171
8090,1162946221
8091,1162946224
8092,1162946232
8093,1162946237
8094,1166210690
8095,1166543322
8096,1166543784
8097,1166543805
8098,1166543842
8099,1180306206
8100,1185883917
8101,1189377560
8102,1194993742
8103,1194993752
8104,1194993761
8105,1194993779
8106,1194993784
8107,1194993788
8108,1202895299
8109,1211639129
8110,1231555962
8111,1231558988
8112,1231558991
8113,1231558994
8114,1231566599
8115,1231568062
8116,1231572131
8117,1233506696
8118,1233506732
8119,1233506757
8120,1233506764
8121,1233506765
8122,1233506766
8123,1233506769
8124,1233506780
8125,1233506781
8126,1234334104
8127,1234357833
8128,1235236950
8129,1235251447
8130,1235251449
8131,1235251450
8132,1235251451
8133,1235428493
8134,1235428578
8135,1235476601
8136,1235476603
8137,1235612172
8138,1235612194
8139,1235612214
8140,1238532357
8141,1238532376
8142,1238532382
8143,1239555425
8144,1239555478
8145,1239555487
8146,1240536282
8147,1240560965
8148,1247193341
8149,1247193347
8150,1247193351
8151,1249662120
8152,1252283883
8153,1253818215
8154,1253818236
8155,1253818245
8156,1253818268
8157,1253818298
8158,1253843660
8159,1253843663
8160,1253843682
8161,1253843694
8162,1253843698
8163,1253843708
8164,1253843715
8165,1255009113
8166,1255073108
8167,1270752192
8168,1277980087
8169,1277980089
8170,1277980092
8171,1277980093
8172,1277980095
8173,1278007501
8174,1278007503
8175,1278007505
8176,1278007506
8177,1281215111
8178,1285626279
8179,1285626331
8180,1293071691
8181,1293071713
8182,1307352085
8183,1307352086
8184,1307360068
8185,1307423484
8186,1307423525
8187,1312410103
8188,1312410106
8189,1312410110
8190,1312410111
8191,1312410112
8192,1312410113
8193,1312410114
8194,1312410117
8195,1312410119
8196,1312410121
8197,1312410122
8198,1312410123
8199,1312410126
8200,1312410128
8201,1312410132
8202,1312410133
8203,1312410134
8204,1312410135
8205,1312410136
8206,1312410137
8207,1312410138
8208,1312410139
8209,1312410142
8210,1312410143
8211,1312410146
8212,1312410151
8213,1312410154
8214,1312443359
8215,1312443361
8216,1312443372
8217,1312443384
8218,1312443392
8219,1314184556
8220,1315774428
8221,1315774540
8222,1315774882
8223,1316799535
8224,1316799565
8225,1316913983
8226,1316913993
8227,1316914044
8228,1316991149
8229,1319737618
8230,1319737621
8231,1319737626
8232,1319737637
8233,1319737639
8234,1319737640
8235,1319737641
8236,1319737643
8237,1319737644
8238,1319737645
8239,1319737647
8240,1319737648
8241,1319737650
8242,1319737652
8243,1319737653
8244,1319737654
8245,1319737656
8246,1319737657
8247,1319737659
8248,1319737660
8249,1319737664
8250,1319737669
8251,1319737673
8252,1319737677
8253,1319737681
8254,1319775977
8255,1323146858
8256,1323429897
8257,1323429898
8258,1323448473
8259,1323448476
8260,1323453705
8261,1323765630
8262,1323765633
8263,1323765634
8264,1323765643
8265,1323765662
8266,1323765664
8267,1323765722
8268,1323765723
8269,1323765737
8270,1323765757
8271,1323765778
8272,1323765784
8273,1323765786
8274,1324455820
8275,1324455825
8276,1326279459
8277,1326279462
8278,1326290956
8279,1326313051
8280,1326313060
8281,1327024491
8282,1327024498
8283,1327024499
8284,1327026327
8285,1327026328
8286,1327026330
8287,1327026331
8288,1327328241
8289,1327328249
8290,1327328250
8291,1327328251
8292,1327328252
8293,1327328253
8294,1327328254
8295,1327328255
8296,1327328256
8297,1327328257
8298,1327328263
8299,1327328264
8300,1327328267
8301,1327328275
8302,1327331597
8303,1327331599
8304,1327331608
8305,1327331613
8306,1327331620
8307,1327337456
8308,1327337460
8309,1327337466
8310,1327337479
8311,1327337482
8312,1327337487
8313,1332740853
8314,1332740884
8315,1332740885
8316,1332740889
8317,1332948311
8318,1332948321
8319,1332948323
8320,1333640579
8321,1333640580
8322,1333640582
8323,1333640585
8324,1333640587
8325,1333640588
8326,1333640594
8327,1333640598
8328,1333640601
8329,1333640608
8330,1333640611
8331,1333640613
8332,1333640618
8333,1333677504
8334,1333677520
8335,1334076285
8336,1334076287
8337,1334076303
8338,1334493991
8339,1337853055
8340,1337860943
8341,1337861127
8342,1337861936
8343,1337861939
8344,1338047450
8345,1338047468
8346,1338047477
8347,1338047479
8348,1338050717
8349,1341002923
8350,1341002929
8351,1341009360
8352,1341011022
8353,1341011029
8354,1341818633
8355,1341931019
8356,1342065868
8357,1342065872
8358,1342065878
8359,1342065880
8360,1342833128
8361,1342833129
8362,1343024183
8363,1343024185
8364,1343096078
8365,1343112767
8366,1344111371
8367,1344111372
8368,1344418115
8369,1345725038
8370,1345725039
8371,1345725046
8372,1345741933
8373,1345741948
8374,1345741955
8375,1345763706
8376,1346436640
8377,1346791614
8378,1347571945
8379,1347578423
8380,1348888596
8381,1349844470
8382,1349849195
8383,1350209200
8384,1350209203
8385,1350909766
8386,1350909778
8387,1350909779
8388,1350909780
8389,1350933000
8390,1350933007
8391,1350933015
8392,1350933021
8393,1350933023
8394,1350933028
8395,1350933035
8396,1350933038
8397,1350933039
8398,1350933045
8399,1350933051
8400,1350933053
8401,1350933056
8402,1350933061
8403,1350933070
8404,1350933072
8405,1350933075
8406,1350933081
8407,1350934367
8408,1350934705
8409,1352563050
8410,1352563063
8411,1352563065
8412,1352589792
8413,1352605513
8414,1352605519
8415,1354391763
8416,1354465229
8417,1356323171
8418,1356323180
8419,1358468027
8420,1358468049
8421,1359159571
8422,1359159574
8423,1360062208
8424,1365497867
8425,1371767065
8426,1371767068
8427,1371767069
8428,1371767080
8429,1371767082
8430,1371767097
8431,1371767102
8432,1371767116
8433,1371767117
8434,1371767121
8435,1371767128
8436,1371767129
8437,1371767130
8438,1371767131
8439,1371797989
8440,1371797991
8441,1371798004
8442,1371798007
8443,1371798008
8444,1371798022
8445,1371798640
8446,1371798655
8447,1373407799
8448,1376405513
8449,1376405527
8450,1376406142
8451,1376406148
8452,1377334723
8453,1377334734
8454,1378895750
8455,1382808063
8456,1382808072
8457,1382808080
8458,1382808082
8459,1382808092
8460,1382808102
8461,1382808121
8462,1382808129
8463,1382808243
8464,1382808254
8465,1382808263
8466,1382808269
8467,1382808272
8468,1382808279
8469,1382808280
8470,1382808298
8471,1382808299
8472,1382808313
8473,1382808322
8474,1382808326
8475,1382808329
8476,1382808343
8477,1382808345
8478,1382808351
8479,1382808352
8480,1382808364
8481,1382808370
8482,1382808389
8483,1382808397
8484,1382808423
8485,1382808437
8486,1382823538
8487,1382823587
8488,1382828502
8489,1382828585
8490,1388496388
8491,1388496401
8492,1399399938
8493,1402297896
8494,1402297913
8495,1402297920
8496,1402297926
8497,1402297928
8498,1402839301
8499,1404318607
8500,1404410731
8501,1404410827
8502,1404410899
8503,1404410903
8504,1404410942
8505,1404411019
8506,1404411063
8507,1404411078
8508,1404411147
8509,1404443926
8510,1408307075
8511,1408318589
8512,1408321531
8513,1408321532
8514,1408321536
8515,1412035727
8516,1416856088
8517,1417315206
8518,1418026006
8519,1418073599
8520,1418085361
8521,1418830464
8522,1420876411
8523,1422671929
8524,1423592267
8525,1423592268
8526,1423592270
8527,1423592279
8528,1423685777
8529,1423691459
8530,1423917074
8531,1423917076
8532,1423968320
8533,1423979440
8534,1425089572
8535,1425092712
8536,1425092713
8537,1425098046
8538,1425119988
8539,1426881881
8540,1426888208
8541,1426888212
8542,1426888213
8543,1426913809
8544,1426913812
8545,1426913814
8546,1426913816
8547,1426924594
8548,1430953958
8549,1431094923
8550,1431538009
8551,1431538011
8552,1431538015
8553,1431538026
8554,1431538027
8555,1431538039
8556,1431538047
8557,1431538048
8558,1431538059
8559,1431538061
8560,1431538062
8561,1431538066
8562,1431538084
8563,1431538085
8564,1431538090
8565,1431538108
8566,1432336530
8567,1432336532
8568,1435470905
8569,1440033389
8570,1441184147
8571,1441700921
8572,1442183069
8573,1442183079
8574,1442183117
8575,1442183118
8576,1444091675
8577,1445463338
8578,1446013810
8579,1446824597
8580,1446824602
8581,1446824931
8582,1446824968
8583,1458847328
8584,1458847330
8585,1458896783
8586,1458896785
8587,1458896791
8588,1458896812
8589,1458896821
8590,1460632421
8591,1478401483
8592,1478401485
8593,1478401488
8594,1478401499
8595,1478401513
8596,1478401528
8597,1478401529
8598,1478401534
8599,1478401543
8600,1478401545
8601,1480092124
8602,1482230936
8603,1482230938
8604,1482230939
8605,1482230940
8606,1482230942
8607,1482230943
8608,1482230947
8609,1482234379
8610,1489439082
8611,1493254023
8612,1493254024
8613,1493258307
8614,1493258309
8615,1497962778
8616,1497969843
8617,1497969844
8618,1515642718
8619,1519203296
8620,1524389709
8621,1524394878
8622,1529185952
8623,1529185953
8624,1533497334
8625,1533497339
8626,1536089145
8627,1553506699
8628,1553506716
8629,1553506765
8630,1553506786
8631,1553506789
8632,1553506799
8633,1553506803
8634,1553506823
8635,1553517834
8636,1553517835
8637,1553543721
8638,1564798589
8639,1564798591
8640,1586562676
8641,1586562677
8642,1586565681
8643,1596019286
8644,1596019305
8645,1597380222
8646,1598403916
8647,1598403918
8648,1598403923
8649,1598403927
8650,1598403941
8651,1598415297
8652,1598477741
8653,1598477758
8654,1602112812
8655,1603420399
8656,1606464366
8657,1606464396
8658,1606464422
8659,1606464493
8660,1606472048
8661,1606576417
8662,1607236909
8663,1607236912
8664,1609936233
8665,1615157419
8666,1615251652
8667,1615251678
8668,1626744472
8669,1627781350
8670,1629353724
8671,1629353842
8672,1629353869
8673,1629353891
8674,1629353936
8675,1629354032
8676,1636014642
8677,1637288896
8678,1637315656
8679,1637315661
8680,1637315700
8681,1637315763
8682,1637329880
8683,1637329895
8684,1637329896
8685,1639973965
8686,1639973966
8687,1646617721
8688,1646617728
8689,1646617730
8690,1646617731
8691,1646617743
8692,1646617745
8693,1646617758
8694,1646617767
8695,1646617821
8696,1646654359
8697,1646654386
8698,1646654413
8699,1646654421
8700,1646654425
8701,1646654428
8702,1646654435
8703,1646654437
8704,1646654439
8705,1646654443
8706,1646654456
8707,1646654457
8708,1646815546
8709,1649990350
8710,1651090988
8711,1651092236
8712,1654299375
8713,1654299381
8714,1655311948
8715,1655330495
8716,1657379814
8717,1657379819
8718,1657467717
8719,1657503555
8720,1657503728
8721,1663495672
8722,1663495680
8723,1663495682
8724,1663495684
8725,1666919524
8726,1674318517
8727,1674318518
8728,1676080626
8729,1679237551
8730,1684834992
8731,1688046680
8732,1688046688
8733,1688046732
8734,1688073659
8735,1688073663
8736,1688073686
8737,1688073689
8738,1688073696
8739,1688073741
8740,1688073743
8741,1688073745
8742,1688073754
8743,1688073755
8744,1688073756
8745,1704239655
8746,1704242991
8747,1704250905
8748,1704250925
8749,1704250970
8750,1717539153
8751,1717539155
8752,1717539158
8753,1717539184
8754,1717539193
8755,1723200988
8756,1723253583
8757,1723253595
8758,1735964860
8759,1768266443
8760,1768266445
8761,1768266446
8762,1768266447
8763,1768266448
8764,1768266450
8765,1768266452
8766,1768266459
8767,1768266463
8768,1768266465
8769,1768266474
8770,1768266487
8771,1768266496
8772,1768266508
8773,1768266516
8774,1768266520
8775,1768266521
8776,1768267663
8777,1768364662
8778,1768364663
8779,1768669785
8780,1772428885
8781,1772429122
8782,1772429126
8783,1772429256
8784,1772429401
8785,1772499296
8786,1772499304
8787,1772499320
8788,1772499325
8789,1772499327
8790,1772499337
8791,1790978054
8792,1790978056
8793,1790978058
8794,1797775936
8795,1800207443
8796,1802316412
8797,1802319218
8798,1802504065
8799,1802504066
8800,1814490259
8801,1818452331
8802,1818452396
8803,1818452402
8804,1818452406
8805,1828449003
8806,1828449885
8807,1828449899
8808,1828458937
8809,1828458943
8810,1828458945
8811,1828458954
8812,1828458956
8813,1828458957
8814,1828458967
8815,1828458969
8816,1829366654
8817,1829366657
8818,1829366661
8819,1829366662
8820,1829373646
8821,1832657401
8822,1832662322
8823,1837499082
8824,1837499105
8825,1837519819
8826,1837519826
8827,1837519829
8828,1837519832
8829,1840747322
8830,1846698303
8831,1846698324
8832,1848285725
8833,1848288032
8834,1855181967
8835,1855202027
8836,1856590386
8837,1883305712
8838,1884908095
8839,1884908128
8840,1884908136
8841,1884908170
8842,1884908178
8843,1884908179
8844,1884908220
8845,1884908222
8846,1884908237
8847,1886254499
8848,1886254500
8849,1886254503
8850,1886254507
8851,1886254513
8852,1886254516
8853,1886254519
8854,1886254522
8855,1886254523
8856,1886254526
8857,1886254528
8858,1886254529
8859,1886254536
8860,1886254537
8861,1886254538
8862,1886254541
8863,1886254542
8864,1886254544
8865,1886254545
8866,1886254549
8867,1886254550
8868,1886254556
8869,1886254558
8870,1886254559
8871,1886254562
8872,1886254565
8873,1886254567
8874,1886254568
8875,1886254570
8876,1886254572
8877,1886254573
8878,1886254580
8879,1886254582
8880,1886254584
8881,1886254585
8882,1886254587
8883,1886254593
8884,1886566875
8885,1894118009
8886,1894118058
8887,1894118067
8888,1894118075
8889,1894118078
8890,1894129338
8891,1894129340
8892,1894129342
8893,1894129347
8894,1894129349
8895,1894129352
8896,1894129355
8897,1894129356
8898,1894129357
8899,1894129364
8900,1894129367
8901,1894129368
8902,1894129374
8903,1894129377
8904,1894129379
8905,1894129381
8906,1894130720
8907,1908357422
8908,1908357429
8909,1908357440
8910,1908402166
8911,1921023222
8912,1921023225
8913,1921023246
8914,1931806260
8915,1941053317
8916,1941070303
8917,1941070309
8918,1941070328
8919,1941070329
8920,1941070347
8921,1941070350
8922,1941070351
8923,1941075140
8924,1941075180
8925,1941075237
8926,1941075276
8927,1941075283
8928,1942193772
8929,1942193773
8930,1945411894
8931,1948374450
8932,1950786109
8933,1950786131
8934,1950786144
8935,1954707635
8936,1954897315
8937,1954897321
8938,1954897360
8939,1954897435
8940,1954897436
8941,1954897437
8942,1955000354
8943,1955000366
8944,1955000464
8945,1957912619
8946,1957912621
8947,1957912625
8948,1957912628
8949,1957912629
8950,1957912631
8951,1957912632
8952,1957912636
8953,1957912637
8954,1957912638
8955,1957912639
8956,1988085404
8957,1988085462
8958,1988085463
8959,1988388095
8960,2013520511
8961,2057196837
8962,2057196839
8963,2071393226
8964,2071393230
8965,2071393237
8966,2074213929
8967,2074398219
8968,2074398236
8969,2074398238
8970,2074453488
8971,2074453490
8972,2075741391
8973,2075769602
8974,2079492199
8975,2088360626
8976,2089511450
8977,2089511451
8978,2089511477
8979,2089511484
8980,2089511485
8981,2089511495
8982,2089511507
8983,2089511508
8984,2089511509
8985,2089511510
8986,2089511511
8987,2089511512
8988,2123224262
8989,2140942674
8990,2140942682
8991,2140942684
8992,2142137650
8993,2152808817
8994,2162170729
8995,2193903101
8996,2193903106
8997,2207782200
8998,2207782203
8999,2261556502
9000,2269027873
9001,2271268409
9002,2271268416
9003,2271268435
9004,2271268437
9005,2271268450
9006,2271268452
9007,2271268502
9008,2271268503
9009,2271268505
9010,2271268507
9011,2271268508
9012,2271285041
9013,2271285073
9014,2271289886
9015,2271289887
9016,2271289889
9017,2271289891
9018,2271289903
9019,2271289931
9020,2271294609
9021,2271320186
9022,2271320187
9023,2271320188
9024,2271320189
9025,2299387932
9026,2299387943
9027,2299387946
9028,2299407325
9029,2323816496
9030,2356280764
9031,2356280896
9032,2370264844
9033,2370264845
9034,2379697277
9035,2379704006
9036,2383038546
9037,2397945821
9038,2397945844
9039,2417304716
9040,2418455802
9041,2418457048
9042,2445818025
9043,2445857766
9044,2445857767
9045,2446633273
9046,2450494278
9047,2450497813
9048,2450499200
9049,2450499932
9050,2457559105
9051,2457559106
9052,2461152492
9053,2461152494
9054,2461152506
9055,2461152509
9056,2461152512
9057,2461178648
9058,2461178650
9059,2461178651
9060,2461178663
9061,2461178664
9062,2461178669
9063,2461178679
9064,2461178681
9065,2461178682
9066,2461178694
9067,2466216116
9068,2467369182
9069,2467398191
9070,2467516142
9071,2467516143
9072,2467577361
9073,2467729098
9074,2467835266
9075,2468479143
9076,2468479146
9077,2468479148
9078,2468486647
9079,2479690112
9080,2479690113
9081,2499321845
9082,2503531015
9083,2503576994
9084,2503576995
9085,2503611815
9086,2509891087
9087,2509891118
9088,2509891119
9089,2509891122
9090,2509891143
9091,2509891157
9092,2509891169
9093,2509891179
9094,2509891193
9095,2509891195
9096,2509891200
9097,2511419065
9098,2511419066
9099,2511419097
9100,2511419104
9101,2511419126
9102,2511419133
9103,2511443022
9104,2511443024
9105,2514545681
9106,2517143747
9107,2527733583
9108,2528885565
9109,2528913567
9110,2538159909
9111,2548323597
9112,2560837068
9113,2560860328
9114,2562992122
9115,2562992127
9116,2563905568
9117,2565781811
9118,2569140132
9119,2569150772
9120,2569150776
9121,2569323070
9122,2577821412
9123,2583491135
9124,2583491139
9125,2583491229
9126,2583557287
9127,2583557302
9128,2587548820
9129,2587548826
9130,2587548827
9131,2587548829
9132,2587548856
9133,2587548871
9134,2587548880
9135,2587548892
9136,2587548893
9137,2587548944
9138,2587548969
9139,2587548971
9140,2587552460
9141,2587552461
9142,2587552489
9143,2587552494
9144,2587553421
9145,2587553423
9146,2587555111
9147,2587555117
9148,2587555154
9149,2587564710
9150,2587602508
9151,2587602511
9152,2587602514
9153,2587602522
9154,2587602524
9155,2587602525
9156,2587602527
9157,2587602542
9158,2587602562
9159,2587602567
9160,2587602569
9161,2587602575
9162,2587602599
9163,2587602607
9164,2587602652
9165,2587602658
9166,2587602660
9167,2587602663
9168,2587602664
9169,2587605084
9170,2587612986
9171,2587612994
9172,2587612995
9173,2587613002
9174,2587617407
9175,2587617413
9176,2587617431
9177,2587617439
9178,2587617446
9179,2587617459
9180,2587619836
9181,2587621109
9182,2587625245
9183,2602852335
9184,2602856330
9185,2602856336
9186,2602871706
9187,2602871708
9188,2607291116
9189,2607291118
9190,2607291119
9191,2607305774
9192,2607305777
9193,2607333883
9194,2607333884
9195,2607347612
9196,2607379602
9197,2607379604
9198,2611781629
9199,2611781652
9200,2611786900
9201,2616024489
9202,2616024491
9203,2632105501
9204,2632113968
9205,2632148817
9206,2632148823
9207,2633212868
9208,2633212909
9209,2633212920
9210,2633212922
9211,2633212923
9212,2633212925
9213,2633212938
9214,2633212939
9215,2633212940
9216,2633212941
9217,2633212944
9218,2633212947
9219,2633212948
9220,2633212949
9221,2633212990
9222,2633212991
9223,2633235188
9224,2633235190
9225,2633235191
9226,2633235193
9227,2633250885
9228,2633250886
9229,2633250889
9230,2633250890
9231,2633250891
9232,2633261922
9233,2633268791
9234,2633268793
9235,2633268794
9236,2633268796
9237,2633268797
9238,2633268798
9239,2633268800
9240,2633268801
9241,2633268802
9242,2633268803
9243,2633268804
9244,2633268806
9245,2633268807
9246,2633268808
9247,2633268811
9248,2633268812
9249,2633268814
9250,2633268819
9251,2633268820
9252,2633268821
9253,2633268823
9254,2633268830
9255,2633268838
9256,2633268849
9257,2633268854
9258,2633268856
9259,2633268898
9260,2633268901
9261,2633268926
9262,2633268933
9263,2633268934
9264,2633268937
9265,2633268942
9266,2633268955
9267,2633268958
9268,2633268962
9269,2633268963
9270,2633329964
9271,2633329966
9272,2633329967
9273,2633329969
9274,2633329970
9275,2633329971
9276,2633329972
9277,2633330015
9278,2633330016
9279,2633330019
9280,2633330020
9281,2633330021
9282,2633346256
9283,2633352025
9284,2633352027
9285,2633352033
9286,2633352037
9287,2633352038
9288,2633352042
9289,2633352051
9290,2664968543
9291,2664981185
9292,2672700039
9293,2678081262
9294,2695636859
9295,2695641389
9296,2695641391
9297,2695641505
9298,2718225659
9299,2726836358
9300,2726836361
9301,2726836362
9302,2726836364
9303,2726836365
9304,2726836366
9305,2726836368
9306,2726836375
9307,2726836377
9308,2726836379
9309,2726836381
9310,2726836383
9311,2734386934
9312,2734386960
9313,2734386961
9314,2738824400
9315,2738954681
9316,2757802256
9317,2757903324
9318,2757903353
9319,2757903381
9320,2822071062
9321,2839169242
9322,2843259122
9323,2843259125
9324,2843295299
9325,2843302685
9326,2850345742
9327,2850345820
9328,2852193506
9329,2855562162
9330,2859301333
9331,2859301350
9332,2859368135
9333,2863412042
9334,2865704597
9335,2865704599
9336,2865709404
9337,2865709414
9338,2886434136
9339,2886456602
9340,2886571704
9341,2892638413
9342,2932458824
9343,2947201513
9344,2975218141
9345,2975696743
9346,2977200181
9347,2977200190
9348,3052778535
9349,3054618685
9350,3067726080
9351,3083905364
9352,3098676693
9353,3103152135
9354,3103152136
9355,3103152137
9356,3117948708
9357,3117948709
9358,3127489983
9359,3160812809
9360,3160812813
9361,3166132806
9362,3191318867
9363,3196664682
9364,3196709883
9365,3196709885
9366,3208487604
9367,3221616188
9368,3229004361
9369,3235811762
9370,3235811995
9371,3243901162
9372,3246034336
9373,3246034341
9374,3266599476
9375,3266599509
9376,3266599517
9377,3299171847
9378,3343697901
9379,3374424202
9380,3374424203
9381,3374424204
9382,3401294915
9383,3403261193
9384,3404821271
9385,3407258359
9386,3489214421
9387,3527370678
9388,3527370686
9389,3527406042
9390,3527406052
9391,3534514645
9392,3534520218
9393,3535143085
9394,3535143086
9395,3535150717
9396,3535309843
9397,3535309844
9398,3535309845
9399,3535309851
9400,3535309854
9401,3535313754
9402,3535313757
9403,3535313759
9404,3535313761
9405,3535335990
9406,3535349589
9407,3535349591
9408,3573886193
9409,3587030531
9410,3587030533
9411,3595769758
9412,3595791724
9413,3598239136
9414,3598239142
9415,3601635896
9416,3601635897
9417,3601635898
9418,3601797192
9419,3610291872
9420,3627222800
9421,3627222806
9422,3627916678
9423,3627916679
9424,3627916690
9425,3627916692
9426,3627917096
9427,3627917114
9428,3628033529
9429,3649842661
9430,3665596403
9431,3666796561
9432,3677616007
9433,3684919947
9434,3684919948
9435,3708899556
9436,3709380383
9437,3812153390
9438,3812153398
9439,3812153580
9440,3825918473
9441,3835207790
9442,3842089231
9443,3844025799
9444,3895176687
9445,3895176695
9446,3895176704
9447,3903934609
9448,3908188110
9449,3908262098
9450,3908262099
9451,3922129606
9452,3922129610
9453,3922129613
9454,3922129636
9455,3922314217
9456,3922314255
9457,3922314562
9458,3922314604
9459,3947105282
9460,3960856084
9461,3967922578
9462,3967922583
9463,3967922584
9464,3967922591
9465,3983839987
9466,4068201815
9467,4149894148
9468,4164445610
9469,4198177218
9470,4208396288
9471,4208396791
9472,4208396794
9473,4208396805
9474,4211640930
9475,4211640962
9476,4211774656
9477,4242563031
9478,4250001702
9479,4278719795
9480,4304645679
9481,4309923462
9482,4312340489
9483,4320678272
9484,4320807090
9485,4320807091
9486,4324729483
9487,4324729484
9488,4324729485
9489,4324733923
9490,4324749235
9491,4324757103
9492,4330255544
9493,4334865967
9494,4334865968
9495,4334865970
9496,4334865973
9497,4348132724
9498,4397322303
9499,4397322308
9500,4397322312
9501,4410768617
9502,4410768618
9503,4410998075
9504,4412520607
9505,4421302960
9506,4421302964
9507,4421302966
9508,4421302967
9509,4421302968
9510,4421302969
9511,4421302970
9512,4421302971
9513,4421302972
9514,4421302973
9515,4421302985
9516,4421304890
9517,4421403977
9518,4421403978
9519,4421403986
9520,4421404301
9521,4421404308
9522,4421404315
9523,4421404316
9524,4421404319
9525,4421404320
9526,4421404322
9527,4421404332
9528,4421442585
9529,4421442586
9530,4421442587
9531,4421451253
9532,4421463990
9533,4421463991
9534,4421464015
9535,4421487274
9536,4421487276
9537,4421487278
9538,4421487279
9539,4421494539
9540,4421494544
9541,4421494547
9542,4421494548
9543,4421494549
9544,4428870608
9545,4428926094
9546,4428926096
9547,4428926099
9548,4428926100
9549,4428926104
9550,4428926105
9551,4428926106
9552,4428926107
9553,4428926108
9554,4428926109
9555,4428926110
9556,4428926111
9557,4428926112
9558,4428926114
9559,4428926115
9560,4428926120
9561,4428926121
9562,4428926122
9563,4428926123
9564,4428926124
9565,4428926125
9566,4428926126
9567,4428926127
9568,4428926128
9569,4428926130
9570,4428926134
9571,4428926136
9572,4428926138
9573,4428926140
9574,4428956913
9575,4503278060
9576,4503317119
9577,4538962863
9578,4551425084
9579,4659861296
9580,4691593109
9581,4691593110
9582,4692391269
9583,4693337190
9584,4715958179
9585,4752743928
9586,4752743932
9587,4752743934
9588,4752743935
9589,4752743936
9590,4752743937
9591,4752743939
9592,4752743941
9593,4752743945
9594,4752751364
9595,4752751365
9596,4752751367
9597,4752816167
9598,4752816171
9599,4777145854
9600,4778472643
9601,4778472647
9602,4778792195
9603,4831265108
9604,4879643696
9605,4879643711
9606,4903638224
9607,4988311112
9608,5055016252
9609,5055016253
9610,5055016257
9611,5056454840
9612,5056491761
9613,5056491787
9614,5056491788
9615,5056491789
9616,5056491790
9617,5056491799
9618,5064338396
9619,5102565466
9620,5107464887
9621,5107464888
9622,5126916737
9623,5171358764
9624,5171469899
9625,5171469906
9626,5172251804
9627,5172251805
9628,5172251806
9629,5172251807
9630,5172251809
9631,5172251812
9632,5172251816
9633,5185156353
9634,5197287639
9635,5197509718
9636,5197513695
9637,5223230306
9638,5223230308
9639,5223230309
9640,5223242983
9641,5223242984
9642,5223242990
9643,5223242991
9644,5236576174
9645,5237516269
9646,5238736946
9647,5238736947
9648,5238736954
9649,5242533235
9650,5242533247
9651,5242533250
9652,5276898398
9653,5281561509
9654,5282129452
9655,5282138764
9656,5282138777
9657,5282193839
9658,5282193850
9659,5282193884
9660,5282194252
9661,5282228793
9662,5282228832
9663,5282305979
9664,5282305988
9665,5283509577
9666,5284066447
9667,5284066448
9668,5284066454
9669,5284066458
9670,5284137489
9671,5284185615
9672,5284188408
9673,5284188410
9674,5284188411
9675,5284251049
9676,5284251078
9677,5284251079
9678,5284282552
9679,5285071743
9680,5285111782
9681,5285121240
9682,5285121255
9683,5285121269
9684,5285949894
9685,5286026336
9686,5286026380
9687,5286026415
9688,5286026542
9689,5286055369
9690,5286055371
9691,5286055372
9692,5286055373
9693,5286064501
9694,5286078046
9695,5286095322
9696,5286148799
9697,5286171962
9698,5286225361
9699,5286775744
9700,5286775749
9701,5286794802
9702,5286795628
9703,5286795634
9704,5286819625
9705,5288960678
9706,5290876970
9707,5291822143
9708,5292825911
9709,5292825920
9710,5292826839
9711,5292826840
9712,5292826857
9713,5292873905
9714,5292875721
9715,5293250093
9716,5293250550
9717,5298075967
9718,5298232840
9719,5298232867
9720,5309543076
9721,5309545853
9722,5309602416
9723,5310986973
9724,5310986976
9725,5313614841
9726,5319775460
9727,5320093350
9728,5320093831
9729,5320263403
9730,5320266630
9731,5320266633
9732,5320266644
9733,5320376073
9734,5321320769
9735,5321515723
9736,5321515725
9737,5323125445
9738,5323125450
9739,5323125455
9740,5323125456
9741,5323125457
9742,5323125460
9743,5326625785
9744,5326628936
9745,5326639423
9746,5326668643
9747,5327321110
9748,5327522881
9749,5333662386
9750,5336909374
9751,5336909376
9752,5337102248
9753,5337102249
9754,5337102250
9755,5337102251
9756,5337102291
9757,5337102298
9758,5337102301
9759,5344946186
9760,5344984794
9761,5344985642
9762,5345043448
9763,5345047663
9764,5345047773
9765,5345047775
9766,5345048050
9767,5345049610
9768,5345098317
9769,5345098736
9770,5345098832
9771,5345203565
9772,5345208830
9773,5345208939
9774,5345208940
9775,5345208969
9776,5345210886
9777,5345211761
9778,5345211763
9779,5345214236
9780,5345215617
9781,5345217649
9782,5345217693
9783,5345217697
9784,5345223022
9785,5346233328
9786,5346233329
9787,5346233330
9788,5346233333
9789,5346233334
9790,5346233336
9791,5346233339
9792,5346233342
9793,5351704440
9794,5351790617
9795,5351799586
9796,5351802842
9797,5352041653
9798,5352165636
9799,5352171552
9800,5352181469
9801,5352193305
9802,5352195575
9803,5352196794
9804,5352198436
9805,5352201573
9806,5353606245
9807,5362514764
9808,5362531971
9809,5362535761
9810,5362535763
9811,5362535785
9812,5362537211
9813,5362537212
9814,5362733496
9815,5362733500
9816,5363815671
9817,5363815672
9818,5370386117
9819,5372277506
9820,5372278629
9821,5372278635
9822,5372278636
9823,5372278638
9824,5372278643
9825,5372278665
9826,5372629333
9827,5372629334
9828,5372629336
9829,5372629371
9830,5372629381
9831,5372629382
9832,5372629384
9833,5372629525
9834,5372629526
9835,5372629534
9836,5372629553
9837,5372629554
9838,5372648066
9839,5372648068
9840,5372648069
9841,5372648070
9842,5372667641
9843,5372667664
9844,5372675956
9845,5372675957
9846,5374028352
9847,5374028354
9848,5374028355
9849,5374159688
9850,5374159689
9851,5374159696
9852,5374367558
9853,5374378758
9854,5374900015
9855,5374907842
9856,5375465163
9857,5375574323
9858,5375574324
9859,5375574327
9860,5375574387
9861,5375595021
9862,5378038126
9863,5378051839
9864,5378070364
9865,5380606484
9866,5380606485
9867,5380606486
9868,5380606487
9869,5380606488
9870,5380606489
9871,5380606491
9872,5380606494
9873,5380606495
9874,5380606501
9875,5380606503
9876,5380606504
9877,5380606512
9878,5380606624
9879,5380606626
9880,5380606660
9881,5380606806
9882,5380606828
9883,5380606837
9884,5380606840
9885,5380606846
9886,5380632083
9887,5380727025
9888,5380727073
9889,5381795855
9890,5381795856
9891,5382071760
9892,5382071771
9893,5382071774
9894,5382071775
9895,5382071777
9896,5382158553
9897,5382158608
9898,5382158609
9899,5382158618
9900,5382158620
9901,5382159624
9902,5382165579
9903,5382165580
9904,5382165582
9905,5382283611
9906,5382283615
9907,5382284022
9908,5382284037
9909,5382284038
9910,5382284039
9911,5382284040
9912,5382284042
9913,5382284049
9914,5382284050
9915,5382284051
9916,5382284056
9917,5382284067
9918,5382284068
9919,5382284069
9920,5382284070
9921,5382284071
9922,5382284089
9923,5382284093
9924,5382284102
9925,5382284117
9926,5382284119
9927,5382284120
9928,5382926907
9929,5382926912
9930,5383119711
9931,5383119712
9932,5383131124
9933,5383131127
9934,5383131129
9935,5383131160
9936,5383283110
9937,5383283243
9938,5383283244
9939,5389758956
9940,5391199365
9941,5391332755
9942,5391332756
9943,5391332765
9944,5391332775
9945,5391512905
9946,5391512911
9947,5391622143
9948,5392784687
9949,5392784688
9950,5393303817
9951,5393303820
9952,5393356464
9953,5393400855
9954,5393400877
9955,5393408309
9956,5393408310
9957,5393408312
9958,5395982464
9959,5395982491
9960,5397797589
9961,5397797590
9962,5398032173
9963,5398032176
9964,5398032183
9965,5398032193
9966,5398032195
9967,5398032197
9968,5398032198
9969,5398032230
9970,5398032245
9971,5398032246
9972,5398032249
9973,5398032252
9974,5398032253
9975,5398032254
9976,5398032255
9977,5398032256
9978,5398148253
9979,5398321098
9980,5398366186
9981,5398366187
9982,5398579084
9983,5398579091
9984,5398614411
9985,5398638580
9986,5398688072
9987,5398688073
9988,5398688075
9989,5398688078
9990,5398689069
9991,5400458191
9992,5400621023
9993,5400924827
9994,5400924905
9995,5401096853
9996,5401122046
9997,5401129889
9998,5401129893
9999,5401129894
10000,5401129901
10001,5401140244
10002,5401163525
10003,5401163531
10004,5401163532
10005,5401225630
10006,5401226989
10007,5401227011
10008,5401227141
10009,5401238128
10010,5401238191
10011,5401284555
10012,5404700516
10013,5404701126
10014,5404701128
10015,5404739034
10016,5404739037
10017,5404739038
10018,5404764161
10019,5404764162
10020,5404764167
10021,5404764168
10022,5404764182
10023,5404764189
10024,5404764194
10025,5404764197
10026,5404764199
10027,5404764200
10028,5404831061
10029,5404836121
10030,5404836122
10031,5405077639
10032,5407779320
10033,5407782549
10034,5407782563
10035,5409534691
10036,5409534697
10037,5409534706
10038,5409534707
10039,5409534720
10040,5409534821
10041,5409638216
10042,5409958277
10043,5412228048
10044,5412228071
10045,5412399404
10046,5412399406
10047,5412399661
10048,5412399662
10049,5412451266
10050,5412487369
10051,5412487370
10052,5413937368
10053,5413937377
10054,5413937378
10055,5413945987
10056,5415513846
10057,5415961966
10058,5425793473
10059,5426327996
10060,5426947658
10061,5426972669
10062,5426989207
10063,5427060850
10064,5427060858
10065,5427060859
10066,5427060860
10067,5427082243
10068,5427113965
10069,5427163796
10070,5427170390
10071,5427234363
10072,5429397535
10073,5429397538
10074,5430323015
10075,5431113307
10076,5431113308
10077,5431114234
10078,5431114235
10079,5431114236
10080,5431114237
10081,5431168964
10082,5432489534
10083,5432533963
10084,5432533964
10085,5432562509
10086,5432562511
10087,5432562512
10088,5432562513
10089,5432562516
10090,5432602062
10091,5432619612
10092,5432619613
10093,5432736507
10094,5432844416
10095,5432851539
10096,5440091887
10097,5440112941
10098,5446799146
10099,5446811375
10100,5452582524
10101,5457413606
10102,5457413615
10103,5457451220
10104,5457452443
10105,5458388181
10106,5458758408
10107,5458758414
10108,5464302309
10109,5464354432
10110,5465011922
10111,5465027747
10112,5466299295
10113,5468690258
10114,5468690288
10115,5468690289
10116,5468690301
10117,5468690302
10118,5468710308
10119,5469368923
10120,5469393267
10121,5469393272
10122,5469411478
10123,5472104745
10124,5472105348
10125,5472105349
10126,5472174386
10127,5472174387
10128,5472859903
10129,5472859904
10130,5472868281
10131,5472868284
10132,5472868285
10133,5472868288
10134,5472868289
10135,5472868290
10136,5472868294
10137,5472868296
10138,5472868297
10139,5472868298
10140,5473025897
10141,5473025914
10142,5473026038
10143,5473026041
10144,5473026064
10145,5473026085
10146,5473078121
10147,5473078149
10148,5474648696
10149,5475044862
10150,5475436201
10151,5475456844
10152,5475456845
10153,5475456851
10154,5475469605
10155,5475547264
10156,5475547278
10157,5475547289
10158,5475547313
10159,5475548322
10160,5475548325
10161,5475548328
10162,5475576560
10163,5475576575
10164,5475576580
10165,5475576590
10166,5475864118
10167,5475864430
10168,5475864431
10169,5475864432
10170,5475864434
10171,5475876069
10172,5475876070
10173,5475876072
10174,5475876073
10175,5475876075
10176,5475876084
10177,5475890840
10178,5475974837
10179,5475974855
10180,5475974899
10181,5475974913
10182,5475991967
10183,5476173034
10184,5476173053
10185,5476173054
10186,5476173123
10187,5476173124
10188,5476179934
10189,5476198299
10190,5476198301
10191,5476198306
10192,5478200983
10193,5478214018
10194,5478242215
10195,5478260430
10196,5478260447
10197,5478260463
10198,5478260468
10199,5478270298
10200,5478270302
10201,5478312891
10202,5478313541
10203,5478313542
10204,5478415171
10205,5479227113
10206,5479227115
10207,5479227127
10208,5497146918
10209,5497147624
10210,5498950589
10211,5499066464
10212,5499066488
10213,5499066500
10214,5499066501
10215,5499066507
10216,5499199748
10217,5499240550
10218,5499240563
10219,5499324520
10220,5499324621
10221,5499329527
10222,5499496434
10223,5499511248
10224,5500048548
10225,5512736224
10226,5512736226
10227,5512736228
10228,5512736229
10229,5512736230
10230,5512736231
10231,5512736233
10232,5512736234
10233,5512736235
10234,5512736236
10235,5512736237
10236,5512736238
10237,5512736239
10238,5512736241
10239,5512743456
10240,5512743462
10241,5512764926
10242,5513650116
10243,5513651829
10244,5513651843
10245,5513651850
10246,5513651851
10247,5515806586
10248,5521505457
10249,5524865960
10250,5524865961
10251,5528597991
10252,5528598003
10253,5528598004
10254,5528750957
10255,5529571894
10256,5529571895
10257,5530804608
10258,5530838832
10259,5536826835
10260,5536826840
10261,5536826847
10262,5536826848
10263,5536826850
10264,5536826851
10265,5536826852
10266,5536826853
10267,5536826858
10268,5536826867
10269,5536826868
10270,5536826869
10271,5536826870
10272,5536826871
10273,5536826876
10274,5536826879
10275,5536826882
10276,5536826909
10277,5536826915
10278,5536826916
10279,5536828821
10280,5536828822
10281,5536828829
10282,5536828835
10283,5541597446
10284,5544309389
10285,5545401838
10286,5546567825
10287,5546819095
10288,5546819111
10289,5546819115
10290,5546821067
10291,5547655644
10292,5548076834
10293,5548093433
10294,5548093434
10295,5548182634
10296,5548182640
10297,5548272643
10298,5548272644
10299,5555340965
10300,5555340974
10301,5555354115
10302,5555354118
10303,5555354439
10304,5555354454
10305,5575045457
10306,5575063133
10307,5575063134
10308,5585622053
10309,5585714672
10310,5585714673
10311,5585728830
10312,5585733884
10313,5585733885
10314,5585745821
10315,5585745822
10316,5585745823
10317,5587844133
10318,5591321842
10319,5591321843
10320,5591321846
10321,5591322380
10322,5591322381
10323,5591322382
10324,5591322383
10325,5591330273
10326,5591330274
10327,5591330278
10328,5591330282
10329,5591330295
10330,5591330317
10331,5591331222
10332,5591331223
10333,5591331225
10334,5591331228
10335,5592324072
10336,5592324073
10337,5592324075
10338,5593686599
10339,5613325124
10340,5613325156
10341,5620789366
10342,5620789367
10343,5625229853
10344,5625244145
10345,5625254531
10346,5625254537
10347,5625254546
10348,5625254553
10349,5627117899
10350,5627242924
10351,5627323741
10352,5627432617
10353,5628893606
10354,5633317223
10355,5633317256
10356,5633317263
10357,5633317270
10358,5633335055
10359,5633335058
10360,5633335062
10361,5633396037
10362,5633396043
10363,5633441674
10364,5633441685
10365,5633441694
10366,5633441695
10367,5633577115
10368,5633578321
10369,5634004227
10370,5634677862
10371,5634693704
10372,5634768371
10373,5634782036
10374,5634782039
10375,5634813676
10376,5634813678
10377,5634814422
10378,5635133229
10379,5635690056
10380,5635690059
10381,5635712490
10382,5635712491
10383,5635712492
10384,5637403353
10385,5637403356
10386,5637403362
10387,5637403364
10388,5637403367
10389,5637403370
10390,5637403372
10391,5637403374
10392,5637403379
10393,5637420392
10394,5637420395
10395,5637420396
10396,5641014775
10397,5641030413
10398,5641903438
10399,5643246934
10400,5643246936
10401,5643282538
10402,5643282539
10403,5643282540
10404,5643282541
10405,5643290212
10406,5643290213
10407,5643290214
10408,5643305474
10409,5643305483
10410,5643305484
10411,5643906037
10412,5644476644
10413,5644476645
10414,5644514821
10415,5644514822
10416,5644514840
10417,5644533614
10418,5644636402
10419,5644821972
10420,5644821973
10421,5644821974
10422,5644821975
10423,5644837124
10424,5644868168
10425,5644868183
10426,5644868185
10427,5644868186
10428,5645686742
10429,5645686743
10430,5645704408
10431,5645833513
10432,5645833515
10433,5645833517
10434,5645833518
10435,5645915514
10436,5645915515
10437,5645915517
10438,5645915518
10439,5645915624
10440,5646896778
10441,5646911807
10442,5646920541
10443,5646920542
10444,5646920543
10445,5646920544
10446,5646920561
10447,5646920568
10448,5647930989
10449,5647930990
10450,5647930993
10451,5647931008
10452,5648066255
10453,5648066260
10454,5648066263
10455,5648078322
10456,5648084298
10457,5648084299
10458,5648108587
10459,5648108591
10460,5648152457
10461,5648183623
10462,5648183624
10463,5648183625
10464,5648236624
10465,5648236629
10466,5648236630
10467,5648236631
10468,5648236632
10469,5648236633
10470,5648265574
10471,5648725400
10472,5649170943
10473,5649170944
10474,5649648604
10475,5649829078
10476,5649829079
10477,5649979956
10478,5649979977
10479,5650048730
10480,5650048744
10481,5650197948
10482,5650197959
10483,5650875340
10484,5650905152
10485,5651019205
10486,5651019210
10487,5651019581
10488,5651084874
10489,5651408659
10490,5651791336
10491,5651791337
10492,5651830645
10493,5651830653
10494,5651830659
10495,5651830660
10496,5651962014
10497,5651962015
10498,5651964864
10499,5651964865
10500,5651964867
10501,5651964902
10502,5651964903
10503,5651964909
10504,5651965044
10505,5651965229
10506,5652100140
10507,5652156831
10508,5652176423
10509,5652176430
10510,5652176460
10511,5652176463
10512,5652742376
10513,5652768413
10514,5652768417
10515,5652768418
10516,5652768419
10517,5653384746
10518,5653384747
10519,5653384748
10520,5653384749
10521,5653942272
10522,5653942296
10523,5653988368
10524,5654077627
10525,5654077630
10526,5654077631
10527,5654077639
10528,5654077640
10529,5654077642
10530,5654077661
10531,5654077667
10532,5654077682
10533,5654098019
10534,5654135298
10535,5654135305
10536,5654135427
10537,5654285072
10538,5654285074
10539,5654285079
10540,5654285083
10541,5654285103
10542,5654286908
10543,5654286909
10544,5654334129
10545,5654334132
10546,5654355578
10547,5654355593
10548,5654355598
10549,5654355600
10550,5654355603
10551,5654355604
10552,5654409426
10553,5654409427
10554,5654409428
10555,5654409429
10556,5654409434
10557,5654409436
10558,5654409438
10559,5654409439
10560,5654409440
10561,5654958646
10562,5654958647
10563,5654958648
10564,5654958649
10565,5654958652
10566,5654958653
10567,5654958654
10568,5654958655
10569,5654958656
10570,5654958657
10571,5654958658
10572,5655128868
10573,5655128872
10574,5655128877
10575,5655128890
10576,5655128891
10577,5655128893
10578,5655128895
10579,5655128896
10580,5655128915
10581,5655128916
10582,5655128920
10583,5655129326
10584,5655129327
10585,5655129332
10586,5655129333
10587,5655129335
10588,5655129339
10589,5655129342
10590,5655129343
10591,5655129344
10592,5655129345
10593,5655129349
10594,5655129350
10595,5655129351
10596,5655129352
10597,5655129356
10598,5655129357
10599,5655129362
10600,5655129363
10601,5655129365
10602,5655266417
10603,5655266623
10604,5655266657
10605,5655266661
10606,5655266667
10607,5655490961
10608,5655490962
10609,5655491866
10610,5655654709
10611,5655654713
10612,5655654714
10613,5655654715
10614,5655654716
10615,5655654717
10616,5655654718
10617,5655654719
10618,5655656325
10619,5655656334
10620,5655656336
10621,5655656338
10622,5655656342
10623,5657755383
10624,5661479621
10625,5661547838
10626,5661547855
10627,5661547858
10628,5661547868
10629,5662661078
10630,5662664520
10631,5662665224
10632,5664341151
10633,5664341152
10634,5664341154
10635,5664365834
10636,5664365835
10637,5664365839
10638,5664365841
10639,5666697060
10640,5666839119
10641,5666839727
10642,5666839730
10643,5666894540
10644,5666894547
10645,5666894552
10646,5666894567
10647,5666943541
10648,5666953368
10649,5666953369
10650,5666953370
10651,5666953371
10652,5666955821
10653,5666975364
10654,5666975366
10655,5666986212
10656,5666986213
10657,5666986219
10658,5667042981
10659,5667042993
10660,5667042999
10661,5667043019
10662,5667047031
10663,5667047036
10664,5667047038
10665,5667075302
10666,5669823221
10667,5669862521
10668,5669885383
10669,5669885395
10670,5670776864
10671,5670806989
10672,5670935485
10673,5670935523
10674,5670941761
10675,5670943731
10676,5673071641
10677,5673071667
10678,5673071669
10679,5673071670
10680,5673071671
10681,5673071672
10682,5673071673
10683,5673071674
10684,5673071677
10685,5673071678
10686,5673071679
10687,5673071680
10688,5673071682
10689,5673071683
10690,5673071687
10691,5673071688
10692,5673071698
10693,5673840616
10694,5673840617
10695,5673914189
10696,5674040265
10697,5674413424
10698,5674413428
10699,5674470969
10700,5674470971
10701,5674470995
10702,5674470996
10703,5674470997
10704,5674471000
10705,5674471003
10706,5674471006
10707,5674471009
10708,5675741031
10709,5675741033
10710,5675866885
10711,5675866890
10712,5675998663
10713,5675999231
10714,5675999232
10715,5675999233
10716,5675999234
10717,5675999235
10718,5675999236
10719,5677961359
10720,5678027881
10721,5678064469
10722,5678064475
10723,5678064493
10724,5678064508
10725,5678064511
10726,5678064512
10727,5678064513
10728,5678064514
10729,5678064515
10730,5678064516
10731,5678064518
10732,5678093727
10733,5678093743
10734,5679460756
10735,5679460757
10736,5679473091
10737,5679473093
10738,5679546342
10739,5679923630
10740,5680043636
10741,5680043638
10742,5680043640
10743,5680043641
10744,5680081175
10745,5680134346
10746,5680134347
10747,5680163065
10748,5680187093
10749,5680187097
10750,5680187098
10751,5680187110
10752,5680187111
10753,5680205326
10754,5680205335
10755,5680205337
10756,5682216161
10757,5682216162
10758,5682216169
10759,5682216170
10760,5682259585
10761,5682259593
10762,5682259594
10763,5682314432
10764,5682314435
10765,5682335069
10766,5682335070
10767,5682395017
10768,5682404698
10769,5682485830
10770,5682485832
10771,5682485833
10772,5682485841
10773,5682658365
10774,5682660293
10775,5682660301
10776,5682670018
10777,5682682455
10778,5682682456
10779,5682682459
10780,5682682462
10781,5682687750
10782,5682724524
10783,5682724527
10784,5682724532
10785,5682724538
10786,5682752747
10787,5682752750
10788,5682752751
10789,5682752752
10790,5682752755
10791,5682752758
10792,5684208691
10793,5713812924
10794,5713884794
10795,5713884798
10796,5713884816
10797,5713905695
10798,5713963752
10799,5713999079
10800,5721090587
10801,5721090590
10802,5721090591
10803,5721115738
10804,5721115739
10805,5721115742
10806,5723328374
10807,5723328376
10808,5723328379
10809,5725930449
10810,5725930458
10811,5725930510
10812,5727241521
10813,5728822185
10814,5728822186
10815,5729568362
10816,5731638965
10817,5731638971
10818,5733258212
10819,5735922081
10820,5741144166
10821,5741144174
10822,5741144180
10823,5741144182
10824,5766134850
10825,5777831221
10826,5778970613
10827,5778970618
10828,5778970619
10829,5817156711
10830,5817156714
10831,5822242285
10832,5822242287
10833,5822242289
10834,5822242318
10835,5822280105
10836,5822280106
10837,5825847084
10838,5828730006
10839,5828801366
10840,5828824585
10841,5831023157
10842,5831023159
10843,5831023171
10844,5831023183
10845,5831023886
10846,5831314788
10847,5831314789
10848,5831314793
10849,5831314794
10850,5831314795
10851,5831314796
10852,5831314814
10853,5831314815
10854,5831314816
10855,5831334117
10856,5832233083
10857,5832233084
10858,5832237785
10859,5837647397
10860,5837647398
10861,5837647399
10862,5837647402
10863,5837647403
10864,5837647404
10865,5837647406
10866,5866942652
10867,5866942653
10868,5866942674
10869,5866942675
10870,5866942678
10871,5866942679
10872,5866994061
10873,5866994074
10874,5866994075
10875,5866994076
10876,5867027312
10877,5867027318
10878,5867052311
10879,5867052314
10880,5867052323
10881,5867052324
10882,5867052325
10883,5867052330
10884,5867052349
10885,5867052356
10886,5867175078
10887,5867175080
10888,5867175081
10889,5867175083
10890,5867391208
10891,5867391212
10892,5867391214
10893,5868170496
10894,5868170499
10895,5868170507
10896,5868170508
10897,5868170520
10898,5868170521
10899,5869770192
10900,5869770198
10901,5869770199
10902,5869782263
10903,5870173719
10904,5870173720
10905,5870209637
10906,5870209754
10907,5870290011
10908,5873123688
10909,5873123692
10910,5877671152
10911,5880284521
10912,5880308679
10913,5880308680
10914,5880309495
10915,5880309496
10916,5880309497
10917,5880309498
10918,5880330753
10919,5880330754
10920,5883177378
10921,5883177697
10922,5883177719
10923,5883177723
10924,5883250991
10925,5883250994
10926,5883250997
10927,5883250998
10928,5883250999
10929,5883251002
10930,5883544771
10931,5883544773
10932,5883944835
10933,5883944836
10934,5941632467
10935,5952994588
10936,5970752579
10937,6011580364
10938,6012918505
10939,6046405629
10940,6048379819
10941,6054242042
10942,6054242043
10943,6065616322
10944,6097106258
10945,6098125544
10946,6099634994
10947,6099634995
10948,6115599988
10949,6116862922
10950,6118136437
10951,6118647287
10952,6118647288
10953,6118647289
10954,6118654717
10955,6119095901
10956,6119095902
10957,6121114166
10958,6121114173
10959,6121114175
10960,6121114178
10961,6122518227
10962,6123488349
10963,6125515216
10964,6130932331
10965,6130932333
10966,6130932335
10967,6130932336
10968,6130932337
10969,6130973900
10970,6130973901
10971,6130973943
10972,6130973947
10973,6130973948
10974,6131014881
10975,6131045834
10976,6131081092
10977,6131081094
10978,6131121245
10979,6131121251
10980,6131121257
10981,6132955456
10982,6132955457
10983,6136496368
10984,6139123303
10985,6139123304
10986,6180829162
10987,6180829163
10988,6180829165
10989,6191539336
10990,6191539337
10991,6264891389
10992,6264891429
10993,6300532310
10994,6300532332
10995,6300532336
10996,6300532337
10997,6300532342
10998,6313581096
10999,6328416684
11000,6328480697
11001,6332131559
11002,6337796715
11003,6357439508
11004,6401747494
11005,6417179613
11006,6433518751
11007,6434727221
11008,6434727227
11009,6454084005
11010,6454084019
11011,6454094823
11012,6454094827
11013,6454106623
11014,6454106629
11015,6454106631
11016,6454106632
11017,6454200428
11018,6477278125
11019,6484698556
11020,6505184732
11021,6505184735
11022,6505208683
11023,6505409017
11024,6507412839
11025,6507429513
11026,6507429515
11027,6507472580
11028,6507629053
11029,6510134624
11030,6510134625
11031,6510134626
11032,6510134638
11033,6510134640
11034,6510178594
11035,6510178595
11036,6510220788
11037,6510434097
11038,6510434098
11039,6510455188
11040,6510466734
11041,6510954398
11042,6517947242
11043,6541384873
11044,6557297147
11045,6569180070
11046,6583138609
11047,6583138610
11048,6592809709
11049,6608967030
11050,6609043602
11051,6609043603
11052,6609055514
11053,6609748131
11054,6609977857
11055,6609977860
11056,6615831430
11057,6615831431
11058,6615831507
11059,6615831508
11060,6616006252
11061,6616006253
11062,6616010167
11063,6616010168
11064,6616010169
11065,6616206168
11066,6616206169
11067,6616206170
11068,6618322017
11069,6618409266
11070,6618409271
11071,6622140388
11072,6622140390
11073,6622140393
11074,6622286349
11075,6622467002
11076,6625568858
11077,6626911460
11078,6626911466
11079,6626961642
11080,6627663680
11081,6630761944
11082,6630761946
11083,6636742026
11084,6636869542
11085,6640187380
11086,6652526287
11087,6652526288
11088,6657312349
11089,6657579973
11090,6659891709
11091,6659891715
11092,6659891722
11093,6659891729
11094,6659896555
11095,6659896560
11096,6659952338
11097,6659952341
11098,6659981185
11099,6659981192
11100,6659981200
11101,6660103895
11102,6660350351
11103,6660350364
11104,6660368518
11105,6663000368
11106,6663000369
11107,6669763685
11108,6676060192
11109,6758175962
11110,6758689136
11111,6758703541
11112,6758703542
11113,6771280642
11114,6791797852
11115,6791797853
11116,6791797854
11117,6814792676
11118,6814792680
11119,6814792683
11120,6814812986
11121,6814812987
11122,6814812990
11123,6868513611
11124,6868513619
11125,6868513621
11126,6868513625
11127,6880513037
11128,6880567559
11129,6880880138
11130,6880880141
11131,6880880143
11132,6957636094
11133,6958974206
11134,6958974487
11135,6959173430
11136,6968526388
11137,6968632785
11138,6978498485
11139,6980195041
11140,6980195046
11141,6980195053
11142,6991329990
11143,7011602390
11144,7011602391
11145,7016074499
11146,7039840971
11147,7041200005
11148,7041200006
11149,7041200008
11150,7045313689
11151,7050800185
11152,7079099107
11153,7111317557
11154,7142196831
11155,7200437085
11156,7222203180
11157,7223810088
11158,7234355864
11159,7236096671
11160,7236266925
11161,7245082388
11162,7245082389
11163,7252220992
11164,7252221084
11165,7257055652
11166,7282502959
11167,7282534436
11168,7282534437
11169,7282715197
11170,7282715198
11171,7282929353
11172,7282929354
11173,7301241846
11174,7301241847
11175,7340579087
11176,7397279022
11177,7400320998
11178,7400320999
11179,7400321004
11180,7400321005
11181,7400321006
11182,7403909514
11183,7403909516
11184,7403913529
11185,7418236940
11186,7429174483
11187,7432223207
11188,7435991474
11189,7437024827
11190,7441541983
11191,7443755848
11192,7443755849
11193,7443810966
11194,7443810967
11195,7444494778
11196,7446988027
11197,7447553610
11198,7449041394
11199,7452256092
11200,7452767595
11201,7452848139
11202,7455043481
11203,7455630405
11204,7455630409
11205,7455630411
11206,7455630412
11207,7455630430
11208,7455630431
11209,7455630433
11210,7455630434
11211,7456580052
11212,7458773637
11213,7458773647
11214,7460759229
11215,7461113916
11216,7461113960
11217,7461766842
11218,7462319366
11219,7465240252
11220,7465756880
11221,7466099519
11222,7466165447
11223,7466173845
11224,7466667603
11225,7469048482
11226,7469048483
11227,7469048484
11228,7469048485
11229,7469048486
11230,7470248711
11231,7472649544
11232,7472998947
11233,7475593516
11234,7477917339
11235,7479374375
11236,7483579292
11237,7483590811
11238,7484164253
11239,7484379531
11240,7485853558
11241,7487932872
11242,7491528830
11243,7496717349
11244,7509925493
11245,7510756040
11246,7511283860
11247,7511958267
11248,7511958723
11249,7512596807
11250,7512596808
11251,7512596842
11252,7517179180
11253,7521701042
11254,7525140037
11255,7530608553
11256,7535900410
11257,7556361060
11258,7556361075
11259,7556361079
11260,7556361080
11261,7556361083
11262,7556408788
11263,7556408791
11264,7556408794
11265,7556408796
11266,7556408801
11267,7556408804
11268,7556408810
11269,7564868815
11270,7564977485
11271,7565066704
11272,7572471420
11273,7576817235
11274,7579406843
11275,7588225768
11276,7588420012
11277,7588944989
11278,7590770196
11279,7594071671
11280,7594652511
11281,7601392430
11282,7610879663
11283,7611157785
11284,7696100532
11285,7696100534
11286,7696100547
11287,7696100558
11288,7729738721
11289,7729752192
11290,7729752197
11291,7729752198
11292,7786506723
11293,7797754060
11294,7874680561
11295,7874717567
11296,7885697918
11297,7899078632
11298,7899078672
11299,7911427887
11300,7961437437
11301,7961437449
11302,7965461283
11303,7965770444
11304,7965770445
11305,7975733330
11306,7975988018
11307,7979846277
11308,7979850154
11309,7980112425
11310,7983296452
11311,7987103145
11312,7990452502
11313,7990853619
11314,7990906061
11315,7990917227
11316,7990920345
11317,8005176197
11318,8008137671
11319,8008245253
11320,8008260877
11321,8014012423
11322,8021451421
11323,8021482687
11324,8023582715
11325,8023698652
11326,8023766657
11327,8024015531
11328,8024036448
11329,8024036449
11330,8064099783
11331,8064158273
11332,8077109182
11333,8077109183
11334,8096007670
11335,8096007672
11336,8110281528
11337,8110281529
11338,8110281531
11339,8110281538
11340,8110281540
11341,8110281542
11342,8110281549
11343,8110445858
11344,8110445859
11345,8110445860
11346,8110445861
11347,8110513675
11348,8152946753
11349,8182005301
11350,8182005302
11351,8188560933
11352,8239925614
11353,8239943917
11354,8240805797
11355,8246818046
11356,8247497166
11357,8251700083
11358,8256137604
11359,8256795650
11360,8257569197
11361,8258424956
11362,8258424964
11363,8267456152
11364,8267580757
11365,8268344607
11366,8268437111
11367,8268454667
11368,8268591904
11369,8268625417
11370,8268625418
11371,8268625421
11372,8268625430
11373,8268625431
11374,8268625432
11375,8268625433
11376,8268625434
11377,8268625435
11378,8268625445
11379,8274918306
11380,8274980808
11381,8276226196
11382,8276510912
11383,8276632527
11384,8281893616
11385,8281987018
11386,8291537336
11387,8291537337
11388,8291537338
11389,8291537339
11390,8291537340
11391,8291537341
11392,8291569941
11393,8291569942
11394,8291808070
11395,8291808071
11396,8291899859
11397,8292586444
11398,8295355312
11399,8295355313
11400,8295355315
11401,8295390418
11402,8296005796
11403,8296338041
11404,8299248163
11405,8299302988
11406,8301369364
11407,8302558057
11408,8305032017
11409,8305398882
11410,8305398883
11411,8309804973
11412,8310249190
11413,8310259879
11414,8310259883
11415,8310267486
11416,8310440168
11417,8310495086
11418,8310522580
11419,8310544926
11420,8310544927
11421,8310544928
11422,8310599813
11423,8310629205
11424,8310692750
11425,8310733409
11426,8310733411
11427,8310750780
11428,8310750781
11429,8310750782
11430,8310750783
11431,8310750802
11432,8310853249
11433,8310853259
11434,8310884104
11435,8310884112
11436,8310884114
11437,8310932481
11438,8310932482
11439,8310932493
11440,8310932494
11441,8310945318
11442,8310956901
11443,8310956906
11444,8310958645
11445,8310958646
11446,8310984655
11447,8310984656
11448,8310984658
11449,8310993037
11450,8311009581
11451,8311051079
11452,8311199622
11453,8311230036
11454,8311418944
11455,8311425094
11456,8311451908
11457,8311541692
11458,8311541693
11459,8311541694
11460,8311541699
11461,8311582464
11462,8311586465
11463,8311586467
11464,8311617328
11465,8311635866
11466,8311638616
11467,8311764549
11468,8311764555
11469,8311765247
11470,8311833096
11471,8311833101
11472,8311890702
11473,8311890709
11474,8311902987
11475,8311902988
11476,8311902989
11477,8311902990
11478,8311990958
11479,8311990964
11480,8312047010
11481,8312078418
11482,8312113474
11483,8312156956
11484,8312186478
11485,8312186481
11486,8312191651
11487,8312191657
11488,8312253827
11489,8312354511
11490,8312407414
11491,8312407415
11492,8312407416
11493,8312487517
11494,8312576094
11495,8313102019
11496,8313102021
11497,8313142181
11498,8313402161
11499,8313402163
11500,8313567609
11501,8313579574
11502,8313579580
11503,8313581679
11504,8313615021
11505,8313640982
11506,8313640983
11507,8313669184
11508,8313669185
11509,8313679045
11510,8313679046
11511,8313690801
11512,8313722880
11513,8313722881
11514,8313722882
11515,8313745101
11516,8313745102
11517,8313745105
11518,8313757581
11519,8313760572
11520,8313760585
11521,8313765552
11522,8313765795
11523,8313765796
11524,8313767555
11525,8313768843
11526,8313768846
11527,8313771871
11528,8313788449
11529,8313788484
11530,8313792142
11531,8313796767
11532,8313811504
11533,8313811505
11534,8313811508
11535,8313811645
11536,8313817655
11537,8313820822
11538,8313820824
11539,8313826985
11540,8313826986
11541,8313830325
11542,8313841038
11543,8313850402
11544,8313852419
11545,8313857407
11546,8313863938
11547,8313869710
11548,8313883600
11549,8313883613
11550,8313947960
11551,8313955336
11552,8313967255
11553,8314060392
11554,8314065112
11555,8314082976
11556,8314082978
11557,8314089080
11558,8314089089
11559,8314089096
11560,8314089097
11561,8314089100
11562,8314089101
11563,8314089104
11564,8314094288
11565,8314094299
11566,8314094302
11567,8314105482
11568,8314110425
11569,8314110430
11570,8314153606
11571,8314153607
11572,8314163705
11573,8314202711
11574,8314202712
11575,8314202713
11576,8314204650
11577,8314205066
11578,8314205074
11579,8314206617
11580,8314206622
11581,8314236541
11582,8314236544
11583,8314244994
11584,8314345789
11585,8314347718
11586,8314354435
11587,8314369546
11588,8314388625
11589,8314388631
11590,8314390768
11591,8314429599
11592,8314429600
11593,8314432971
11594,8314432975
11595,8314442708
11596,8314442714
11597,8314460827
11598,8314465464
11599,8314467903
11600,8314467904
11601,8314531699
11602,8314531775
11603,8314531782
11604,8314531786
11605,8314541147
11606,8314543805
11607,8314560535
11608,8314560539
11609,8314561431
11610,8314564468
11611,8314576037
11612,8314576039
11613,8314585818
11614,8314598185
11615,8314624074
11616,8314633350
11617,8314642396
11618,8314690935
11619,8314690939
11620,8314701150
11621,8314701153
11622,8314709876
11623,8314714141
11624,8314733331
11625,8314733338
11626,8314733339
11627,8314733340
11628,8314766741
11629,8314766746
11630,8314776970
11631,8314803965
11632,8314805416
11633,8314824259
11634,8314824861
11635,8314826478
11636,8314826482
11637,8314858831
11638,8314877529
11639,8314891531
11640,8314905103
11641,8314906943
11642,8314906948
11643,8314934747
11644,8314942904
11645,8314949417
11646,8314993295
11647,8315014337
11648,8315014392
11649,8315014393
11650,8315023699
11651,8315023706
11652,8315033770
11653,8315033773
11654,8315040344
11655,8315040346
11656,8315140452
11657,8315181126
11658,8315213210
11659,8315286012
11660,8315323608
11661,8315323610
11662,8315363497
11663,8315369038
11664,8315369045
11665,8315427725
11666,8315713905
11667,8316190532
11668,8316258496
11669,8316258498
11670,8316268078
11671,8316358783
11672,8316358784
11673,8316871414
11674,8317092493
11675,8317341409
11676,8317341413
11677,8317368374
11678,8317373876
11679,8317373879
11680,8317378554
11681,8317383888
11682,8317444420
11683,8317444423
11684,8317444426
11685,8317448603
11686,8317448607
11687,8317454754
11688,8317493925
11689,8317515451
11690,8317515453
11691,8317516380
11692,8317516989
11693,8317529091
11694,8317536857
11695,8317551901
11696,8317553864
11697,8317553865
11698,8317567560
11699,8317567561
11700,8317574499
11701,8317583246
11702,8317592876
11703,8317594814
11704,8317598714
11705,8317598716
11706,8317601153
11707,8317605054
11708,8317605058
11709,8317628574
11710,8317632317
11711,8317632319
11712,8317644884
11713,8317655690
11714,8317658254
11715,8317658255
11716,8317661382
11717,8317663066
11718,8317663067
11719,8317663068
11720,8317665841
11721,8317678158
11722,8317678159
11723,8317686715
11724,8317689069
11725,8317692316
11726,8317694663
11727,8317694664
11728,8317694665
11729,8317702176
11730,8317702307
11731,8317702308
11732,8317706918
11733,8317708440
11734,8317711679
11735,8317719656
11736,8317740713
11737,8317740714
11738,8317758976
11739,8317769611
11740,8317769841
11741,8317769842
11742,8317770648
11743,8317792923
11744,8317792924
11745,8317792926
11746,8317792928
11747,8317792929
11748,8317792930
11749,8317792933
11750,8317817003
11751,8317827634
11752,8317827635
11753,8317828016
11754,8317840362
11755,8317840363
11756,8317848091
11757,8317853074
11758,8317874826
11759,8317877049
11760,8317887368
11761,8317889023
11762,8317889401
11763,8317924089
11764,8317924090
11765,8317942194
11766,8317963868
11767,8317976962
11768,8317991169
11769,8317994611
11770,8318038713
11771,8318039903
11772,8318039904
11773,8318056383
11774,8318056826
11775,8318073121
11776,8318073968
11777,8318077561
11778,8318103595
11779,8318106580
11780,8318108497
11781,8318108498
11782,8318126281
11783,8318152630
11784,8318153679
11785,8318195871
11786,8318215045
11787,8318215046
11788,8318246194
11789,8318251381
11790,8318251386
11791,8318290650
11792,8318296632
11793,8318323052
11794,8318335958
11795,8318336158
11796,8318336160
11797,8318429242
11798,8318429245
11799,8318434305
11800,8318434306
11801,8318536411
11802,8318585704
11803,8318586563
11804,8318599271
11805,8318613620
11806,8318628540
11807,8318684199
11808,8318766278
11809,8318971488
11810,8318971489
11811,8319022894
11812,8319053951
11813,8319053952
11814,8319118234
11815,8322901162
11816,8322901163
11817,8322901164
11818,8322901165
11819,8322901166
11820,8322901167
11821,8322901169
11822,8323055559
11823,8323055560
11824,8323087712
11825,8323093000
11826,8323095040
11827,8323112633
11828,8323112651
11829,8323141446
11830,8323141447
11831,8323153168
11832,8323153176
11833,8323161529
11834,8323161536
11835,8323254052
11836,8323254055
11837,8323254058
11838,8323345744
11839,8323383304
11840,8323383305
11841,8323383307
11842,8323513526
11843,8324089470
11844,8324089493
11845,8324089495
11846,8324089498
11847,8324095663
11848,8324095664
11849,8324413024
11850,8324413025
11851,8332677587
11852,8332868297
11853,8332881460
11854,8332995378
11855,8333106756
11856,8333324125
11857,8336903707
11858,8337007930
11859,8337361909
11860,8337361911
11861,8337361916
11862,8337362320
11863,8337362321
11864,8337362324
11865,8337376919
11866,8340814047
11867,8340814048
11868,8340888613
11869,8341037713
11870,8341037714
11871,8341307245
11872,8341667300
11873,8341816568
11874,8341816589
11875,8342346091
11876,8343948201
11877,8344010943
11878,8344010950
11879,8344010956
11880,8344069703
11881,8344069704
11882,8344069706
11883,8344090345
11884,8344090346
11885,8344173051
11886,8344173052
11887,8344322096
11888,8344363744
11889,8344363745
11890,8344419512
11891,8344419514
11892,8344431699
11893,8344431700
11894,8344431707
11895,8344431708
11896,8344479800
11897,8344484647
11898,8344518913
11899,8344546581
11900,8344546582
11901,8344546583
11902,8344546585
11903,8344546587
11904,8344552608
11905,8344648125
11906,8344777756
11907,8344777758
11908,8344777759
11909,8344777761
11910,8344777762
11911,8344777771
11912,8344885536
11913,8344947307
11914,8344958536
11915,8345132181
11916,8345215831
11917,8345215832
11918,8345283322
11919,8347446847
11920,8348045231
11921,8348429461
11922,8348477721
11923,8348477729
11924,8348910973
11925,8348984212
11926,8349006945
11927,8349434254
11928,8353810623
11929,8353816710
11930,8353926882
11931,8353978955
11932,8353978956
11933,8353978957
11934,8354033767
11935,8354033769
11936,8354101457
11937,8354101458
11938,8354215605
11939,8354616635
11940,8354616636
11941,8356606498
11942,8359232859
11943,8359232860
11944,8359392737
11945,8359392738
11946,8359775101
11947,8359801668
11948,8360271929
11949,8366151116
11950,8366256163
11951,8366370741
11952,8366523816
11953,8366560783
11954,8366697929
11955,8366775991
11956,8366837636
11957,8366837637
11958,8366893377
11959,8367008725
11960,8367202735
11961,8367202737
11962,8367202738
11963,8367202739
11964,8367325352
11965,8367325353
11966,8367325354
11967,8370423824
11968,8370715294
11969,8370715295
11970,8370715296
11971,8370816862
11972,8371178545
11973,8371178547
11974,8373827945
11975,8373852866
11976,8374648180
11977,8374846113
11978,8375128763
11979,8375781324
11980,8377426842
11981,8377464446
11982,8377494102
11983,8377502814
11984,8377684409
11985,8378053795
11986,8378093199
11987,8382424181
11988,8382424184
11989,8382424186
11990,8382734746
11991,8382757370
11992,8382766665
11993,8382784541
11994,8382852580
11995,8382878789
11996,8382900448
11997,8382903088
11998,8382903089
11999,8382926854
12000,8382943964
12001,8382947237
12002,8382983761
12003,8382983762
12004,8382983763
12005,8383001903
12006,8383004101
12007,8383086852
12008,8383105537
12009,8383188769
12010,8383275017
12011,8383295360
12012,8383374958
12013,8383431720
12014,8383518084
12015,8383549917
12016,8383569352
12017,8383611356
12018,8383689785
12019,8383696142
12020,8383702231
12021,8383796561
12022,8383866076
12023,8383866079
12024,8383979106
12025,8384005261
12026,8384322424
12027,8384340577
12028,8384343335
12029,8384608263
12030,8384608269
12031,8384926603
12032,8385884563
12033,8385899477
12034,8385937065
12035,8385940909
12036,8385991169
12037,8385996936
12038,8386005447
12039,8386005452
12040,8386027409
12041,8386065923
12042,8386066243
12043,8386124186
12044,8386145605
12045,8386171987
12046,8386175948
12047,8386269360
12048,8386360334
12049,8386382250
12050,8386686900
12051,8386729670
12052,8386729671
12053,8387600074
12054,8387600075
12055,8387632200
12056,8387632201
12057,8387711324
12058,8388719616
12059,8392436544
12060,8392436545
12061,8392436550
12062,8394948120
12063,8398450630
12064,8406252223
12065,8406252224
12066,8409564855
12067,8409564860
12068,8410521555
12069,8427538839
12070,8430312286
12071,8437170694
12072,8444361375
12073,8447494405
12074,8451990863
12075,8474479583
12076,8475960360
12077,8477251658
12078,8477418942
12079,8478541073
12080,8479318708
12081,8479715118
12082,8480873896
12083,8482637899
12084,8483719903
12085,8484609332
12086,8484609333
12087,8484653730
12088,8497658087
12089,8498308949
12090,8559687902
12091,8573310000
12092,8573731022
12093,8574134726
12094,8574599115
12095,8575018388
12096,8577445284
12097,8578353415
12098,8578765020
12099,8578908090
12100,8579064486
12101,8579447283
12102,8579541943
12103,8581452636
12104,8582197907
12105,8582266907
12106,8584986964
12107,8584986965
12108,8585004041
12109,8585038580
12110,8585081872
12111,8585081876
12112,8585081877
12113,8585081881
12114,8585113524
12115,8585113532
12116,8585167728
12117,8585349254
12118,8586261002
12119,8586261003
12120,8586327668
12121,8589628660
12122,8589628666
12123,8589628667
12124,8589628669
12125,8594251263
12126,8594477153
12127,8594477269
12128,8594477271
12129,8594864819
12130,8594864823
12131,8594864824
12132,8595002945
12133,8595192520
12134,8595192521
12135,8595223986
12136,8595223990
12137,8595259092
12138,8597353764
12139,8597424202
12140,8597424205
12141,8597537197
12142,8598565656
12143,8598565657
12144,8598565660
12145,8601059112
12146,8601059116
12147,8601143295
12148,8601176446
12149,8601176460
12150,8601659424
12151,8602057689
12152,8602087312
12153,8603433678
12154,8604759978
12155,8605426520
12156,8605709579
12157,8605709580
12158,8605765536
12159,8606050065
12160,8606306198
12161,8609362110
12162,8609362111
12163,8609576218
12164,8609576223
12165,8609576224
12166,8610028916
12167,8610309234
12168,8610425532
12169,8610625769
12170,8616363350
12171,8620262840
12172,8620262841
12173,8620262842
12174,8621575064
12175,8621676770
12176,8627671239
12177,8628252018
12178,8628252517
12179,8628320771
12180,8628343813
12181,8629137132
12182,8629209474
12183,8631062099
12184,8631088718
12185,8631620856
12186,8631997463
12187,8632072784
12188,8634018235
12189,8634018236
12190,8634514019
12191,8634984615
12192,8634992426
12193,8634992427
12194,8637172117
12195,8637230747
12196,8641993343
12197,8642255817
12198,8642283031
12199,8642337010
12200,8642353289
12201,8642744133
12202,8642744136
12203,8642744142
12204,8642770623
12205,8642770640
12206,8642770661
12207,8642890940
12208,8642988993
12209,8645850043
12210,8646075120
12211,8646595564
12212,8646775767
12213,8646775768
12214,8646860231
12215,8646860232
12216,8646860234
12217,8646860236
12218,8646894107
12219,8646896583
12220,8646896584
12221,8646943336
12222,8646985409
12223,8646985410
12224,8647021197
12225,8647059954
12226,8647316511
12227,8647421732
12228,8647421734
12229,8651486119
12230,8651521519
12231,8653660273
12232,8653660276
12233,8653660277
12234,8654092545
12235,8654136876
12236,8654598183
12237,8654598184
12238,8654858588
12239,8655192699
12240,8655323688
12241,8655323690
12242,8655357485
12243,8655425067
12244,8657001725
12245,8657016654
12246,8657082065
12247,8657698658
12248,8657761433
12249,8657761434
12250,8657803496
12251,8657803497
12252,8657886959
12253,8658039386
12254,8658558814
12255,8658663450
12256,8658753156
12257,8659042560
12258,8660023874
12259,8660931993
12260,8660931997
12261,8660931998
12262,8660954054
12263,8660954055
12264,8660954056
12265,8660954057
12266,8661054619
12267,8661054620
12268,8661197881
12269,8661713058
12270,8666963619
12271,8666964217
12272,8669483722
12273,8670957598
12274,8671416563
12275,8671416564
12276,8671416565
12277,8671507773
12278,8671598011
12279,8671598012
12280,8672084918
12281,8678178313
12282,8678508672
12283,8681225090
12284,8708136037
12285,8708136038
12286,8723530092
12287,8739911574
12288,8739911575
12289,8739911576
12290,8740101846
12291,8750093717
12292,8750093718
12293,8750093721
12294,8928523188
12295,8943266301
12296,8956418139
12297,9137041330
12298,9153842580
12299,9153964927
12300,9153964928
12301,9220128224
12302,9262134361
12303,9276588101
12304,9292321069
12305,9339537204
12306,9396396960
12307,9396474191
12308,9418023522
12309,9426913969
12310,9445326483
12311,9445326485
12312,9446611670
12313,9454646276
12314,9455144098
12315,9468105764
12316,9468105765
12317,9494567410
12318,9514345399
12319,9514381784
12320,9514620303
12321,9551054520
12322,9551054529
12323,9582035295
12324,9582437852
12325,9625334231
12326,9625334233
12327,9630519506
12328,9696448112
12329,9699847146
12330,9699847151
12331,9699847157
12332,9727311794
12333,9727311795
12334,9727475329
12335,9727829065
12336,9727932868
12337,9727944548
12338,9727944549
12339,9727955804
12340,9730386985
12341,9730730011
12342,9730730012
12343,9730764631
12344,9730764632
12345,9730764634
12346,9730775674
12347,9730775676
12348,9730966808
12349,9730966809
12350,9730966810
12351,9730970546
12352,9730970547
12353,9731063616
12354,9732845936
12355,9732861652
12356,9732996776
12357,9733244033
12358,9735228231
12359,9735228235
12360,9735310451
12361,9735345036
12362,9735345039
12363,9735412724
12364,9735505173
12365,9735505174
12366,9735532007
12367,9735594011
12368,9735594015
12369,9735748166
12370,9735748167
12371,9735999071
12372,9735999072
12373,9737842635
12374,9737842639
12375,9737963762
12376,9737963763
12377,9738060067
12378,9738192994
12379,9744135486
12380,9744178085
12381,9744178088
12382,9744178089
12383,9745054208
12384,9747443576
12385,9747492532
12386,9747492534
12387,9749070732
12388,9749070735
12389,9749331121
12390,9749901058
12391,9750028561
12392,9750106009
12393,9750106010
12394,9751893248
12395,9751893250
12396,9751893253
12397,9752164744
12398,9752164750
12399,9752164752
12400,9752164759
12401,9752627999
12402,9752628000
12403,9752774463
12404,9752990408
12405,9755251509
12406,9758539473
12407,9764771686
12408,9764771691
12409,9764964167
12410,9765274695
12411,9765274696
12412,9765343237
12413,9765343238
12414,9779272075
12415,9785527820
12416,9788850216
12417,9790975443
12418,9799259437
12419,9799259442
12420,9801988968
12421,9837302593
12422,9837302594
12423,9838028282
12424,9838848701
12425,9838848703
12426,9839495522
12427,9842119202
12428,9842119203
12429,9842119204
12430,9842119205
12431,9842236338
12432,9842630115
12433,9842630116
12434,9842660917
12435,9842721963
12436,9851528696
12437,9851595386
12438,9855026465
12439,9855026466
12440,9855107122
12441,9855107142
12442,9855107143
12443,9855376416
12444,9856793151
12445,9857488293
12446,9858631082
12447,9860755205
12448,9861129282
12449,9861132356
12450,9861132359
12451,9871000601
12452,9871449886
12453,9873249025
12454,9881558779
12455,9881763397
12456,9881763401
12457,9881938576
12458,9883466496
12459,9883466502
12460,9883466508
12461,9883466514
12462,9883633497
12463,9883633498
12464,9883633503
12465,9883633504
12466,9883633506
12467,9883764082
12468,9883764083
12469,9886563087
12470,9889377117
12471,9889670340
12472,9894405003
12473,9894405004
12474,9894405005
12475,9895180049
12476,9899766143
12477,9899766145
12478,9901026754
12479,9901530262
12480,9903860071
12481,9903860072
12482,9903860074
12483,9907065070
12484,9909206636
12485,9911042597
12486,9911042610
12487,9911062547
12488,9914387900
12489,9917009342
12490,9917009344
12491,9917009351
12492,9917009356
12493,9917137942
12494,9918244842
12495,9919736774
12496,9919736775
12497,9923777153
12498,9923777154
12499,9925091907
12500,9926152466
12501,9926522893
12502,9927335450
12503,9927335451
12504,9927335452
12505,9927962426
12506,9927962427
12507,9927962428
12508,9928910060
12509,9930948795
12510,9931243549
12511,9931801302
12512,9932640358
12513,9939045349
12514,9941573839
12515,9941573840
12516,9941573841
12517,9941573842
12518,9945638197
12519,9946663984
12520,9947192318
12521,9947218178
12522,9947270975
12523,9947294554
12524,9949114921
12525,9949155612
12526,9949155613
12527,9956432921
12528,9956486468
12529,9956552646
12530,9957376323
12531,9957932011
12532,9958498733
12533,9958498734
12534,9958856310
12535,9958856313
12536,9958913313
12537,9958913316
12538,9960818643
12539,9960818644
12540,9960818645
12541,9961260178
12542,9963283766
12543,9969093687
12544,9969553405
12545,9969680714
12546,9969774572
12547,9971441640
12548,9972459684
12549,9973641203
12550,9974001368
12551,9974001369
12552,9974001378
12553,9974332704
12554,9974332706
12555,9976329747
12556,9976329748
12557,9976415874
12558,9976415876
12559,9976415878
12560,9979045752
12561,9979537321
12562,9979537322
12563,9979537323
12564,9979537324
12565,9984507987
12566,9985935506
12567,9986188032
12568,9987399712
12569,9987705042
12570,9988388266
12571,9991922866
12572,9992034102
12573,9992121078
12574,9992125679
12575,9992302550
12576,9994171636
12577,9994497071
12578,9994714887
12579,9994744538
12580,9994812794
12581,10001159840
12582,10001972880
12583,10007633293
12584,10007850890
12585,10017388785
12586,10017388799
12587,10017557993
12588,10017557995
12589,10023267514
12590,10023267515
12591,10023745560
12592,10024043761
12593,10026030968
12594,10035295285
12595,10035313129
12596,10035360688
12597,10035788839
12598,10035788840
12599,10035807573
12600,10035930463
12601,10035945168
12602,10035945169
12603,10038641871
12604,10038642898
12605,10038799577
12606,10040868866
12607,10040897645
12608,10041152069
12609,10041454652
12610,10046418537
12611,10048470188
12612,10048527958
12613,10048538753
12614,10050036965
12615,10050063428
12616,10050063487
12617,10050114472
12618,10050315888
12619,10050394561
12620,10050399140
12621,10050471885
12622,10052663362
12623,10052765810
12624,10052765811
12625,10053049157
12626,10054788478
12627,10055010649
12628,10055164506
12629,10055377153
12630,10055511790
12631,10055511791
12632,10055548867
12633,10056642597
12634,10057397338
12635,10057465198
12636,10057863958
12637,10059875885
12638,10059875886
12639,10059875887
12640,10062658157
12641,10062767080
12642,10074068869
12643,10074068870
12644,10074168771
12645,10076095647
12646,10076128192
12647,10076380041
12648,10079142303
12649,10080908566
12650,10081168403
12651,10081262271
12652,10082924919
12653,10083107327
12654,10083165385
12655,10083165386
12656,10088083294
12657,10088083308
12658,10088332257
12659,10091203222
12660,10091430874
12661,10093640865
12662,10093703311
12663,10093703314
12664,10094340141
12665,10094672802
12666,10096672397
12667,10097017759
12668,10097193837
12669,10097193840
12670,10097193841
12671,10097193858
12672,10099463979
12673,10100029734
12674,10100079057
12675,10107927015
12676,10115464206
12677,10115619064
12678,10117693179
12679,10117710965
12680,10117710966
12681,10117788352
12682,10117881500
12683,10117881508
12684,10125282898
12685,10125311511
12686,10125334943
12687,10125369296
12688,10125402950
12689,10127188569
12690,10127188570
12691,10127206824
12692,10127242098
12693,10127259365
12694,10127317618
12695,10127614332
12696,10129205662
12697,10129336354
12698,10129683093
12699,10129760901
12700,10129913860
12701,10131528039
12702,10131528040
12703,10131528041
12704,10131528042
12705,10131646453
12706,10131759490
12707,10131759491
12708,10131790847
12709,10131825162
12710,10131825163
12711,10131966975
12712,10134620992
12713,10134620994
12714,10134620995
12715,10134620997
12716,10142137497
12717,10142137498
12718,10142198920
12719,10142198921
12720,10145012866
12721,10145188451
12722,10148776180
12723,10148776182
12724,10153392384
12725,10153777379
12726,10156195220
12727,10170940904
12728,10174639387
12729,10181603601
12730,10184979235
12731,10185059665
12732,10201067863
12733,10203070644
12734,10213798655
12735,10300414302
12736,10300414303
12737,10303987543
12738,10315830056
12739,10574640714
12740,10600520443
12741,10600520444
12742,10613895808
12743,10673158094
12744,10678257553
12745,10678257554
12746,10698571918
12747,10736187005
12748,10736453961
12749,10736665316
12750,10780737630
12751,10780737632
12752,10781504827
12753,10789652885
12754,10790182616
12755,10790182617
12756,10794479816
12757,10794667076
12758,10806841019
12759,10820793846
12760,10875158246
12761,10875158251
12762,10895335553
12763,10895335555
12764,10895335558
12765,10903863077
12766,10903863083
12767,10921201415
12768,10936436453
12769,10936445009
12770,10936445010
12771,10942943436
12772,10983889848
12773,10983889857
12774,11030408175
12775,11043388946
12776,11074832686
12777,11074837951
12778,11191108357
12779,11198048359
12780,11204082577
12781,11204082580
12782,11209469033
12783,11236702633
12784,11236702634
12785,11299456648
12786,11308662069
12787,11332413421
12788,11365861014
12789,11365861017
12790,11367962763
12791,11368020430
12792,11368020432
12793,11368028869
12794,11368028870
12795,11370445590
12796,11370445592
12797,11377206361
12798,11378713558
12799,11378842791
12800,11378842792
12801,11393181691
12802,11395472294
12803,11397500600
12804,11397500602
12805,11399862230
12806,11399862231
12807,11399965551
12808,11411269061
12809,11411269062
12810,11411621365
12811,11411621366
12812,11411647946
12813,11436723284
12814,11438450876
12815,11438450878
12816,11438503890
12817,11438503892
12818,11442072579
12819,11448982497
12820,11448982498
12821,11454312135
12822,11458328429
12823,11458328430
12824,11458382849
12825,11458387857
12826,11461669752
12827,11461709798
12828,11468625920
12829,11468639934
12830,11486100426
12831,11486100427
12832,11486100428
12833,11486577614
12834,11486577618
12835,11491202030
12836,11491202031
12837,11491245839
12838,11491245840
12839,11499329863
12840,11499379259
12841,11499379260
12842,11499405425
12843,11499405426
12844,11499405427
12845,11499462175
12846,11499462177
12847,11499489668
12848,11499530271
12849,11502305714
12850,11502428786
12851,11503344050
12852,11510389761
12853,11510389762
12854,11512667390
12855,11521306755
12856,11525109945
12857,11525109950
12858,11539064423
12859,11539064424
12860,11541980161
12861,11541980162
12862,11541980163
12863,11542323890
12864,11542562331
12865,11545406856
12866,11545406857
12867,11545406859
12868,11545406863
12869,11545633715
12870,11545633716
12871,11545709436
12872,11545709437
12873,11549006871
12874,11549006873
12875,11549006876
12876,11549081332
12877,11549081337
12878,11549488726
12879,11552567452
12880,11558188374
12881,11558188382
12882,11561359948
12883,11562161353
12884,11562161354
12885,11563476524
12886,11563476531
12887,11563521747
12888,11565846379
12889,11565993267
12890,11565993268
12891,11566615657
12892,11568414498
12893,11568439828
12894,11568439830
12895,11568474681
12896,11568474686
12897,11568474687
12898,11568744183
12899,11570993031
12900,11572034794
12901,11572034796
12902,11572252510
12903,11572633944
12904,11572633946
12905,11572633957
12906,11572633962
12907,11572645683
12908,11572645684
12909,11572808932
12910,11572808933
12911,11572838710
12912,11573266047
12913,11575804996
12914,11575804997
12915,11576527608
12916,11576527610
12917,11578242955
12918,11578242960
12919,11578262810
12920,11578268064
12921,11578306925
12922,11578306926
12923,11578312188
12924,11578312189
12925,11578312192
12926,11580580035
12927,11580580043
12928,11580920690
12929,11587002409
12930,11590420478
12931,11593233182
12932,11593387203
12933,11607504730
12934,11608068764
12935,11608068765
12936,11610605387
12937,11610654009
12938,11617150420
12939,11617210455
12940,11617245182
12941,11617245202
12942,11617741332
12943,11617762681
12944,11617762684
12945,11617762693
12946,11617762698
12947,11617986509
12948,11617986510
12949,11617986511
12950,11617986538
12951,11617986554
12952,11620436983
12953,11620436990
12954,11621424769
12955,11621424770
12956,11621424777
12957,11621631077
12958,11628578806
12959,11628661850
12960,11629532844
12961,11629860770
12962,11629860771
12963,11629860772
12964,11629860776
12965,11629917927
12966,11629917928
12967,11640009717
12968,11640009718
12969,11640034155
12970,11640073852
12971,11640073853
12972,11640348739
12973,11640348743
12974,11644747233
12975,11644747234
12976,11644790313
12977,11644790322
12978,11664496115
12979,11664496119
12980,11664880505
12981,11670618481
12982,11670720171
12983,11671056200
12984,11671056202
12985,11695739547
12986,11695739548
12987,11697246348
12988,11699940008
12989,11699940009
12990,11702633994
12991,11704162427
12992,11708057204
12993,11708057210
12994,11708100638
12995,11708100644
12996,11729922605
12997,11729922606
12998,11740335031
12999,11743174501
13000,11757635515
13001,11757635516
13002,11757635518
13003,11757635520
13004,11757635545
13005,11757635547
13006,11761107809
13007,11770286522
13008,11867480481
13009,11883039281
13010,11896049282
13011,11896049285
13012,11896049286
13013,11954284569
13014,11954284670
13015,11956219762
13016,11956717721
13017,11957733026
13018,11958784317
13019,11959597808
13020,11960995618
13021,11960995621
13022,11961310602
13023,11961310603
13024,11961310605
13025,11961310606
13026,11961320719
13027,11961320720
13028,11961376362
13029,11961376363
13030,11961476215
13031,11968725218
13032,11970284160
13033,11976190495
13034,11987694910
13035,11987694911
13036,11987819961
13037,11987819963
13038,11990624822
13039,11990624823
13040,11990624827
13041,11990624828
13042,11990993134
13043,11990993135
13044,11990993137
13045,11990993139
13046,11990993140
13047,11990993142
13048,12006694065
13049,12006737675
13050,12006737676
13051,12006737677
13052,12006737678
13053,12006737679
13054,12006737680
13055,12006737681
13056,12006737682
13057,12006737683
13058,12006737690
13059,12006737691
13060,12006737692
13061,12006737694
13062,12007278033
13063,12007278034
13064,12007371899
13065,12007371900
13066,12007371902
13067,12007371903
13068,12007371905
13069,12009798995
13070,12015875169
13071,12026915269
13072,12026915271
13073,12029284636
13074,12029548770
13075,12029548771
13076,12029565569
13077,12029913870
13078,12029913871
13079,12029913875
13080,12029913876
13081,12041599429
13082,12042507716
13083,12042507720
13084,12044175965
13085,12044175968
13086,12046815566
13087,12046815567
13088,12047750293
13089,12047750296
13090,12047981341
13091,12048086746
13092,12050009320
13093,12055507271
13094,12055934069
13095,12055934070
13096,12056204270
13097,12057689875
13098,12057689876
13099,12060207507
13100,12062542034
13101,12062542035
13102,12062823700
13103,12067121468
13104,12069045896
13105,12069557244
13106,12070332886
13107,12070601463
13108,12070601464
13109,12072089142
13110,12072344444
13111,12072485620
13112,12072502419
13113,12073642145
13114,12073642149
13115,12073714022
13116,12073738838
13117,12073738839
13118,12073836886
13119,12073868025
13120,12073891548
13121,12073933906
13122,12073961613
13123,12073961807
13124,12073961809
13125,12073961814
13126,12073961815
13127,12074037376
13128,12074037378
13129,12074147653
13130,12074180810
13131,12074180823
13132,12074204156
13133,12074213769
13134,12074242107
13135,12074242108
13136,12074492396
13137,12074492397
13138,12074492399
13139,12075087307
13140,12075479043
13141,12075479044
13142,12075568001
13143,12075935212
13144,12075935215
13145,12075935217
13146,12075964839
13147,12076001820
13148,12080025022
13149,12080199533
13150,12080343293
13151,12080369318
13152,12080451835
13153,12081310166
13154,12081589837
13155,12081699047
13156,12081699048
13157,12081699053
13158,12081705008
13159,12081712073
13160,12081828975
13161,12081828976
13162,12081828977
13163,12081828978
13164,12081828979
13165,12081828980
13166,12081875681
13167,12081875688
13168,12083435944
13169,12083435945
13170,12083435946
13171,12083435947
13172,12083554086
13173,12083554087
13174,12083790031
13175,12083790033
13176,12083795770
13177,12083935704
13178,12083964089
13179,12083964416
13180,12084083242
13181,12084408607
13182,12084408608
13183,12084690129
13184,12085373475
13185,12085395334
13186,12085493809
13187,12085663342
13188,12085721883
13189,12085874144
13190,12085899356
13191,12085944941
13192,12085944945
13193,12085946714
13194,12085967693
13195,12085967694
13196,12086024442
13197,12086048555
13198,12086048556
13199,12086051142
13200,12086069183
13201,12086094578
13202,12086095270
13203,12086150495
13204,12086204531
13205,12086346385
13206,12086510932
13207,12087397757
13208,12087397765
13209,12087543534
13210,12087589180
13211,12087616924
13212,12087647092
13213,12087709318
13214,12087735405
13215,12087848931
13216,12087848932
13217,12087955461
13218,12088005466
13219,12088026169
13220,12088031494
13221,12088038234
13222,12088051313
13223,12088051314
13224,12088051317
13225,12088051320
13226,12088051538
13227,12089120765
13228,12089120766
13229,12089120767
13230,12089241059
13231,12089351598
13232,12089351599
13233,12089351600
13234,12089351602
13235,12089365073
13236,12093691174
13237,12093691180
13238,12093739607
13239,12093739608
13240,12093739614
13241,12093739615
13242,12093858309
13243,12093987501
13244,12093987505
13245,12094006136
13246,12094042541
13247,12094057284
13248,12094057286
13249,12094057290
13250,12094075529
13251,12094158168
13252,12094298312
13253,12095427580
13254,12095427581
13255,12095574577
13256,12095576760
13257,12095576761
13258,12095639273
13259,12095639274
13260,12095967962
13261,12095967967
13262,12095971293
13263,12095983977
13264,12096013779
13265,12096038259
13266,12097269819
13267,12097414231
13268,12097414235
13269,12097414236
13270,12097461163
13271,12097461164
13272,12097461169
13273,12097503408
13274,12097541561
13275,12097541562
13276,12097541567
13277,12097541568
13278,12097577005
13279,12097577201
13280,12097580777
13281,12097580778
13282,12097580798
13283,12097598642
13284,12097598653
13285,12097607887
13286,12097788431
13287,12097882270
13288,12097910668
13289,12097910669
13290,12098940737
13291,12098940738
13292,12098940739
13293,12099009300
13294,12099340719
13295,12099340721
13296,12099485933
13297,12099645519
13298,12099645520
13299,12100102402
13300,12100102403
13301,12101302778
13302,12101302779
13303,12101302780
13304,12101302782
13305,12101302783
13306,12106287632
13307,12106287633
13308,12106287634
13309,12106287635
13310,12106287636
13311,12106287637
13312,12106287638
13313,12106318689
13314,12106318690
13315,12106422332
13316,12106525930
13317,12106525931
13318,12106569207
13319,12106569209
13320,12106804997
13321,12108447237
13322,12108604896
13323,12109213376
13324,12111420958
13325,12111420961
13326,12111425086
13327,12111441723
13328,12111488053
13329,12111488055
13330,12113027486
13331,12113042130
13332,12113042138
13333,12113123726
13334,12113172428
13335,12113218404
13336,12113218408
13337,12113262905
13338,12113327353
13339,12113327355
13340,12113379372
13341,12113395450
13342,12115242011
13343,12115304247
13344,12115460601
13345,12115524128
13346,12115626470
13347,12115626471
13348,12115626472
13349,12115626473
13350,12115626474
13351,12115666942
13352,12120317517
13353,12120709519
13354,12120709523
13355,12120742939
13356,12120742940
13357,12120809901
13358,12120909801
13359,12120910901
13360,12120911001
13361,12122764242
13362,12124823002
13363,12124880096
13364,12124880097
13365,12127788431
13366,12128084727
13367,12128147801
13368,12128566166
13369,12128566167
13370,12132346822
13371,12132580801
13372,12132597201
13373,12132618601
13374,12144457280
13375,12144457282
13376,12144457283
13377,12144714802
13378,12144715003
13379,12144715004
13380,12144871701
13381,12153823563
13382,12162333508
13383,12162333528
13384,12162333529
13385,12162333537
13386,12162333538
13387,12162333541
13388,12162333543
13389,12162333552
13390,12162333564
13391,12162333565
13392,12162333568
13393,12162333574
13394,12162333575
13395,12162333585
13396,12295658394
13397,12295658395
13398,12336748358
13399,12336748359
13400,12430263873
13401,12430263874
13402,12444293816
13403,12444293818
13404,12450668967
13405,12468161401
13406,12468196701
13407,12480438082
13408,12521306022
13409,12545799535
13410,12545799543
13411,12560539219
13412,12560539223
13413,12606354248
13414,12606354254
13415,12637852738
13416,12649156217
13417,12744335675
13418,12774405573
13419,12777812551
13420,12777812554
13421,12785718075
13422,12799039502
13423,12810859518
13424,12810859521
13425,12899336638
13426,12899336639
13427,12941842707
13428,12951332914
13429,12966408769
13430,12966408770
13431,12966408771
13432,12967262977
13433,12967262978
13434,13037377292
13435,13081597228
13436,13088466377
13437,13103068603
13438,13103068604
13439,13103675151
13440,13103675152
13441,13103830698
13442,13103830699
13443,13105240748
13444,13105240749
13445,13105946692
13446,13106438295
13447,13106438296
13448,13112431453
13449,13112431455
13450,13113356901
13451,13113356902
13452,13113356904
13453,13113356906
13454,13114551467
13455,13114551468
13456,13114668915
13457,13114863254
13458,13114863255
13459,13114863257
13460,13114863258
13461,13115558752
13462,13115558753
13463,13115558755
13464,13115558757
13465,13115558758
13466,13115558760
13467,13115558761
13468,13115558763
13469,13115558764
13470,13115558766
13471,13115558767
13472,13115558768
13473,13115558770
13474,13115558772
13475,13115558773
13476,13115558774
13477,13118181176
13478,13118181177
13479,13118851310
13480,13118851319
13481,13118851323
13482,13119660998
13483,13119661000
13484,13120563183
13485,13120628781
13486,13121514757
13487,13126413064
13488,13126413066
13489,13126413080
13490,13126413081
13491,13130335329
13492,13130335330
13493,13130777058
13494,13130885979
13495,13130985335
13496,13130985336
13497,13132056039
13498,13132056043
13499,13132056047
13500,13132939386
13501,13134449278
13502,13135499351
13503,13135499352
13504,13135499355
13505,13135499356
13506,13135661840
13507,13137300745
13508,13137300747
13509,13137300755
13510,13137300758
13511,13137300771
13512,13137300773
13513,13137300774
13514,13137300776
13515,13137393212
13516,13137400012
13517,13137400014
13518,13137413275
13519,13137420684
13520,13137420686
13521,13137466228
13522,13137466230
13523,13137501292
13524,13137501294
13525,13137521933
13526,13137569626
13527,13137569627
13528,13137571683
13529,13137571685
13530,13137906304
13531,13144424291
13532,13144424294
13533,13144819800
13534,13144849001
13535,13146990348
13536,13147025352
13537,13147025353
13538,13147025354
13539,13147833199
13540,13147835203
13541,13147835205
13542,13148768247
13543,13148816904
13544,13149073019
13545,13149116712
13546,13149116713
13547,13152066251
13548,13152066252
13549,13152166319
13550,13152879695
13551,13152879698
13552,13152905302
13553,13152916440
13554,13152916441
13555,13152941399
13556,13152946042
13557,13152946043
13558,13152946094
13559,13153038990
13560,13154555207
13561,13154555208
13562,13154689732
13563,13154689738
13564,13154689739
13565,13154689770
13566,13154689771
13567,13154854967
13568,13154854973
13569,13154854974
13570,13154939601
13571,13154939605
13572,13155055938
13573,13155055950
13574,13155096787
13575,13155185550
13576,13155494413
13577,13156056338
13578,13156074937
13579,13161406960
13580,13161406961
13581,13161455090
13582,13161465610
13583,13161465611
13584,13161476323
13585,13161476325
13586,13161577044
13587,13162303168
13588,13162303169
13589,13162963107
13590,13162996603
13591,13163030687
13592,13163030688
13593,13163031203
13594,13163031204
13595,13163110378
13596,13164345591
13597,13165067198
13598,13165067199
13599,13165123513
13600,13165123514
13601,13165123515
13602,13165287921
13603,13165287923
13604,13165287930
13605,13165287931
13606,13165358087
13607,13165358091
13608,13165358093
13609,13165358094
13610,13165721794
13611,13166806411
13612,13166806412
13613,13186974797
13614,13201829745
13615,13207698009
13616,13232321016
13617,13242754996
13618,13242766407
13619,13242766408
13620,13254760861
