id_hash,source_lat,source_lon,target_lat,target_lon,source,target,road_name
xqsspa,14.6293428,121.0409496,14.6286652,121.0386239,10,11,Kamuning Road
xqsspa,14.6293428,121.0409496,14.630081,121.0435496,10,9798,Kamuning Road
xqsspa,14.6286652,121.0386239,14.6293428,121.0409496,11,10,Kamuning Road
d0cpdd,14.6286652,121.0386239,14.6280248,121.0363848,11,261,Kamuning Road
d0cpdd,14.6274061,121.0342159,14.6274348,121.0343282,12,11864,Kamuning Road
oyztk8,14.6189479,121.0345854,14.6196356,121.0341627,13,310,Doña Hemady Street
s82vcw,14.6176762,121.0323437,14.6169562,121.0327721,14,304,Gilmore Avenue
gsp5pa,14.6232525,121.0289748,14.6239745,121.0314874,15,9417,E. Rodriguez Sr. Avenue
xeln5w,14.6232525,121.0289748,14.6231346,121.0286261,15,22,E. Rodriguez Sr. Avenue
35wov4,14.6232525,121.0289748,14.622441,121.0294274,15,314,Gilmore Avenue
u0cbyx,14.6287424,121.0339311,14.6290418,121.0325526,16,11934,Don Alejandro Roces Avenue
twhsrw,14.6317069,121.0346417,14.6322421,121.0347659,18,667,Tomas Morato Avenue
twhsrw,14.6317069,121.0346417,14.6311967,121.0345264,18,653,Tomas Morato Avenue
s82vcw,14.6162288,121.0332221,14.6152845,121.0338076,21,301,Gilmore Avenue
xeln5w,14.6231346,121.0286261,14.6229476,121.0280265,22,1092,E. Rodriguez Sr. Avenue
xeln5w,14.6231346,121.0286261,14.6232525,121.0289748,22,15,E. Rodriguez Sr. Avenue
nu7qsg,14.6531486,121.0511626,14.6542794,121.0479995,25,9817,Elliptical Road
i7o432,14.6549972,121.064311,14.6549568,121.0623338,26,29,University Avenue
ebxb9z,14.6549972,121.064311,14.6548201,121.0643146,26,163,Osmeña Avenue
hd112s,14.6561608,121.0727553,14.6561513,121.0716067,27,197,Osmeña Avenue
echjo,14.6561608,121.0727553,14.657556,121.0727375,27,9463,F. Maria Guerrero Street
iwdb2d,14.6538697,121.0686228,14.6539135,121.0716596,28,9605,M. Roxas Avenue
i7o432,14.6549568,121.0623338,14.6549445,121.0615652,29,9502,University Avenue
np3w5p,14.6146532,121.0705914,14.6145763,121.07016,32,10893,Colonel Bonny Serrano Avenue
fhjw0r,14.6151175,121.0746538,14.6144519,121.0747982,33,10239,E. Rodriguez Jr. Avenue
t8vei8,14.6323201,121.0776521,14.6324764,121.0754836,34,495,Marcos Highway
83kuw9,14.6093639,121.0766579,14.6085692,121.0773845,35,8035,E. Rodriguez Jr. Avenue
bvdemp,14.6273771,121.0620623,14.6270084,121.0613199,36,395,Aurora Boulevard
4yrfmo,14.6494052,121.0477284,14.6490675,121.0481509,37,10028,Elliptical Road
u0el57,14.6535903,121.0742817,14.6525831,121.0742996,38,13612,"Residential Road (38, 13612)"
ir33qn,14.6546178,121.0350919,14.6545175,121.035069,39,2533,Mindanao Avenue
4n7z7,14.6546178,121.0350919,14.6551098,121.032873,39,12531,"Residential Road (39, 12531)"
ir33qn,14.6611033,121.036506,14.6593423,121.0361532,40,7420,Mindanao Avenue
pxpemt,14.6472663,121.0602408,14.6471743,121.0604847,41,10107,Carlos P. Garcia Avenue
pxpemt,14.6472496,121.0678673,14.6479838,121.0659836,42,9604,Carlos P. Garcia Avenue
ra62r4,14.6472496,121.0678673,14.6472033,121.068968,42,224,Carlos P. Garcia Avenue
lnzxl1,14.5937043,121.0588375,14.5939703,121.0589336,43,8151,EDSA
xqsspa,14.6306965,121.0456745,14.6304582,121.0448457,44,45,Kamuning Road
g1fcpp,14.6306965,121.0456745,14.630804,121.0460206,44,10121,"Kamias Road, Kamuning Road"
kyqwyz,14.6306965,121.0456745,14.629316,121.0463201,44,8452,EDSA
xqsspa,14.6304582,121.0448457,14.6306965,121.0456745,45,44,Kamuning Road
bc2ya6,14.628555,121.0470307,14.630804,121.0460206,46,10121,EDSA
2812hz,14.628555,121.0470307,14.6351585,121.0435568,46,7673,EDSA
wqqi5f,14.6330079,121.0445936,14.6331536,121.0448912,51,2800,"Primary Road (51, 2800)"
unk0sd,14.6330079,121.0445936,14.632551,121.0448471,51,7424,EDSA
n1ayjp,14.6327556,121.0451156,14.633502,121.0451558,52,2765,"Primary Link Road (52, 2765)"
1h1zvl,14.6327556,121.0451156,14.6331536,121.0448912,52,2800,EDSA
cxv9v5,14.6548924,121.0584215,14.6552973,121.0557616,53,10162,University Avenue
x4tmsu,14.704652,121.0821882,14.7043515,121.0832236,54,60,Commonwealth Avenue
dc662d,14.7035506,121.0845881,14.700998,121.0865187,55,4889,Commonwealth Avenue
ovtgrn,14.7073813,121.0636143,14.7067709,121.0643072,56,4533,Commonwealth Avenue
xymjot,14.7142386,121.0933359,14.7137857,121.0944137,59,57,Payatas Road
x4tmsu,14.7043515,121.0832236,14.7041731,121.0835947,60,4890,Commonwealth Avenue
wyx8bv,14.7008171,121.0885158,14.7007282,121.0884299,61,10528,Payatas Road
c8ipep,14.6049763,121.0701396,14.606697,121.0703517,67,1985,Katipunan Avenue
c8ipep,14.6049763,121.0701396,14.602291,121.0691309,67,1941,Katipunan Avenue
h6e4fb,14.619109,121.0435303,14.6188713,121.0431327,68,11083,Aurora Boulevard
tubc2b,14.6341111,121.0729669,14.6347974,121.0707356,70,133,Xavierville Avenue
jtmlfi,14.6341111,121.0729669,14.6338012,121.0741428,70,124,Xavierville Avenue
xfvrhx,14.6110588,121.0708437,14.6082563,121.0705382,71,12839,"Residential Road (71, 12839)"
2vucvm,14.6237414,121.074347,14.6245119,121.0748582,72,7532,Major S. Dizon Street
varr6s,14.6237414,121.074347,14.6275925,121.0742358,72,751,Katipunan Avenue
oyztk8,14.6151627,121.0368981,14.6158532,121.0364595,74,577,Doña Hemady Street
z6lsnt,14.6151627,121.0368981,14.6138851,121.0346595,74,75,Aurora Boulevard
pymehd,14.6138851,121.0346595,14.6126741,121.0323848,75,91,Aurora Boulevard
clnfip,14.6317342,121.0743251,14.6319065,121.074334,76,746,Katipunan Avenue
hcytyt,14.6317342,121.0743251,14.6318146,121.0744739,76,12460,"Residential Road (76, 12460)"
dl8m8j,14.6325141,121.0758115,14.6323519,121.0772868,77,7674,Marcos Highway
xr1egn,14.6335595,121.0591403,14.6332745,121.0592506,80,83,Anonas Street
xr1egn,14.6335595,121.0591403,14.6339702,121.0590069,80,316,Anonas Street
tjb6kw,14.6332046,121.0543392,14.633739,121.0541882,81,2563,Kalayaan Avenue
bjuucq,14.6332046,121.0543392,14.633876,121.0565849,81,2454,Kamias Road
hg7nc4,14.6332046,121.0543392,14.6325515,121.0520719,81,497,Kamias Road
k502y0,14.6285807,121.06302,14.6292214,121.0624496,82,84,Anonas Street
k502y0,14.6285807,121.06302,14.628006,121.0632064,82,12464,"Residential Road (82, 12464)"
xr1egn,14.6332745,121.0592506,14.6335595,121.0591403,83,80,Anonas Street
xr1egn,14.6332745,121.0592506,14.6328274,121.0596963,83,501,Anonas Street
k502y0,14.6292214,121.0624496,14.629608,121.0618817,84,2561,Anonas Street
k502y0,14.6292214,121.0624496,14.6285807,121.06302,84,82,Anonas Street
k502y0,14.6299795,121.0616301,14.6303914,121.061399,85,512,Anonas Street
k502y0,14.6299795,121.0616301,14.629608,121.0618817,85,2561,Anonas Street
bvdemp,14.6277985,121.0632222,14.6273771,121.0620623,86,36,Aurora Boulevard
ibevbn,14.635628,121.0585146,14.6362142,121.0583403,87,2909,Anonas Street Extension
bjuucq,14.6345204,121.0588455,14.633876,121.0565849,88,2454,Kamias Road
xr1egn,14.6345204,121.0588455,14.6339702,121.0590069,88,316,Anonas Street
k502y0,14.6312094,121.0609659,14.6316603,121.0607189,89,517,Anonas Street
k502y0,14.6312094,121.0609659,14.6308053,121.0611828,89,514,Anonas Street
6efvw5,14.6324816,121.0600654,14.634357,121.0619897,90,98,Chico Street
xr1egn,14.6324816,121.0600654,14.6328274,121.0596963,90,501,Anonas Street
k502y0,14.6324816,121.0600654,14.6320992,121.060436,90,2534,Anonas Street
rm63mh,14.6126741,121.0323848,14.6132818,121.0320084,91,300,Broadway Avenue
100ivg,14.6126741,121.0323848,14.6123418,121.0313884,91,2417,Aurora Boulevard
jezyyx,14.6218801,121.0267598,14.6211647,121.0271919,92,315,Broadway Avenue
jezyyx,14.6218801,121.0267598,14.6222497,121.0265365,92,11067,Broadway Avenue
jezyyx,14.6224433,121.0264195,14.6222497,121.0265365,93,11067,Broadway Avenue
wwi3ir,14.6224433,121.0264195,14.6223567,121.026126,93,11068,E. Rodriguez Sr. Avenue
xeln5w,14.6224433,121.0264195,14.6229476,121.0280265,93,1092,E. Rodriguez Sr. Avenue
88txje,14.6117781,121.0359115,14.6127592,121.0383649,94,1093,N. Domingo Street
q3oo8f,14.6117781,121.0359115,14.6110991,121.0333408,94,97,N. Domingo Street
hb9ma8,14.6117781,121.0359115,14.6112815,121.0361566,94,1097,Senator Jose O. Vera Street
jaklst,14.7352905,121.0590524,14.7347812,121.0563575,96,265,Quirino Highway
xh8blf,14.6110991,121.0333408,14.6099684,121.0347058,97,1096,Valencia Street
z4ewvb,14.6110991,121.0333408,14.6118389,121.0328593,97,1094,Broadway Avenue
q3oo8f,14.6110991,121.0333408,14.6117781,121.0359115,97,94,N. Domingo Street
6efvw5,14.634357,121.0619897,14.6324816,121.0600654,98,90,Chico Street
6efvw5,14.634357,121.0619897,14.6357375,121.0639437,98,251,Chico Street
x9mcmm,14.6200931,121.0594963,14.6198042,121.0586468,99,1298,Pedro Tuazon Boulevard
3tbg0d,14.6200931,121.0594963,14.6180513,121.0604844,99,2946,15th Avenue
bylr9a,14.6200931,121.0594963,14.6203079,121.0601767,99,3137,Pedro Tuazon Boulevard
owfw9m,14.6575654,121.0742237,14.6575633,121.0740987,101,12811,"Residential Road (101, 12811)"
fx1u,14.6575654,121.0742237,14.6575699,121.0745141,101,8407,Magsaysay Avenue
u0el57,14.6575654,121.0742237,14.6550232,121.074236,101,8067,Katipunan Avenue
hg7nc4,14.6318953,121.0498081,14.6325515,121.0520719,102,497,Kamias Road
hg7nc4,14.6318953,121.0498081,14.6311855,121.0473446,102,498,Kamias Road
hd112s,14.6561265,121.0685919,14.6549972,121.064311,104,26,Osmeña Avenue
ev2ghk,14.6393331,121.054832,14.6361718,121.0545444,107,159,Kalayaan Avenue
b5hwmz,14.6412587,121.0546535,14.6393331,121.054832,109,107,Kalayaan Avenue
1pwugr,14.6284967,121.0554626,14.6268657,121.056246,113,356,15th Avenue
3k9nls,14.6284967,121.0554626,14.6284231,121.0547493,113,9957,Ermin Garcia Street
sem8f5,14.6411853,121.074538,14.640539,121.0745138,117,9349,Katipunan Avenue
pycz4o,14.6449853,121.0744723,14.6424481,121.0745932,118,9577,Katipunan Avenue
cyjjhk,14.6317615,121.0740667,14.6316004,121.0740613,121,168,Katipunan Avenue
hzmvg0,14.6317615,121.0740667,14.631631,121.0738146,121,12268,Aurora Boulevard
pycz4o,14.6463319,121.0742967,14.6449853,121.0744723,123,118,J. Escaler Street
jtmlfi,14.6338012,121.0741428,14.6341111,121.0729669,124,70,Xavierville Avenue
cyjjhk,14.6338012,121.0741428,14.6328232,121.0740977,124,1774,Katipunan Avenue
pylg9h,14.6212776,121.072057,14.6209217,121.0729341,132,550,Tom Castro Street
tubc2b,14.6347974,121.0707356,14.6341111,121.0729669,133,70,Xavierville Avenue
tubc2b,14.6347974,121.0707356,14.6355054,121.0683862,133,469,Xavierville Avenue
b5hwmz,14.6455864,121.0530027,14.6442621,121.0537121,138,10998,Kalayaan Avenue
op6iin,14.6294506,121.0693075,14.6288116,121.0679253,141,2532,Aurora Boulevard
me9aya,14.669213,121.0538765,14.6689109,121.0543374,142,7963,Tandang Sora Avenue
me9aya,14.669213,121.0538765,14.669632,121.0532248,142,9471,Tandang Sora Avenue
jzrlz8,14.628314,121.0134664,14.6298845,121.015126,143,7304,Quezon Avenue
1tjxk0,14.6305057,121.0158131,14.6317267,121.0175271,144,13342,"Residential Road (144, 13342)"
yztq06,14.6305057,121.0158131,14.6302306,121.0170348,144,7687,Scout Chuatoco Street
wxqdx8,14.6275667,121.0292689,14.6279967,121.0293671,145,8057,Scout Tobias Street
2i12sa,14.6275667,121.0292689,14.6278013,121.0281663,145,8049,Scout Chuatoco Street
inm3ma,14.6296523,121.0297457,14.6295586,121.0297238,146,1025,Scout Tobias Street
ny3npi,14.6296523,121.0297457,14.6300986,121.0276829,146,1042,Don Alejandro Roces Avenue
o0y6s2,14.7228148,121.0507977,14.7213605,121.0520364,150,151,Commonwealth Avenue
2r032a,14.6915154,121.0960077,14.6914629,121.0959516,152,11613,Batasan Road
yhjp7s,14.7064238,121.0694319,14.7065657,121.0694289,153,12001,Regalado Avenue
jigejh,14.7064238,121.0694319,14.7064185,121.0703134,153,13355,"Residential Road (153, 13355)"
badb94,14.6375817,121.0480395,14.6376579,121.0476882,157,3526,V. Luna Road
badb94,14.6375817,121.0480395,14.6374433,121.0487291,157,2485,V. Luna Road
ibevbn,14.6378658,121.0580814,14.6372717,121.0580619,158,2846,Anonas Street Extension
ibevbn,14.6378658,121.0580814,14.6384798,121.0581219,158,2568,Anonas Street Extension
badb94,14.6361718,121.0545444,14.6363342,121.0538083,159,2843,V. Luna Road
np4ivo,14.6361718,121.0545444,14.633739,121.0541882,159,2563,Kalayaan Avenue
k0hgal,14.6379812,121.0462198,14.6380048,121.0461124,160,7737,V. Luna Road
badb94,14.6379812,121.0462198,14.6376579,121.0476882,160,3526,V. Luna Road
aks3ai,14.6379812,121.0462198,14.6408202,121.0468809,160,2825,East Avenue
iwdb2d,14.6548201,121.0643146,14.653821,121.0649568,163,10097,M. Roxas Avenue
rt7ypt,14.6547985,121.0623334,14.6548201,121.0643146,164,163,University Avenue
rt7ypt,14.654732,121.0584235,14.6547853,121.0615716,165,10932,University Avenue
wum4h5,14.654732,121.0584235,14.6511367,121.0591362,165,10822,Carlos P. Garcia Avenue
cs290t,14.5931803,121.0586597,14.5937043,121.0588375,166,43,EDSA
cs290t,14.5931803,121.0586597,14.5930397,121.0586102,166,1859,EDSA
y7c1a0,14.6316004,121.0740613,14.6317342,121.0743251,168,76,"Primary Road (168, 76)"
cyjjhk,14.6316004,121.0740613,14.6310943,121.0740455,168,13071,"Residential Road (168, 13071)"
6v67hs,14.6360665,121.0743374,14.6355416,121.0743127,169,8755,Katipunan Avenue
m2d3cp,14.6182005,121.0781009,14.6164511,121.0761226,176,2446,Colonel Bonny Serrano Avenue
hd112s,14.6561513,121.0716067,14.6561433,121.0706345,197,8523,Osmeña Avenue
pxpemt,14.6476905,121.0642904,14.6473546,121.0623758,215,13244,"Residential Road (215, 13244)"
ra62r4,14.6472033,121.068968,14.6472782,121.0705185,224,8965,Carlos P. Garcia Avenue
ra62r4,14.6472033,121.068968,14.6472496,121.0678673,224,42,Carlos P. Garcia Avenue
pxpemt,14.6477267,121.0650291,14.6478019,121.0653881,226,227,Carlos P. Garcia Avenue
pxpemt,14.6477267,121.0650291,14.6476832,121.0646545,226,9369,Carlos P. Garcia Avenue
pxpemt,14.6478019,121.0653881,14.647959,121.0657812,227,11019,Carlos P. Garcia Avenue
pxpemt,14.6478019,121.0653881,14.6477267,121.0650291,227,226,Carlos P. Garcia Avenue
pxpemt,14.6473416,121.0623229,14.64713,121.0608375,238,9495,Carlos P. Garcia Avenue
25b4oe,14.6357375,121.0639437,14.6358008,121.0642876,251,7336,Xavierville Avenue
6efvw5,14.6357375,121.0639437,14.634357,121.0619897,251,98,Chico Street
u0cbyx,14.6291947,121.0318496,14.6296523,121.0297457,252,146,Don Alejandro Roces Avenue
35wov4,14.6217416,121.0298642,14.621032,121.03029,255,569,Gilmore Avenue
mq1fr0,14.6279924,121.0571481,14.6280302,121.0578126,256,361,Ermin Garcia Street
8wydjp,14.6279924,121.0571481,14.6287801,121.0560842,256,360,Ermin Garcia Street
ggjotn,14.6194149,121.0577921,14.6196798,121.0576216,258,8931,General Romulo Avenue
jezyyx,14.6204301,121.0276357,14.6211647,121.0271919,259,315,Broadway Avenue
jezyyx,14.6204301,121.0276357,14.6197317,121.0280576,259,299,Broadway Avenue
bzkucx,14.6244248,121.0374542,14.6244964,121.0382839,260,9800,E. Rodriguez Sr. Avenue
bzkucx,14.6244248,121.0374542,14.6243963,121.0370763,260,9801,E. Rodriguez Sr. Avenue
d0cpdd,14.6280248,121.0363848,14.6286652,121.0386239,261,11,Kamuning Road
d0cpdd,14.6280248,121.0363848,14.6274348,121.0343282,261,11864,Kamuning Road
1swfjm,14.6230241,121.0320797,14.6237155,121.0316525,262,313,Doña Hemady Street
3f5uay,14.6175101,121.0551616,14.6178862,121.0556878,263,482,Pedro Tuazon Boulevard
tnv95z,14.7347812,121.0563575,14.734383,121.0547435,265,12819,"Residential Road (265, 12819)"
ry1blk,14.7342277,121.0556424,14.7329718,121.0555794,266,269,Belfast Avenue
vleqd9,14.7268113,121.0579474,14.7244952,121.0554343,267,1658,Mindanao Avenue
s9bpen,14.7298501,121.0612534,14.729751,121.0611451,268,10269,Mindanao Avenue
gew589,14.7298501,121.0612534,14.7302775,121.061256,268,9451,Regalado Highway
ry1blk,14.7329718,121.0555794,14.7316919,121.0554709,269,4654,Belfast Avenue
ib3e0m,14.6236775,121.0738186,14.6236783,121.0737074,270,271,Pedro Tuazon Boulevard
ib3e0m,14.6236775,121.0738186,14.6233842,121.0740565,270,7531,Pedro Tuazon Boulevard
ib3e0m,14.6236783,121.0737074,14.6236775,121.0738186,271,270,Pedro Tuazon Boulevard
ib3e0m,14.6236783,121.0737074,14.6236128,121.0732759,271,522,Pedro Tuazon Boulevard
jgynt1,14.6231665,121.0715381,14.6230252,121.0709835,272,1285,Pedro Tuazon Boulevard
uqdbg2,14.6231665,121.0715381,14.6237197,121.0713657,272,553,Jose P. Rizal Street
shw0ys,14.6231665,121.0715381,14.6223073,121.0717741,272,13033,"Residential Road (272, 13033)"
jwl4q2,14.6231665,121.0715381,14.6234211,121.0725072,272,1281,Pedro Tuazon Boulevard
jgynt1,14.6225133,121.0688881,14.6225405,121.0673261,273,274,Pedro Tuazon Boulevard
jgynt1,14.6225133,121.0688881,14.6226358,121.0694075,273,2479,Pedro Tuazon Boulevard
bezacn,14.6225405,121.0673261,14.623127,121.0673635,274,556,Lakandula Street
8v94g2,14.6225405,121.0673261,14.622169,121.0653637,274,2476,Pedro Tuazon Boulevard
jgynt1,14.6225405,121.0673261,14.6225133,121.0688881,274,273,Pedro Tuazon Boulevard
deqsgj,14.6734863,121.0489103,14.6745093,121.0469387,276,3654,Tandang Sora Avenue
a88ivm,14.6761268,121.043616,14.6749053,121.0435113,278,12110,Visayas Avenue
u57r57,14.6082254,121.017184,14.6090338,121.0171297,279,10070,Gregorio Araneta Avenue
u57r57,14.6153268,121.0167442,14.6169781,121.0158976,280,281,Gregorio Araneta Avenue
u57r57,14.6169781,121.0158976,14.6188255,121.014997,281,11964,Gregorio Araneta Avenue
fmr1sq,14.6393614,121.0066014,14.6391278,121.0067281,292,1215,Gregorio Araneta Avenue
6ymi38,14.6358712,121.0086795,14.6329242,121.009004,293,294,Gregorio Araneta Avenue
6ymi38,14.6329242,121.009004,14.632158,121.0093232,294,8164,Gregorio Araneta Avenue
1t1rz8,14.6305049,121.0110259,14.6301007,121.0101067,295,1517,Maria Clara Street
4tu8qp,14.6305049,121.0110259,14.6291757,121.0123435,295,1527,Gregorio Araneta Avenue
rm63mh,14.6156686,121.0305298,14.6149379,121.0309824,296,8679,Broadway Avenue
rm63mh,14.6156686,121.0305298,14.6163822,121.0300851,296,8680,Broadway Avenue
ctfjp7,14.6179373,121.0291462,14.618818,121.0286095,297,298,Broadway Avenue
rm63mh,14.6179373,121.0291462,14.6170746,121.0296627,297,8681,Broadway Avenue
1z3rfy,14.618818,121.0286095,14.6197317,121.0280576,298,299,Broadway Avenue
ctfjp7,14.618818,121.0286095,14.6179373,121.0291462,298,297,Broadway Avenue
jezyyx,14.6197317,121.0280576,14.6204301,121.0276357,299,259,Broadway Avenue
1z3rfy,14.6197317,121.0280576,14.618818,121.0286095,299,298,Broadway Avenue
rm63mh,14.6132818,121.0320084,14.6142059,121.0314359,300,8684,Broadway Avenue
rm63mh,14.6132818,121.0320084,14.6126741,121.0323848,300,91,Broadway Avenue
s82vcw,14.6152845,121.0338076,14.6145834,121.0342247,301,302,Gilmore Avenue
s82vcw,14.6145834,121.0342247,14.6138851,121.0346595,302,75,Gilmore Avenue
s82vcw,14.618373,121.0319125,14.6178739,121.0322177,303,13326,"Residential Road (303, 13326)"
oyztk8,14.618373,121.0319125,14.6196356,121.0341627,303,310,8th Street
s82vcw,14.6169562,121.0327721,14.6162288,121.0332221,304,21,Gilmore Avenue
s82vcw,14.6201089,121.0308499,14.6192393,121.0313887,305,306,Gilmore Avenue
s82vcw,14.6192393,121.0313887,14.618373,121.0319125,306,303,Gilmore Avenue
1swfjm,14.622309,121.0325193,14.6230241,121.0320797,307,262,Doña Hemady Street
1swfjm,14.6214072,121.0330737,14.622309,121.0325193,308,307,Doña Hemady Street
oyztk8,14.6205318,121.0336164,14.6214072,121.0330737,309,308,Doña Hemady Street
oyztk8,14.6196356,121.0341627,14.6205318,121.0336164,310,309,Doña Hemady Street
oyztk8,14.6182442,121.0350036,14.6189479,121.0345854,311,13,Doña Hemady Street
oyztk8,14.6175208,121.0354441,14.6182442,121.0350036,312,311,Doña Hemady Street
35wov4,14.622441,121.0294274,14.6217416,121.0298642,314,255,Gilmore Avenue
jezyyx,14.6211647,121.0271919,14.6218801,121.0267598,315,92,Broadway Avenue
jezyyx,14.6211647,121.0271919,14.6204301,121.0276357,315,259,Broadway Avenue
xr1egn,14.6339702,121.0590069,14.6335595,121.0591403,316,80,Anonas Street
xr1egn,14.6339702,121.0590069,14.6345204,121.0588455,316,88,Anonas Street
g060dj,14.6260378,121.0490802,14.6263138,121.049702,336,337,New York Avenue
wifwck,14.6260378,121.0490802,14.6257257,121.048331,336,7834,New York Avenue
g060dj,14.6263138,121.049702,14.6260378,121.0490802,337,336,New York Avenue
g060dj,14.6263138,121.049702,14.6265728,121.050281,337,338,New York Avenue
g060dj,14.6265728,121.050281,14.6267976,121.0507765,338,339,New York Avenue
g060dj,14.6265728,121.050281,14.6263138,121.049702,338,337,New York Avenue
g060dj,14.6267976,121.0507765,14.6270639,121.0513565,339,340,New York Avenue
g060dj,14.6267976,121.0507765,14.6265728,121.050281,339,338,New York Avenue
g060dj,14.6270639,121.0513565,14.627323,121.0519598,340,341,New York Avenue
g060dj,14.6270639,121.0513565,14.6267976,121.0507765,340,339,New York Avenue
g060dj,14.627323,121.0519598,14.6270639,121.0513565,341,340,New York Avenue
g060dj,14.627323,121.0519598,14.6275371,121.0524326,341,342,New York Avenue
g060dj,14.6275371,121.0524326,14.6277487,121.0529241,342,343,New York Avenue
g060dj,14.6275371,121.0524326,14.627323,121.0519598,342,341,New York Avenue
g060dj,14.6277487,121.0529241,14.6279936,121.0534899,343,344,New York Avenue
g060dj,14.6277487,121.0529241,14.6275371,121.0524326,343,342,New York Avenue
g060dj,14.6279936,121.0534899,14.6282465,121.0540665,344,345,New York Avenue
g060dj,14.6279936,121.0534899,14.6277487,121.0529241,344,343,New York Avenue
g060dj,14.6282465,121.0540665,14.6285005,121.0547032,345,346,New York Avenue
g060dj,14.6282465,121.0540665,14.6279936,121.0534899,345,344,New York Avenue
g060dj,14.6285005,121.0547032,14.6282465,121.0540665,346,345,New York Avenue
1pwugr,14.6268657,121.056246,14.6249404,121.0571523,356,2465,15th Avenue
8wydjp,14.627389,121.0574089,14.6279924,121.0571481,358,256,Albany Street
o1ik5u,14.6287801,121.0560842,14.6284967,121.0554626,360,113,Ermin Garcia Street
mq1fr0,14.6280302,121.0578126,14.6282818,121.0583988,361,848,Ermin Garcia Street
mq1fr0,14.6280302,121.0578126,14.6279924,121.0571481,361,256,Ermin Garcia Street
f2eahd,14.630071,121.0298429,14.6296523,121.0297457,362,146,Scout Tobias Street
f2eahd,14.6305783,121.0299606,14.630071,121.0298429,363,362,Scout Tobias Street
f2eahd,14.6310408,121.0300679,14.6305783,121.0299606,364,363,Scout Tobias Street
f2eahd,14.6310408,121.0300679,14.6315729,121.0301914,364,365,Scout Tobias Street
f2eahd,14.6315729,121.0301914,14.6310408,121.0300679,365,364,Scout Tobias Street
f2eahd,14.6315729,121.0301914,14.6320993,121.0303136,365,366,Scout Tobias Street
f2eahd,14.6320993,121.0303136,14.6315729,121.0301914,366,365,Scout Tobias Street
f2eahd,14.6320993,121.0303136,14.6326169,121.0304337,366,367,Scout Tobias Street
f2eahd,14.6326169,121.0304337,14.6320993,121.0303136,367,366,Scout Tobias Street
f2eahd,14.6326169,121.0304337,14.6331584,121.0305706,367,368,Scout Tobias Street
f2eahd,14.6331584,121.0305706,14.6326169,121.0304337,368,367,Scout Tobias Street
f2eahd,14.6331584,121.0305706,14.6336744,121.0306791,368,369,Scout Tobias Street
f2eahd,14.6336744,121.0306791,14.6331584,121.0305706,369,368,Scout Tobias Street
f2eahd,14.6336744,121.0306791,14.6341993,121.0308009,369,370,Scout Tobias Street
f2eahd,14.6341993,121.0308009,14.6349841,121.030983,370,371,Scout Tobias Street
f2eahd,14.6341993,121.0308009,14.6336744,121.0306791,370,369,Scout Tobias Street
f2eahd,14.6349841,121.030983,14.6341993,121.0308009,371,370,Scout Tobias Street
f2eahd,14.6349841,121.030983,14.6357976,121.0311725,371,372,Scout Tobias Street
f2eahd,14.6357976,121.0311725,14.6349841,121.030983,372,371,Scout Tobias Street
t7o385,14.6357976,121.0311725,14.6353459,121.0332389,372,393,Timog Avenue
ny3npi,14.6310331,121.0233637,14.6312819,121.0222138,386,8578,Don Alejandro Roces Avenue
ny3npi,14.6305635,121.0255343,14.6310331,121.0233637,387,386,Don Alejandro Roces Avenue
t7o385,14.6353459,121.0332389,14.6349868,121.0348321,393,9869,Timog Avenue
t7o385,14.6353459,121.0332389,14.6357976,121.0311725,393,372,Timog Avenue
bvdemp,14.6270084,121.0613199,14.6267164,121.0607084,395,2463,Aurora Boulevard
xtqvru,14.6222976,121.0516222,14.6216888,121.0502055,397,7508,Aurora Boulevard
h470z0,14.6243539,121.0559611,14.6240649,121.0553566,398,2466,Aurora Boulevard
e83z9h,14.6645461,121.0674542,14.6640496,121.0679914,403,10152,Tandang Sora Avenue
2mmy04,14.7328875,121.0504682,14.7323225,121.0496577,404,5146,Quirino Highway
2mmy04,14.7328875,121.0504682,14.7335238,121.0522709,404,7885,Quirino Highway
2mmy04,14.7316318,121.048711,14.7323225,121.0496577,405,5146,Quirino Highway
kfdzki,14.7218699,121.0388384,14.7218771,121.0386377,408,5495,General Luis Street
wqqi5f,14.6339272,121.0395659,14.6335532,121.0412818,438,13370,"Residential Road (438, 13370)"
wqqi5f,14.6339272,121.0395659,14.6343343,121.0377448,438,12371,Timog Avenue
2wzltk,14.6403635,121.0265446,14.6424763,121.0270282,462,10095,West Avenue
2wzltk,14.6403635,121.0265446,14.6399223,121.0264449,462,8157,West Avenue
hzmvg0,14.6302889,121.0710728,14.6294506,121.0693075,465,141,Aurora Boulevard
tubc2b,14.6355054,121.0683862,14.6347974,121.0707356,469,133,Xavierville Avenue
uzfczs,14.6355054,121.0683862,14.6362191,121.0654052,469,473,Xavierville Avenue
uzfczs,14.6360073,121.0648156,14.6362191,121.0654052,472,473,Xavierville Avenue
27suib,14.6360073,121.0648156,14.6358008,121.0642876,472,7336,Xavierville Avenue
uzfczs,14.6362191,121.0654052,14.6355054,121.0683862,473,469,Xavierville Avenue
uzfczs,14.6362191,121.0654052,14.6360073,121.0648156,473,472,Xavierville Avenue
xtqvru,14.6213853,121.049539,14.6202634,121.0465828,478,10064,Aurora Boulevard
3f5uay,14.6178862,121.0556878,14.6182593,121.0562622,482,13045,"Residential Road (482, 13045)"
1074zq,14.6235384,121.0556153,14.6239879,121.0554417,483,488,General Romulo Avenue
1074zq,14.6208846,121.05678,14.6224542,121.0560839,487,12564,"Residential Road (487, 12564)"
1vf8r9,14.6239879,121.0554417,14.6242553,121.0560089,488,7530,Aurora Boulevard
u0el57,14.649449,121.0743076,14.6485112,121.0743059,490,12407,Katipunan Avenue
odmq3y,14.6494345,121.074476,14.6535093,121.0745134,491,7274,Katipunan Avenue
odmq3y,14.6483357,121.0744934,14.6494345,121.074476,492,491,Katipunan Avenue
uz5lj8,14.6463482,121.0744826,14.6469285,121.074471,493,11405,Katipunan Avenue
u14ofp,14.636667,121.0745626,14.6405336,121.0746486,494,6890,Katipunan Avenue
p0pyjo,14.6324764,121.0754836,14.6319065,121.074334,495,746,Marcos Highway
4psbb0,14.6333049,121.0744103,14.636667,121.0745626,496,494,Katipunan Avenue
hg7nc4,14.6325515,121.0520719,14.6332046,121.0543392,497,81,Kamias Road
hg7nc4,14.6325515,121.0520719,14.6318953,121.0498081,497,102,Kamias Road
hg7nc4,14.6311855,121.0473446,14.6318953,121.0498081,498,102,Kamias Road
hg7nc4,14.6311855,121.0473446,14.6309842,121.046646,498,2799,Kamias Road
xr1egn,14.6328274,121.0596963,14.6324816,121.0600654,501,90,Anonas Street
xr1egn,14.6328274,121.0596963,14.6332745,121.0592506,501,83,Anonas Street
k502y0,14.6303914,121.061399,14.6299795,121.0616301,512,85,Anonas Street
k502y0,14.6303914,121.061399,14.6308053,121.0611828,512,514,Anonas Street
k502y0,14.6308053,121.0611828,14.6303914,121.061399,514,512,Anonas Street
k502y0,14.6308053,121.0611828,14.6312094,121.0609659,514,89,Anonas Street
k502y0,14.6316603,121.0607189,14.6312094,121.0609659,517,89,Anonas Street
k502y0,14.6316603,121.0607189,14.6320992,121.060436,517,2534,Anonas Street
y7c1a0,14.6298695,121.0705332,14.6304052,121.0716958,520,2531,Aurora Boulevard
i9qjwa,14.6288325,121.0712111,14.6293219,121.0708912,521,524,Padre Burgos Street
i9qjwa,14.6288325,121.0712111,14.627776,121.0717769,521,1227,Padre Burgos Street
ib3e0m,14.6236128,121.0732759,14.6236783,121.0737074,522,271,Pedro Tuazon Boulevard
jwl4q2,14.6236128,121.0732759,14.6235165,121.0728777,522,7384,Pedro Tuazon Boulevard
i9qjwa,14.6236128,121.0732759,14.6256876,121.0725458,522,523,Padre Burgos Street
i9qjwa,14.6256876,121.0725458,14.627776,121.0717769,523,1227,Padre Burgos Street
i9qjwa,14.6293219,121.0708912,14.6288325,121.0712111,524,521,Padre Burgos Street
uqdbg2,14.6286786,121.0695922,14.6281334,121.0697866,525,527,Jose P. Rizal Street
uqdbg2,14.6286786,121.0695922,14.6293338,121.0693586,525,2529,Jose P. Rizal Street
uqdbg2,14.6281334,121.0697866,14.6273102,121.0700801,527,533,Jose P. Rizal Street
uqdbg2,14.6281334,121.0697866,14.6286786,121.0695922,527,525,Jose P. Rizal Street
uqdbg2,14.6242305,121.0711723,14.6237197,121.0713657,528,553,Jose P. Rizal Street
uqdbg2,14.6242305,121.0711723,14.6246987,121.0710114,528,1280,Jose P. Rizal Street
uqdbg2,14.6273102,121.0700801,14.6259602,121.0705614,533,1274,Jose P. Rizal Street
uqdbg2,14.6273102,121.0700801,14.6281334,121.0697866,533,527,Jose P. Rizal Street
8t7jnc,14.6268965,121.0660505,14.6262141,121.0658319,537,1231,F. Castillo Street
8t7jnc,14.6268965,121.0660505,14.6282469,121.0664777,537,1230,F. Castillo Street
k133qp,14.6264571,121.0604418,14.6240535,121.061609,538,3134,20th Avenue
nwa5ol,14.6264571,121.0604418,14.6269233,121.0613666,538,7535,Aurora Boulevard
bgumxs,14.6211903,121.0629711,14.6195904,121.0636724,539,5394,20th Avenue
bylr9a,14.6211903,121.0629711,14.6206507,121.061299,539,3151,Pedro Tuazon Boulevard
8v94g2,14.6211903,121.0629711,14.6215684,121.0639697,539,2475,Pedro Tuazon Boulevard
k133qp,14.6211903,121.0629711,14.6229413,121.0621377,539,2851,20th Avenue
pylg9h,14.6209217,121.0729341,14.6212776,121.072057,550,132,Tom Castro Street
83sv33,14.6246038,121.0674228,14.6241222,121.0674095,552,558,Lakandula Street
47goeu,14.6246038,121.0674228,14.6249875,121.0664499,552,7542,Antonio Luna Street
uqdbg2,14.6237197,121.0713657,14.6231665,121.0715381,553,272,Jose P. Rizal Street
uqdbg2,14.6237197,121.0713657,14.6242305,121.0711723,553,528,Jose P. Rizal Street
bezacn,14.623127,121.0673635,14.6236166,121.0673965,556,1289,Lakandula Street
bezacn,14.623127,121.0673635,14.6225405,121.0673261,556,274,Lakandula Street
83sv33,14.6241222,121.0674095,14.6246038,121.0674228,558,552,Lakandula Street
uqdbg2,14.6247613,121.0709906,14.6251968,121.070831,563,1279,Jose P. Rizal Street
35wov4,14.621032,121.03029,14.6201089,121.0308499,569,305,Gilmore Avenue
ensfvh,14.6239126,121.0353112,14.6234867,121.0355696,570,597,Balete Drive
ensfvh,14.6239126,121.0353112,14.6242483,121.0350906,570,580,Balete Drive
mby5fh,14.6230289,121.0358443,14.6226921,121.0360431,571,596,Balete Drive
ensfvh,14.6230289,121.0358443,14.6234867,121.0355696,571,597,Balete Drive
mby5fh,14.6198303,121.0377651,14.6203086,121.037477,573,1072,Balete Drive
mby5fh,14.6198303,121.0377651,14.6195782,121.0379244,573,1075,Balete Drive
mby5fh,14.6198303,121.0377651,14.6194695,121.0371632,573,8179,6th Street
oyztk8,14.6165302,121.0360479,14.6175208,121.0354441,575,312,Doña Hemady Street
mby5fh,14.6174617,121.0392013,14.6180516,121.0388478,576,2952,Balete Drive
oyztk8,14.6158532,121.0364595,14.6165302,121.0360479,577,575,Doña Hemady Street
w1tev8,14.6167696,121.0396456,14.6151627,121.0368981,578,74,Aurora Boulevard
mby5fh,14.6167696,121.0396456,14.6172852,121.0393107,578,2855,Balete Drive
mby5fh,14.6221404,121.0363758,14.6226921,121.0360431,579,596,Balete Drive
ensfvh,14.6242483,121.0350906,14.6239126,121.0353112,580,570,Balete Drive
lgql45,14.6242483,121.0350906,14.6241635,121.0339789,580,12477,"Residential Road (580, 12477)"
mby5fh,14.6182323,121.0387404,14.6187999,121.0383947,588,3008,Balete Drive
mby5fh,14.6213021,121.0368764,14.6220491,121.0364307,592,594,Balete Drive
mby5fh,14.6213021,121.0368764,14.6203086,121.037477,592,1072,Balete Drive
mby5fh,14.6220491,121.0364307,14.6213021,121.0368764,594,592,Balete Drive
mby5fh,14.6226921,121.0360431,14.6230289,121.0358443,596,571,Balete Drive
mby5fh,14.6226921,121.0360431,14.6221404,121.0363758,596,579,Balete Drive
bzkucx,14.6226921,121.0360431,14.6243963,121.0370763,596,9801,Campanilla Street
ensfvh,14.6234867,121.0355696,14.6239126,121.0353112,597,570,Balete Drive
ensfvh,14.6234867,121.0355696,14.6230289,121.0358443,597,571,Balete Drive
i9gzj5,14.6198013,121.0148023,14.6189099,121.0147879,598,1496,Gregorio Araneta Avenue
g6t3l4,14.6254792,121.0118329,14.6262165,121.0111362,622,8927,R. Familara Street
twhsrw,14.6311967,121.0345264,14.6317069,121.0346417,653,18,Tomas Morato Avenue
twhsrw,14.6311967,121.0345264,14.6306719,121.0344054,653,674,Tomas Morato Avenue
twhsrw,14.6332952,121.0349915,14.6340468,121.0351628,657,660,Tomas Morato Avenue
twhsrw,14.6332952,121.0349915,14.6327602,121.0348685,657,664,Tomas Morato Avenue
twhsrw,14.6340468,121.0351628,14.6343026,121.035221,660,8669,Tomas Morato Avenue
twhsrw,14.6340468,121.0351628,14.6332952,121.0349915,660,657,Tomas Morato Avenue
twhsrw,14.6327602,121.0348685,14.6332952,121.0349915,664,657,Tomas Morato Avenue
twhsrw,14.6327602,121.0348685,14.6322421,121.0347659,664,667,Tomas Morato Avenue
twhsrw,14.6322421,121.0347659,14.6317069,121.0346417,667,18,Tomas Morato Avenue
twhsrw,14.6322421,121.0347659,14.6327602,121.0348685,667,664,Tomas Morato Avenue
twhsrw,14.6306719,121.0344054,14.6311967,121.0345264,674,653,Tomas Morato Avenue
twhsrw,14.6296622,121.0341711,14.6291511,121.0340544,676,678,Tomas Morato Avenue
twhsrw,14.6291511,121.0340544,14.6296622,121.0341711,678,676,Tomas Morato Avenue
twhsrw,14.6291511,121.0340544,14.6287424,121.0339311,678,16,Tomas Morato Avenue
oapsh0,14.6366659,121.027083,14.6368318,121.0265586,683,7706,Timog Avenue
rm5ad2,14.6367382,121.0256049,14.6370382,121.026104,684,9355,Quezon Avenue
rm5ad2,14.6367382,121.0256049,14.6367117,121.026628,684,7357,"Primary Link Road (684, 7357)"
oapsh0,14.6366273,121.0272668,14.6365586,121.0276022,685,8,Timog Avenue
oapsh0,14.6366273,121.0272668,14.6366659,121.027083,685,683,Timog Avenue
nu7qsg,14.6529623,121.0519732,14.6530534,121.0521109,728,9699,Commonwealth Avenue
ajfo12,14.7214433,121.0521258,14.7213605,121.0520364,729,151,Mindanao Avenue
axtcvk,14.7214433,121.0521258,14.723807,121.0501526,729,10826,Commonwealth Avenue
27z26a,14.7107061,121.0610596,14.7105854,121.0609158,730,11354,Regalado Highway
27z26a,14.7107061,121.0610596,14.7108253,121.0609609,730,10371,Commonwealth Avenue
uo0a97,14.6870434,121.0874316,14.6872511,121.0872103,731,9890,Batasan Road
2r032a,14.6950119,121.0961769,14.692936,121.0962544,732,1219,Batasan Road
2r032a,14.6958539,121.0953282,14.6950119,121.0961769,733,732,Batasan Road
8tus2i,14.6994575,121.0873781,14.6999736,121.0872363,734,9065,Commonwealth Avenue
1y236x,14.6994575,121.0873781,14.6998731,121.0879585,734,10750,Batasan Road
rwxwik,14.6867179,121.0870945,14.686825,121.087121,735,12406,Commonwealth Avenue
beo5th,14.6867179,121.0870945,14.6867988,121.0873507,735,10817,Batasan Road
21vrl8,14.6252352,121.0097772,14.6247218,121.0092094,736,9197,Quezon Avenue
g1gzh3,14.6681802,121.075015,14.6693973,121.0765867,738,8822,Commonwealth Avenue
g6t3l4,14.6247987,121.0095176,14.6259806,121.0108185,739,8750,Quezon Avenue
g6t3l4,14.6241106,121.0087908,14.6245044,121.0091955,740,8176,Quezon Avenue
g6t3l4,14.6234416,121.0080519,14.6241106,121.0087908,741,740,Quezon Avenue
4psbb0,14.6319065,121.074334,14.6324921,121.0743637,746,13608,"Residential Road (746, 13608)"
izul1q,14.6215848,121.0502586,14.6216888,121.0502055,747,7508,EDSA
v9lbc4,14.6248429,121.0572034,14.6243904,121.0574312,748,3018,15th Avenue
7ocydr,14.6248429,121.0572034,14.6257139,121.0589342,748,7533,Aurora Boulevard
cwh8x6,14.6275702,121.0741068,14.6238184,121.0742296,750,13414,"Residential Road (750, 13414)"
9x48tl,14.6275925,121.0742358,14.6304109,121.0742973,751,9370,Katipunan Avenue
cohv6q,14.6275925,121.0742358,14.636667,121.0745626,751,494,Katipunan Avenue
dkvdfg,14.6055043,121.0791766,14.6070459,121.0787997,753,13081,"Residential Road (753, 13081)"
dkvdfg,14.6094812,121.0767817,14.6096683,121.0766106,754,8379,E. Rodriguez Jr. Avenue
uz5lj8,14.6425346,121.0747606,14.646275,121.074492,822,13273,"Residential Road (822, 13273)"
cjggp5,14.6709268,121.0782105,14.6717115,121.0789913,825,2305,Commonwealth Avenue
mq1fr0,14.6282818,121.0583988,14.6280302,121.0578126,848,361,Ermin Garcia Street
mq1fr0,14.6282818,121.0583988,14.6284321,121.059067,848,849,Ermin Garcia Street
mq1fr0,14.6284321,121.059067,14.6282818,121.0583988,849,848,Ermin Garcia Street
mq1fr0,14.6284321,121.059067,14.6286441,121.0597286,849,850,Ermin Garcia Street
e869k1,14.6286441,121.0597286,14.6267164,121.0607084,850,2463,Pittsburgh Street
mq1fr0,14.6286441,121.0597286,14.6284321,121.059067,850,849,Ermin Garcia Street
cizdae,14.6574299,121.0007195,14.6574258,120.9999357,853,8515,EDSA
sc1xp1,14.6560771,121.0285161,14.6566335,121.0260239,857,9665,EDSA
goazyb,14.6618556,121.0202055,14.6627276,121.0205364,859,8349,Congressional Avenue
t40kf2,14.6655192,121.0297593,14.6653358,121.0290869,860,2632,Congressional Avenue
e9gyg1,14.6639082,121.0363992,14.6627269,121.0365821,861,12065,Mindanao Avenue
ah4d04,14.6545872,121.03523,14.6546178,121.0350919,862,39,North Avenue
2mdpyu,14.6545872,121.03523,14.6583098,121.0360995,862,7568,Mindanao Avenue
y391xx,14.6610711,121.0366498,14.6624247,121.0367258,863,9668,Mindanao Avenue
y391xx,14.6639353,121.0365192,14.6651191,121.0361046,864,2620,Mindanao Avenue
40700i,14.6709693,121.0393516,14.6713983,121.0412151,865,3736,Congressional Avenue
40700i,14.6718609,121.0433331,14.6718921,121.0434804,866,7630,Congressional Avenue Extension
641btz,14.6718609,121.0433331,14.6715847,121.0433222,866,2760,Visayas Avenue
641btz,14.6719908,121.0433359,14.6718609,121.0433331,867,866,Visayas Avenue
d6yfmu,14.6719908,121.0433359,14.6719359,121.043091,867,7938,Congressional Avenue
wauhiv,14.6710826,121.039322,14.6710503,121.039191,868,7404,Congressional Avenue
yrku05,14.6918651,121.0265311,14.6920386,121.026172,869,7401,Mindanao Avenue
oo0svm,14.6326861,121.0186373,14.6317523,121.0171419,894,9861,Quezon Avenue
4wjq7l,14.6335441,121.0181341,14.6326861,121.0186373,901,894,Fernando Poe Jr. Avenue
pd5yic,14.639953,121.0131261,14.639821,121.0119947,920,3158,Del Monte Avenue
2v56ey,14.6416867,121.0229047,14.6418093,121.0233656,922,8168,Del Monte Avenue
n0b3nt,14.6416867,121.0229047,14.6411176,121.0216219,922,919,Del Monte Avenue
2v56ey,14.6420582,121.0242461,14.6421899,121.0246761,929,8172,Del Monte Avenue
2v56ey,14.6420582,121.0242461,14.6419332,121.0238083,929,8171,Del Monte Avenue
2v56ey,14.6423082,121.0250969,14.6424323,121.025538,932,8448,Del Monte Avenue
2v56ey,14.6423082,121.0250969,14.6421899,121.0246761,932,8172,Del Monte Avenue
wxqdx8,14.6295586,121.0297238,14.6290797,121.0296144,1025,8972,Scout Tobias Street
inm3ma,14.6295586,121.0297238,14.6296523,121.0297457,1025,146,Scout Tobias Street
4qohk2,14.6295586,121.0297238,14.6294045,121.0304423,1025,7693,Don Alejandro Roces Avenue
4qohk2,14.6291069,121.0318305,14.6289565,121.0325315,1026,11935,Don Alejandro Roces Avenue
wxqdx8,14.6280922,121.0293889,14.6285879,121.0295021,1027,1030,Scout Tobias Street
wxqdx8,14.6280922,121.0293889,14.6279967,121.0293671,1027,8057,Scout Tobias Street
v88j8k,14.630004,121.0276605,14.6295586,121.0297238,1028,1025,Don Alejandro Roces Avenue
v13vxy,14.6280104,121.0271865,14.6278013,121.0281663,1029,8049,Scout Chuatoco Street
v13vxy,14.6280104,121.0271865,14.6284631,121.0250824,1029,1033,Scout Chuatoco Street
wxqdx8,14.6285879,121.0295021,14.6290797,121.0296144,1030,8972,Scout Tobias Street
wxqdx8,14.6285879,121.0295021,14.6280922,121.0293889,1030,1027,Scout Tobias Street
v88j8k,14.6304825,121.0255143,14.630004,121.0276605,1032,1028,Don Alejandro Roces Avenue
v13vxy,14.6284631,121.0250824,14.6288205,121.0234434,1033,7690,Scout Chuatoco Street
v13vxy,14.6284631,121.0250824,14.6280104,121.0271865,1033,1029,Scout Chuatoco Street
cozlat,14.633297,121.0200274,14.6323066,121.0206867,1039,1040,Don Alejandro Roces Avenue
3lk4tc,14.633297,121.0200274,14.6343083,121.0216652,1039,7863,Quezon Avenue
tqvaqs,14.6323066,121.0206867,14.6315486,121.0210267,1040,10023,Don Alejandro Roces Avenue
ny3npi,14.6300986,121.0276829,14.6305635,121.0255343,1042,387,Don Alejandro Roces Avenue
x4mn52,14.6236501,121.0456655,14.6240722,121.0460796,1050,3067,New York Street
x4mn52,14.6236501,121.0456655,14.6231089,121.045048,1050,1070,New York Street
x4mn52,14.6249603,121.0470301,14.625313,121.0473963,1056,1063,New York Street
x4mn52,14.6249603,121.0470301,14.6244543,121.0464877,1056,1066,New York Street
x4mn52,14.625313,121.0473963,14.6249603,121.0470301,1063,1056,New York Street
5j3vlw,14.625313,121.0473963,14.6256225,121.0481084,1063,1069,New York Street
x4mn52,14.6244543,121.0464877,14.6240722,121.0460796,1066,3067,New York Street
x4mn52,14.6244543,121.0464877,14.6249603,121.0470301,1066,1056,New York Street
uk1xd9,14.6218851,121.0474561,14.6231089,121.045048,1068,1070,E. Rodriguez Sr. Avenue
uk1xd9,14.6218851,121.0474561,14.6215354,121.0481388,1068,2436,E. Rodriguez Sr. Avenue
5j3vlw,14.6256225,121.0481084,14.625313,121.0473963,1069,1063,New York Street
xfuruu,14.6256225,121.0481084,14.6241771,121.0487909,1069,7315,EDSA
ttqs1r,14.6231089,121.045048,14.623761,121.043777,1070,8971,E. Rodriguez Sr. Avenue
uk1xd9,14.6231089,121.045048,14.6218851,121.0474561,1070,1068,E. Rodriguez Sr. Avenue
x4mn52,14.6231089,121.045048,14.6236501,121.0456655,1070,1050,New York Street
mby5fh,14.6203086,121.037477,14.6198303,121.0377651,1072,573,Balete Drive
mby5fh,14.6203086,121.037477,14.6213021,121.0368764,1072,592,Balete Drive
mby5fh,14.6195782,121.0379244,14.6198303,121.0377651,1075,573,Balete Drive
mby5fh,14.6195782,121.0379244,14.6190127,121.038266,1075,11936,Balete Drive
gwuvdp,14.6240165,121.0320125,14.6239745,121.0314874,1082,9417,E. Rodriguez Sr. Avenue
gwuvdp,14.6240165,121.0320125,14.6240881,121.0329243,1082,9803,E. Rodriguez Sr. Avenue
wwi3ir,14.621947,121.0247365,14.6223567,121.026126,1085,11068,E. Rodriguez Sr. Avenue
xeln5w,14.6229476,121.0280265,14.6224433,121.0264195,1092,93,E. Rodriguez Sr. Avenue
xeln5w,14.6229476,121.0280265,14.6231346,121.0286261,1092,22,E. Rodriguez Sr. Avenue
yym9ob,14.6127592,121.0383649,14.6144285,121.0373345,1093,9685,Doña Hemady Street
z4ewvb,14.6118389,121.0328593,14.6110991,121.0333408,1094,97,Broadway Avenue
z4ewvb,14.6118389,121.0328593,14.6126016,121.0324263,1094,1567,Broadway Avenue
4uyafs,14.6131475,121.0351081,14.6117781,121.0359115,1095,94,Gilmore Avenue
xh8blf,14.6099684,121.0347058,14.6110991,121.0333408,1096,97,Valencia Street
tsjhrj,14.6099684,121.0347058,14.6100842,121.0368028,1096,1571,Valencia Street
y70tuf,14.6112815,121.0361566,14.6099684,121.0347058,1097,1096,Castilla Street
hb9ma8,14.6112815,121.0361566,14.6117781,121.0359115,1097,94,Senator Jose O. Vera Street
ljat26,14.6112815,121.0361566,14.6104788,121.0365882,1097,3318,Senator Jose O. Vera Street
bzkucx,14.6243232,121.0360773,14.6243963,121.0370763,1098,9801,E. Rodriguez Sr. Avenue
uk1xd9,14.6212867,121.0489373,14.6215354,121.0481388,1120,2436,E. Rodriguez Sr. Avenue
2ctmmu,14.620322,121.0471219,14.6206834,121.0480899,1129,1134,Aurora Boulevard
12nd2z,14.620961,121.0488934,14.6210862,121.0492344,1130,13073,"Residential Road (1130, 13073)"
2ctmmu,14.6206834,121.0480899,14.620961,121.0488934,1134,1130,Aurora Boulevard
wwi3ir,14.6217072,121.0240688,14.6219326,121.0246876,1141,8644,E. Rodriguez Sr. Avenue
t5no4q,14.6572753,121.0010388,14.6573199,121.0041495,1144,11288,EDSA
1t1rz8,14.6293958,121.0085633,14.6297702,121.0093994,1205,3212,Maria Clara Street
1t1rz8,14.6293958,121.0085633,14.6285268,121.0066155,1205,1438,Maria Clara Street
iktbsr,14.6391611,121.0069299,14.6422703,121.0060617,1214,2019,Gregorio Araneta Avenue
fmr1sq,14.6391278,121.0067281,14.6358712,121.0086795,1215,293,Gregorio Araneta Avenue
fdnn1g,14.6909155,121.0953682,14.69018,121.0946283,1218,11329,Batasan Road
2r032a,14.692936,121.0962544,14.6915154,121.0960077,1219,152,Batasan Road
cu8t3c,14.6863031,121.089904,14.6870815,121.0915898,1221,7759,Batasan Road
jg2wv5,14.6310917,121.0743016,14.6315471,121.074313,1226,12461,"Residential Road (1226, 12461)"
i9qjwa,14.627776,121.0717769,14.6288325,121.0712111,1227,521,Padre Burgos Street
i9qjwa,14.627776,121.0717769,14.6256876,121.0725458,1227,523,Padre Burgos Street
e13p1s,14.6282469,121.0664777,14.6287044,121.067982,1230,8378,Aurora Boulevard
8t7jnc,14.6282469,121.0664777,14.6268965,121.0660505,1230,537,F. Castillo Street
8t7jnc,14.6262141,121.0658319,14.6268965,121.0660505,1231,537,F. Castillo Street
tzcncg,14.6262141,121.0658319,14.6260174,121.0656804,1231,1232,F. Castillo Street
uvbfl2,14.6260174,121.0656804,14.6255427,121.0660454,1232,7545,Antonio Luna Street
tzcncg,14.6260174,121.0656804,14.6262141,121.0658319,1232,1231,F. Castillo Street
bgumxs,14.6153193,121.0655614,14.616121,121.0652048,1241,1313,20th Avenue
bgumxs,14.6153193,121.0655614,14.613608,121.0663098,1241,10128,20th Avenue
3tbg0d,14.6167035,121.0611307,14.6158446,121.0614823,1250,1321,15th Avenue
vgk9tt,14.616023,121.0593611,14.6193456,121.0578105,1251,13042,"Residential Road (1251, 13042)"
vgk9tt,14.6143017,121.0601599,14.616023,121.0593611,1252,1251,13th Avenue
3f5uay,14.6171209,121.0545992,14.6174404,121.0550665,1261,12128,Pedro Tuazon Boulevard
3f5uay,14.6171209,121.0545992,14.6164636,121.053576,1261,9683,Pedro Tuazon Boulevard
d4gz3s,14.611992,121.0547218,14.6130533,121.0541695,1268,7342,EDSA
uqdbg2,14.6259602,121.0705614,14.6255573,121.070705,1274,7551,Jose P. Rizal Street
uqdbg2,14.6259602,121.0705614,14.6273102,121.0700801,1274,533,Jose P. Rizal Street
uqdbg2,14.6251968,121.070831,14.6255573,121.070705,1279,7551,Jose P. Rizal Street
uqdbg2,14.6251968,121.070831,14.6247613,121.0709906,1279,563,Jose P. Rizal Street
uqdbg2,14.6246987,121.0710114,14.6242305,121.0711723,1280,528,Jose P. Rizal Street
jwl4q2,14.6234211,121.0725072,14.6235165,121.0728777,1281,7384,Pedro Tuazon Boulevard
jwl4q2,14.6234211,121.0725072,14.6231665,121.0715381,1281,272,Pedro Tuazon Boulevard
jgynt1,14.6230252,121.0709835,14.6231665,121.0715381,1285,272,Pedro Tuazon Boulevard
jgynt1,14.6230252,121.0709835,14.6229108,121.0705206,1285,2480,Pedro Tuazon Boulevard
shw0ys,14.6215659,121.0719778,14.6223073,121.0717741,1286,13033,"Residential Road (1286, 13033)"
bezacn,14.6236166,121.0673965,14.623127,121.0673635,1289,556,Lakandula Street
bezacn,14.6236166,121.0673965,14.624024,121.0674087,1289,1290,Lakandula Street
bezacn,14.624024,121.0674087,14.6236166,121.0673965,1290,1289,Lakandula Street
47goeu,14.6250604,121.0663942,14.6255427,121.0660454,1291,7545,Antonio Luna Street
x9mcmm,14.6198042,121.0586468,14.6194732,121.0579442,1298,13041,"Residential Road (1298, 13041)"
x9mcmm,14.6198042,121.0586468,14.6200931,121.0594963,1298,99,Pedro Tuazon Boulevard
3tbg0d,14.6148831,121.0618681,14.6140073,121.0622367,1301,1302,15th Avenue
3tbg0d,14.6140073,121.0622367,14.613202,121.0625708,1302,1307,15th Avenue
3tbg0d,14.613202,121.0625708,14.6127492,121.0627345,1307,9703,15th Avenue
bgumxs,14.616121,121.0652048,14.6153193,121.0655614,1313,1241,20th Avenue
bgumxs,14.616121,121.0652048,14.6170982,121.0647728,1313,3020,20th Avenue
bgumxs,14.6187136,121.0640511,14.6170982,121.0647728,1314,3020,20th Avenue
bgumxs,14.6187136,121.0640511,14.6192076,121.0638418,1314,7359,20th Avenue
3tbg0d,14.6158446,121.0614823,14.614955,121.0618413,1321,1270,15th Avenue
a963ed,14.6109504,121.0552177,14.6108646,121.0548742,1331,7440,Colonel Bonny Serrano Avenue
d4gz3s,14.6109504,121.0552177,14.6112472,121.0550775,1331,5242,EDSA
1t1rz8,14.6285268,121.0066155,14.6293958,121.0085633,1438,1205,Maria Clara Street
ibfpb9,14.627465,121.0140457,14.6243249,121.015357,1492,1495,Gregorio Araneta Avenue
qo440q,14.627465,121.0140457,14.6211458,121.0149994,1492,11172,"Motorway Link Road (1492, 11172)"
g6t3l4,14.6281857,121.0133323,14.628314,121.0134664,1493,143,Quezon Avenue
21vrl8,14.6283522,121.0131621,14.6265814,121.0112281,1494,8926,Quezon Avenue
mxmund,14.6189099,121.0147879,14.6186999,121.0123094,1496,610,E. Rodriguez Sr. Avenue
dj2qrf,14.6165464,121.0159675,14.6153332,121.0165746,1497,1498,Gregorio Araneta Avenue
frwwbv,14.6153332,121.0165746,14.6134483,121.0167459,1498,1499,Gregorio Araneta Avenue
frwwbv,14.6134483,121.0167459,14.6114912,121.0168417,1499,1500,Gregorio Araneta Avenue
ptyq45,14.6114912,121.0168417,14.6081193,121.016997,1500,1501,Gregorio Araneta Avenue
df1veg,14.6081193,121.016997,14.606241,121.0179864,1501,10071,Gregorio Araneta Avenue
rsfdb6,14.6284789,121.0132986,14.6283522,121.0131621,1503,1494,Quezon Avenue
1t1rz8,14.6301007,121.0101067,14.6297702,121.0093994,1517,3212,Maria Clara Street
1t1rz8,14.6301007,121.0101067,14.6305049,121.0110259,1517,295,Maria Clara Street
badb94,14.6370634,121.050473,14.637208,121.049823,1529,2483,V. Luna Road
badb94,14.6370634,121.050473,14.6368358,121.0514868,1529,2831,V. Luna Road
rm5ad2,14.6364973,121.0252101,14.6367382,121.0256049,1542,684,Quezon Avenue
rm5ad2,14.634865,121.0225667,14.6351645,121.0230517,1543,12417,Quezon Avenue
ck0do,14.6058036,121.0187201,14.605657,121.0185708,1564,66,Aurora Boulevard
u57r57,14.6058036,121.0187201,14.6063774,121.0181257,1564,2983,Gregorio Araneta Avenue
6h6gvz,14.6056923,121.0188367,14.608059,121.0212307,1565,11781,Aurora Boulevard
4uyafs,14.613805,121.034709,14.6131475,121.0351081,1566,1095,Gilmore Avenue
lms8m4,14.613805,121.034709,14.6150754,121.0369468,1566,11001,Aurora Boulevard
z4ewvb,14.6126016,121.0324263,14.6118389,121.0328593,1567,1094,Broadway Avenue
9j2fl0,14.6126016,121.0324263,14.613805,121.034709,1567,1566,Aurora Boulevard
rhdnpk,14.6055461,121.0186831,14.6056923,121.0188367,1568,1565,Aurora Boulevard
2z6zwy,14.6087541,121.0451961,14.6086802,121.0456728,1570,11495,Colonel Bonny Serrano Avenue
2z6zwy,14.6087541,121.0451961,14.6095823,121.043249,1570,7752,Colonel Bonny Serrano Avenue
ljat26,14.6100842,121.0368028,14.6104788,121.0365882,1571,3318,Upper Valencia Street
h39gn3,14.6100842,121.0368028,14.6089326,121.0376766,1571,12226,Senator Jose O. Vera Street
7zxnnr,14.6131413,121.0537984,14.6118555,121.0544198,1572,1871,EDSA
fmr1sq,14.6446152,121.0050889,14.6422284,121.0058852,1621,12232,Gregorio Araneta Avenue
ajfo12,14.7218996,121.0526222,14.7214433,121.0521258,1656,729,Mindanao Avenue
27z26a,14.719044,121.0541302,14.7213398,121.0522131,1657,1665,Commonwealth Avenue
ajfo12,14.7244952,121.0554343,14.7218996,121.0526222,1658,1656,Mindanao Avenue
o0y6s2,14.725226,121.0487433,14.7248282,121.0490817,1659,12247,Commonwealth Avenue
javw1i,14.7243949,121.0555208,14.7267096,121.0580344,1661,1662,Mindanao Avenue
uhd3fj,14.7267096,121.0580344,14.7268113,121.0579474,1662,267,Belfast Avenue
rhcga0,14.7267096,121.0580344,14.7293637,121.060926,1662,9449,Mindanao Avenue
qzoe1n,14.7217949,121.052698,14.7243949,121.0555208,1663,1661,Mindanao Avenue
lx2mfg,14.7212575,121.0521244,14.7213398,121.0522131,1664,1665,Mindanao Avenue
369k9p,14.7212575,121.0521244,14.718946,121.0540125,1664,8213,Commonwealth Avenue
27z26a,14.7213398,121.0522131,14.7214433,121.0521258,1665,729,Commonwealth Avenue
qzoe1n,14.7213398,121.0522131,14.7217949,121.052698,1665,1663,Mindanao Avenue
iktbsr,14.6359707,121.0088917,14.638948,121.0070925,1715,7732,Gregorio Araneta Avenue
kw4wg3,14.6393042,121.008088,14.6395183,121.0097531,1717,1668,Del Monte Avenue
46ay89,14.6305837,121.0111754,14.6325807,121.0092901,1725,284,Gregorio Araneta Avenue
rnq7rf,14.6125167,121.0069471,14.6128423,121.0071131,1748,2172,Bayani Road
ck0do,14.6067568,121.0197187,14.6058036,121.0187201,1749,1564,Aurora Boulevard
u57r57,14.6114986,121.0170043,14.6134503,121.016905,1767,1765,Gregorio Araneta Avenue
cyjjhk,14.6328232,121.0740977,14.6325012,121.0740839,1774,13609,"Residential Road (1774, 13609)"
4psbb0,14.6328179,121.0743834,14.6333049,121.0744103,1775,496,Katipunan Avenue
zb2weo,14.6187936,121.0431762,14.6190316,121.0435788,1776,3037,Aurora Boulevard
l42xt5,14.6167019,121.0396953,14.6152238,121.040612,1777,3005,Balete Drive
zb2weo,14.6167019,121.0396953,14.6182223,121.0422304,1777,3322,Aurora Boulevard
wsvevd,14.6587479,121.0449298,14.6575701,121.0453866,1802,7394,Visayas Avenue
wsvevd,14.6597585,121.0446433,14.6587479,121.0449298,1803,1802,Visayas Avenue
su8wpz,14.6629532,121.0439136,14.6617106,121.0441997,1804,7845,Visayas Avenue
lgsrdr,14.5930397,121.0586102,14.5928399,121.0588332,1859,7830,Ortigas Avenue
cs290t,14.5930397,121.0586102,14.5931803,121.0586597,1859,166,EDSA
j664pq,14.6556223,121.0293904,14.6549334,121.0303425,1860,7521,EDSA
g3myxf,14.6556223,121.0293904,14.6543151,121.0296837,1860,9655,West Avenue
4fiene,14.6537131,121.0385301,14.6536819,121.0386706,1863,9672,North Avenue
s6np33,14.6537131,121.0385301,14.6534367,121.0384867,1863,10050,Senator Miriam P. Defensor-Santiago Avenue
8q8p2n,14.614481,121.0532696,14.6140476,121.053468,1864,9071,EDSA
7zxnnr,14.613561,121.0536039,14.6131413,121.0537984,1870,1572,EDSA
7zxnnr,14.6118555,121.0544198,14.6115032,121.0545807,1871,8667,EDSA
1z1zt9,14.6102291,121.0523463,14.6103083,121.0526745,1874,10126,Colonel Bonny Serrano Avenue
1z1zt9,14.6102291,121.0523463,14.6098262,121.0506784,1874,10234,Colonel Bonny Serrano Avenue
pw9zu2,14.6629723,121.0440272,14.6646055,121.0436502,1875,8671,Visayas Avenue
lufa8k,14.6597857,121.0447715,14.661277,121.0444193,1876,7846,Visayas Avenue
c8ipep,14.602291,121.0691309,14.6049763,121.0701396,1941,67,Katipunan Avenue
c8ipep,14.6082016,121.0705333,14.606697,121.0703517,1979,1985,Katipunan Avenue
c8ipep,14.606697,121.0703517,14.6082016,121.0705333,1985,1979,Katipunan Avenue
c8ipep,14.606697,121.0703517,14.6049763,121.0701396,1985,67,Katipunan Avenue
fiyst,14.607205,121.0139822,14.6088356,121.013729,2016,8944,Santol Street
iktbsr,14.6422703,121.0060617,14.643832,121.0058977,2019,285,Gregorio Araneta Avenue
n8g0u2,14.6444215,121.0170462,14.6437615,121.0169363,2049,896,Fernando Poe Jr. Avenue
n0b3nt,14.6408798,121.019877,14.6411176,121.0216219,2069,919,Del Monte Avenue
n0b3nt,14.6407664,121.019098,14.6408798,121.019877,2071,2069,Del Monte Avenue
n0b3nt,14.6407664,121.019098,14.6406403,121.0181948,2071,921,Del Monte Avenue
1r6mgk,14.6574214,121.0109989,14.655515,121.0115466,2082,2081,Kaingin Road
xk635l,14.6574214,121.0109989,14.6574678,121.0141658,2082,12328,EDSA
j664pq,14.6556656,121.0291813,14.6556223,121.0293904,2121,1860,EDSA
juje2n,14.652993,121.0183606,14.654525,121.0186068,2146,2145,Fernando Poe Jr. Avenue
nmqgkq,14.6646046,121.0264061,14.6652207,121.0291207,2148,7917,Congressional Avenue
hg40dn,14.6637039,121.0223714,14.6628047,121.020428,2149,2691,Congressional Avenue
q73ieq,14.6638553,121.022995,14.6637039,121.0223714,2151,2149,Congressional Avenue
8983mp,14.6140779,121.0097532,14.6140557,121.0096569,2152,2409,Bayani Road
8983mp,14.6140779,121.0097532,14.614148,121.0100625,2152,2161,Bayani Road
8983mp,14.614148,121.0100625,14.6140779,121.0097532,2161,2152,Bayani Road
8983mp,14.614148,121.0100625,14.61423,121.0104317,2161,2162,Bayani Road
srodtf,14.61423,121.0104317,14.61414,121.0121971,2162,2991,Biak-na-Bato Street
8983mp,14.61423,121.0104317,14.614148,121.0100625,2162,2161,Bayani Road
8983mp,14.6139613,121.008493,14.6138894,121.0080743,2163,9358,Bayani Road
8983mp,14.6139613,121.008493,14.6139945,121.0091141,2163,2412,Bayani Road
8983mp,14.6136882,121.007714,14.6138599,121.0078868,2167,9357,Bayani Road
8983mp,14.6131603,121.0072905,14.6132392,121.0073479,2169,2175,Bayani Road
8983mp,14.6131603,121.0072905,14.6128423,121.0071131,2169,2172,Bayani Road
rnq7rf,14.6128423,121.0071131,14.6118643,121.008362,2172,2173,Bagong Buhay Street
rnq7rf,14.6128423,121.0071131,14.6125167,121.0069471,2172,1748,Bayani Road
8983mp,14.6128423,121.0071131,14.6131603,121.0072905,2172,2169,Bayani Road
8983mp,14.6132392,121.0073479,14.6131603,121.0072905,2175,2169,Bayani Road
8983mp,14.6132392,121.0073479,14.613421,121.0074962,2175,2415,Bayani Road
uf1eik,14.6760897,121.043758,14.6761268,121.043616,2184,278,Tandang Sora Avenue
d6yfmu,14.6720261,121.0434897,14.6719908,121.0433359,2185,867,Congressional Avenue
9lcsxf,14.6720261,121.0434897,14.6722717,121.0435062,2185,7937,Visayas Avenue
rr51ga,14.6715685,121.0784395,14.6701758,121.0769463,2291,7047,Commonwealth Avenue
xp1k0b,14.677761,121.0832922,14.6802144,121.0843622,2293,2296,Commonwealth Avenue
xp1k0b,14.6802144,121.0843622,14.682755,121.0854659,2296,11548,Commonwealth Avenue
cjggp5,14.6717115,121.0789913,14.6750777,121.0817044,2305,11053,Commonwealth Avenue
mia5yq,14.6843366,121.0772932,14.6838331,121.0776978,2345,2344,Holy Spirit Drive
vwmph8,14.6849481,121.0771258,14.6843366,121.0772932,2346,2345,Holy Spirit Drive
frsedf,14.6849525,121.0745184,14.6849481,121.0771258,2351,2346,De Leon Street
ahfap0,14.6849531,121.074002,14.6849525,121.0745184,2352,2351,De Leon Street
mia5yq,14.6808403,121.0802785,14.6784942,121.0820004,2365,2342,Holy Spirit Drive
mia5yq,14.6835582,121.0780144,14.6838331,121.0776978,2368,2344,Holy Spirit Drive
mia5yq,14.6834746,121.0781094,14.6835582,121.0780144,2369,2368,Holy Spirit Drive
pt0fb9,14.6125929,121.0126858,14.612324,121.0127606,2404,2900,Santol Street
pt0fb9,14.6125929,121.0126858,14.6129429,121.0125748,2404,8953,Santol Street
8983mp,14.6140557,121.0096569,14.6140779,121.0097532,2409,2152,Bayani Road
8983mp,14.6140557,121.0096569,14.6139945,121.0091141,2409,2412,Bayani Road
8983mp,14.6139945,121.0091141,14.6139613,121.008493,2412,2163,Bayani Road
8983mp,14.6139945,121.0091141,14.6140557,121.0096569,2412,2409,Bayani Road
8983mp,14.613421,121.0074962,14.6136682,121.007699,2415,11641,Bayani Road
8983mp,14.613421,121.0074962,14.6132392,121.0073479,2415,2175,Bayani Road
dj2qrf,14.6188001,121.0147964,14.6167047,121.0158757,2428,2929,Gregorio Araneta Avenue
bzkucx,14.6246257,121.039841,14.6244964,121.0382839,2435,9800,E. Rodriguez Sr. Avenue
12nd2z,14.6215354,121.0481388,14.6213533,121.0483593,2436,9684,E. Rodriguez Sr. Avenue
uk1xd9,14.6215354,121.0481388,14.6218851,121.0474561,2436,1068,E. Rodriguez Sr. Avenue
a8z12x,14.7058189,121.0382299,14.7065391,121.0385466,2438,10449,Quirino Highway
ai9ygj,14.6164878,121.0515928,14.6159201,121.0506116,2442,2892,Pedro Tuazon Boulevard
ai9ygj,14.6164878,121.0515928,14.616466,121.0522781,2442,7849,Pedro Tuazon Boulevard
1dpy9l,14.6145629,121.0706053,14.6143265,121.0705957,2450,10895,Katipunan Avenue
bjuucq,14.633876,121.0565849,14.6345204,121.0588455,2454,88,Kamias Road
bjuucq,14.633876,121.0565849,14.6332046,121.0543392,2454,81,Kamias Road
p2xbxh,14.6345198,121.0454064,14.6379812,121.0462198,2461,160,East Avenue
e869k1,14.6267164,121.0607084,14.6286441,121.0597286,2463,850,Pittsburgh Street
bvdemp,14.6267164,121.0607084,14.6265444,121.0603954,2463,7534,Aurora Boulevard
jj44fz,14.6252328,121.0577356,14.6249404,121.0571523,2464,2465,Aurora Boulevard
h470z0,14.6249404,121.0571523,14.6246446,121.0565517,2465,394,Aurora Boulevard
xtqvru,14.6240649,121.0553566,14.6238072,121.0548245,2466,2471,Aurora Boulevard
e8o6q7,14.6264189,121.0601383,14.6260942,121.0594875,2467,2468,Aurora Boulevard
e8o6q7,14.6260942,121.0594875,14.6258033,121.0588955,2468,2469,Aurora Boulevard
e8o6q7,14.6258033,121.0588955,14.6255088,121.0583217,2469,2470,Aurora Boulevard
8wydjp,14.6255088,121.0583217,14.627389,121.0574089,2470,358,Albany Street
jj44fz,14.6255088,121.0583217,14.6252328,121.0577356,2470,2464,Aurora Boulevard
xtqvru,14.6238072,121.0548245,14.6233562,121.0538617,2471,2472,Aurora Boulevard
xtqvru,14.6233562,121.0538617,14.6230493,121.0532173,2472,12069,Aurora Boulevard
xtqvru,14.6227906,121.0526744,14.6225494,121.052175,2473,2474,Aurora Boulevard
xtqvru,14.6225494,121.052175,14.6222976,121.0516222,2474,397,Aurora Boulevard
8v94g2,14.6215684,121.0639697,14.6211903,121.0629711,2475,539,Pedro Tuazon Boulevard
8v94g2,14.6215684,121.0639697,14.622169,121.0653637,2475,2476,Pedro Tuazon Boulevard
8v94g2,14.622169,121.0653637,14.6225405,121.0673261,2476,274,Pedro Tuazon Boulevard
8v94g2,14.622169,121.0653637,14.6215684,121.0639697,2476,2475,Pedro Tuazon Boulevard
aenpia,14.6229205,121.0532206,14.6232658,121.053913,2477,7529,Aurora Boulevard
jgynt1,14.6226358,121.0694075,14.6225133,121.0688881,2479,273,Pedro Tuazon Boulevard
jgynt1,14.6226358,121.0694075,14.6229108,121.0705206,2479,2480,Pedro Tuazon Boulevard
jgynt1,14.6229108,121.0705206,14.6226358,121.0694075,2480,2479,Pedro Tuazon Boulevard
jgynt1,14.6229108,121.0705206,14.6230252,121.0709835,2480,1285,Pedro Tuazon Boulevard
badb94,14.637208,121.049823,14.6370634,121.050473,2483,1529,V. Luna Road
badb94,14.637208,121.049823,14.6373236,121.0492544,2483,2484,V. Luna Road
badb94,14.6373236,121.0492544,14.637208,121.049823,2484,2483,V. Luna Road
badb94,14.6373236,121.0492544,14.6374433,121.0487291,2484,2485,V. Luna Road
badb94,14.6374433,121.0487291,14.6373236,121.0492544,2485,2484,V. Luna Road
badb94,14.6374433,121.0487291,14.6375817,121.0480395,2485,157,V. Luna Road
dc64i,14.6544868,121.0352072,14.6545872,121.03523,2486,862,Mindanao Avenue
4fiene,14.6544868,121.0352072,14.654321,121.0359647,2486,12261,North Avenue
pmmiwi,14.7086312,121.0627727,14.7104833,121.061238,2494,10372,Commonwealth Avenue
ovtgrn,14.7085296,121.0626451,14.7073813,121.0636143,2495,56,Commonwealth Avenue
uqdbg2,14.6293338,121.0693586,14.6286786,121.0695922,2529,525,Jose P. Rizal Street
j2lusb,14.6293338,121.0693586,14.6298695,121.0705332,2529,520,Aurora Boulevard
y7c1a0,14.6304052,121.0716958,14.6312798,121.0734706,2531,6949,Aurora Boulevard
op6iin,14.6288116,121.0679253,14.6283573,121.0665125,2532,7557,Aurora Boulevard
586hqt,14.6545175,121.035069,14.6544868,121.0352072,2533,2486,North Avenue
k502y0,14.6320992,121.060436,14.6316603,121.0607189,2534,517,Anonas Street
k502y0,14.6320992,121.060436,14.6324816,121.0600654,2534,90,Anonas Street
k502y0,14.629608,121.0618817,14.6292214,121.0624496,2561,84,Anonas Street
k502y0,14.629608,121.0618817,14.6299795,121.0616301,2561,85,Anonas Street
es5hg9,14.633739,121.0541882,14.6361487,121.0546426,2563,7744,Kalayaan Avenue
tjb6kw,14.633739,121.0541882,14.6332046,121.0543392,2563,81,Kalayaan Avenue
ibevbn,14.6384798,121.0581219,14.6378658,121.0580814,2568,158,Anonas Street Extension
uarpuu,14.6384798,121.0581219,14.6391212,121.0580525,2568,2818,Anonas Street Extension
mnk36o,14.6543395,121.0549191,14.654732,121.0584235,2572,165,University Avenue
lufa8k,14.6576182,121.0454984,14.6597857,121.0447715,2573,1876,Visayas Avenue
yhb51m,14.6651191,121.0361046,14.6662208,121.0354754,2620,7057,Mindanao Avenue
t40kf2,14.6653358,121.0290869,14.6647362,121.0263731,2632,2647,Congressional Avenue
q73ieq,14.6647362,121.0263731,14.6638553,121.022995,2647,2151,Congressional Avenue
5mnqju,14.6643732,121.022208,14.6648099,121.0220951,2669,2634,Short Horn Street
tl7k2i,14.6643732,121.022208,14.6637039,121.0223714,2669,2149,Short Horn Street
6bhjz1,14.670228,121.0254336,14.6704789,121.0262488,2675,2654,Road 20
6bhjz1,14.6712117,121.0293205,14.6715482,121.0298288,2677,2676,Road 20
6bhjz1,14.6707474,121.0282619,14.6704789,121.0262488,2681,2654,Road 20
518v7b,14.6711808,121.0251812,14.670228,121.0254336,2683,2675,General Avenue
s1zf5s,14.6788501,121.0258558,14.6761598,121.0261752,2685,2684,General Avenue
hg40dn,14.6628047,121.020428,14.6619483,121.0200794,2691,3740,Congressional Avenue
p3leyr,14.6722892,121.0312765,14.6715482,121.0298288,2719,2676,Road 20
9pz32c,14.6716242,121.0323477,14.6770434,121.0321992,2721,3316,Mindanao Avenue
mmxc13,14.6704441,121.0373826,14.6691214,121.0351736,2723,8832,Congressional Avenue
wauhiv,14.6715152,121.0411862,14.6710826,121.039322,2748,868,Congressional Avenue
641btz,14.6728565,121.043366,14.6723134,121.0433446,2750,7936,Visayas Avenue
g981x,14.6766301,121.0385462,14.6765905,121.0384067,2757,400,Tandang Sora Avenue
g981x,14.6766301,121.0385462,14.6767317,121.0389147,2757,399,Tandang Sora Avenue
jj4sy7,14.6724888,121.045464,14.6720896,121.0437887,2758,7939,Congressional Avenue Extension
40700i,14.6718209,121.0430903,14.6715847,121.0433222,2759,2760,"Primary Link Road (2759, 2760)"
40700i,14.6718209,121.0430903,14.6718609,121.0433331,2759,866,Congressional Avenue
me4ue8,14.6715847,121.0433222,14.671188,121.0433067,2760,10926,Visayas Avenue
p2xbxh,14.633502,121.0451558,14.6345198,121.0454064,2765,2461,East Avenue
1h1zvl,14.6332834,121.0448046,14.6335693,121.0446183,2766,9429,EDSA
iwml5k,14.6332834,121.0448046,14.6331285,121.044514,2766,7749,"Primary Road (2766, 7749)"
squ6oe,14.63302,121.0442792,14.6330673,121.0435113,2767,7735,Timog Avenue
hg7nc4,14.6309842,121.046646,14.6311855,121.0473446,2799,498,Kamias Road
fzpgaw,14.6309842,121.046646,14.630804,121.0460206,2799,10121,Kamias Road
1h1zvl,14.6331536,121.0448912,14.6332328,121.0448393,2800,13368,"Residential Road (2800, 13368)"
n1ayjp,14.6331536,121.0448912,14.633502,121.0451558,2800,2765,East Avenue
u327wu,14.7342607,121.054505,14.734383,121.0547435,2803,12819,"Residential Road (2803, 12819)"
u327wu,14.7342607,121.054505,14.7338883,121.0534411,2803,8275,Quirino Highway
o0y6s2,14.7246025,121.0492742,14.7237126,121.0500325,2804,10825,Commonwealth Avenue
c7mqms,14.7165082,121.0612233,14.7201353,121.0612274,2805,4621,Regalado Highway
27z26a,14.7149637,121.0575344,14.7180856,121.0549289,2806,13101,"Residential Road (2806, 13101)"
369k9p,14.7148334,121.0573739,14.7117335,121.0599588,2807,2809,Commonwealth Avenue
369k9p,14.7117335,121.0599588,14.7105854,121.0609158,2809,11354,Commonwealth Avenue
4mpvu4,14.6393993,121.0569762,14.6393778,121.0563952,2813,2817,Matino Street
4mpvu4,14.6393993,121.0569762,14.6394128,121.0575445,2813,2814,Matino Street
4mpvu4,14.6394128,121.0575445,14.6391212,121.0580525,2814,2818,Matino Street
4mpvu4,14.6394128,121.0575445,14.6393993,121.0569762,2814,2813,Matino Street
4mpvu4,14.6393631,121.055739,14.6393778,121.0563952,2816,2817,Matino Street
4mpvu4,14.6393631,121.055739,14.6393323,121.0549352,2816,7747,Matino Street
4mpvu4,14.6393778,121.0563952,14.6393631,121.055739,2817,2816,Matino Street
4mpvu4,14.6393778,121.0563952,14.6393993,121.0569762,2817,2813,Matino Street
uarpuu,14.6391212,121.0580525,14.6384798,121.0581219,2818,2568,Anonas Street Extension
4mpvu4,14.6391212,121.0580525,14.6394128,121.0575445,2818,2814,Matino Street
badb94,14.6368358,121.0514868,14.6367108,121.0520508,2831,8127,V. Luna Road
badb94,14.6368358,121.0514868,14.6370634,121.050473,2831,1529,V. Luna Road
badb94,14.6365901,121.0526156,14.6364699,121.0531791,2839,2842,V. Luna Road
badb94,14.6365901,121.0526156,14.6367108,121.0520508,2839,8127,V. Luna Road
badb94,14.6364699,121.0531791,14.6363342,121.0538083,2842,2843,V. Luna Road
badb94,14.6364699,121.0531791,14.6365901,121.0526156,2842,2839,V. Luna Road
badb94,14.6363342,121.0538083,14.6364699,121.0531791,2843,2842,V. Luna Road
badb94,14.6363342,121.0538083,14.6361718,121.0545444,2843,159,V. Luna Road
ibevbn,14.6372717,121.0580619,14.6378658,121.0580814,2846,158,Anonas Street Extension
ibevbn,14.6372717,121.0580619,14.6367249,121.0581896,2846,3144,Anonas Street Extension
ksorpy,14.6176917,121.0447592,14.6180879,121.0448977,2850,3107,N. Domingo Street
ksorpy,14.6176917,121.0447592,14.6173168,121.0444437,2850,2890,N. Domingo Street
k133qp,14.6229413,121.0621377,14.6211903,121.0629711,2851,539,20th Avenue
k133qp,14.6229413,121.0621377,14.6240535,121.061609,2851,3134,20th Avenue
mby5fh,14.6172852,121.0393107,14.6167696,121.0396456,2855,578,Balete Drive
iebjzw,14.6169377,121.0439412,14.6170245,121.044065,2873,2908,N. Domingo Street
iebjzw,14.6169377,121.0439412,14.6164668,121.0443959,2873,3045,Pedro Tuazon Boulevard
4ibtec,14.6169377,121.0439412,14.6166269,121.0431953,2873,3072,N. Domingo Street
iebjzw,14.6156353,121.0455806,14.6158865,121.0450485,2882,2931,Pedro Tuazon Boulevard
iebjzw,14.6156353,121.0455806,14.6152268,121.0464361,2882,3036,Pedro Tuazon Boulevard
ksorpy,14.6173168,121.0444437,14.6176917,121.0447592,2890,2850,N. Domingo Street
ksorpy,14.6173168,121.0444437,14.6170245,121.044065,2890,2908,N. Domingo Street
ai9ygj,14.6159201,121.0506116,14.61551,121.0500843,2892,3099,Pedro Tuazon Boulevard
ai9ygj,14.6159201,121.0506116,14.6164878,121.0515928,2892,2442,Pedro Tuazon Boulevard
4hc7yy,14.6991767,121.0874404,14.6994575,121.0873781,2893,734,Commonwealth Avenue
ai9ygj,14.6149854,121.0469393,14.6150179,121.0494281,2899,3016,Pedro Tuazon Boulevard
pt0fb9,14.612324,121.0127606,14.6119686,121.0128705,2900,3034,Santol Street
pt0fb9,14.612324,121.0127606,14.6125929,121.0126858,2900,2404,Santol Street
iebjzw,14.6170245,121.044065,14.6169377,121.0439412,2908,2873,N. Domingo Street
ksorpy,14.6170245,121.044065,14.6173168,121.0444437,2908,2890,N. Domingo Street
ibevbn,14.6362142,121.0583403,14.6367249,121.0581896,2909,3144,Anonas Street Extension
ibevbn,14.6362142,121.0583403,14.635628,121.0585146,2909,87,Anonas Street Extension
fiyst,14.6100831,121.0133006,14.6096576,121.0133359,2920,3062,Santol Street
fiyst,14.6100831,121.0133006,14.6104496,121.0132646,2920,8950,Santol Street
fiyst,14.6113286,121.0130675,14.6108265,121.0132038,2921,3082,Santol Street
pt0fb9,14.6113286,121.0130675,14.6119686,121.0128705,2921,3034,Santol Street
1vf8r9,14.6245408,121.0566024,14.6248429,121.0572034,2923,748,Aurora Boulevard
iebjzw,14.6158865,121.0450485,14.6164668,121.0443959,2931,3045,Pedro Tuazon Boulevard
iebjzw,14.6158865,121.0450485,14.6156353,121.0455806,2931,2882,Pedro Tuazon Boulevard
4hc7yy,14.6968016,121.0875252,14.6991767,121.0874404,2934,2893,Commonwealth Avenue
9r2ldb,14.6989386,121.092081,14.6984335,121.0926083,2943,10554,Batasan Road
3tbg0d,14.6180513,121.0604844,14.6167035,121.0611307,2946,1250,15th Avenue
mby5fh,14.6180516,121.0388478,14.6174617,121.0392013,2952,576,Balete Drive
wio7bc,14.6301845,121.0172392,14.6298442,121.0187507,2956,12196,Scout Chuatoco Street
wio7bc,14.6301845,121.0172392,14.6302306,121.0170348,2956,7687,Scout Chuatoco Street
v9lbc4,14.6239162,121.0576599,14.6234711,121.0578665,2958,3087,15th Avenue
wwi3ir,14.6208788,121.0213248,14.6206378,121.0205629,2962,6980,E. Rodriguez Sr. Avenue
wwi3ir,14.6208788,121.0213248,14.6209621,121.0215883,2962,6981,E. Rodriguez Sr. Avenue
nh8lpp,14.6464234,121.052471,14.6461153,121.052666,2963,8225,Kalayaan Avenue
2j8xvo,14.6371169,121.0419839,14.63503,121.0433372,2972,11072,EDSA
iw5fon,14.7111598,121.0612171,14.7135994,121.0612212,2981,2808,Regalado Highway
u57r57,14.6063774,121.0181257,14.6082254,121.017184,2983,279,Gregorio Araneta Avenue
pcxi18,14.6412266,121.0468488,14.6410973,121.0468185,2984,8970,East Avenue
he4vh1,14.6412266,121.0468488,14.6418843,121.0456961,2984,11073,Senator Miriam P. Defensor-Santiago Avenue
pt0fb9,14.61414,121.0121971,14.6129429,121.0125748,2991,8953,Santol Street
omkwvq,14.61414,121.0121971,14.6146041,121.01205,2991,6880,Santol Street
bylr9a,14.6204968,121.0607695,14.6203079,121.0601767,2992,3137,Pedro Tuazon Boulevard
bylr9a,14.6204968,121.0607695,14.6206507,121.061299,2992,3151,Pedro Tuazon Boulevard
v9lbc4,14.6230153,121.0580894,14.6225353,121.0583173,2997,3050,15th Avenue
v13vxy,14.6291865,121.0217646,14.6288205,121.0234434,3000,7690,Scout Chuatoco Street
wio7bc,14.6291865,121.0217646,14.629388,121.0208408,3000,3345,Scout Chuatoco Street
ttqs1r,14.6242479,121.0428284,14.6244073,121.0425092,3001,9791,E. Rodriguez Sr. Avenue
ttqs1r,14.6242479,121.0428284,14.623761,121.043777,3001,8971,E. Rodriguez Sr. Avenue
4ibtec,14.6152238,121.040612,14.616349,121.0425528,3005,3044,N. Domingo Street
l42xt5,14.6152238,121.040612,14.6167019,121.0396953,3005,1777,Balete Drive
6aotwd,14.6152238,121.040612,14.6127856,121.0384148,3005,3329,N. Domingo Street
mby5fh,14.6187999,121.0383947,14.6182323,121.0387404,3008,588,Balete Drive
ai9ygj,14.6150179,121.0494281,14.6149854,121.0469393,3016,2899,Pedro Tuazon Boulevard
ai9ygj,14.6150179,121.0494281,14.61551,121.0500843,3016,3099,Pedro Tuazon Boulevard
v9lbc4,14.6243904,121.0574312,14.6239162,121.0576599,3018,2958,15th Avenue
h6e4fb,14.6194217,121.0440909,14.619109,121.0435303,3019,68,Aurora Boulevard
bgumxs,14.6170982,121.0647728,14.616121,121.0652048,3020,1313,20th Avenue
bgumxs,14.6170982,121.0647728,14.6187136,121.0640511,3020,1314,20th Avenue
pt0fb9,14.6119686,121.0128705,14.612324,121.0127606,3034,2900,Santol Street
pt0fb9,14.6119686,121.0128705,14.6113286,121.0130675,3034,2921,Santol Street
iebjzw,14.6152268,121.0464361,14.6150236,121.0468595,3036,12733,"Residential Road (3036, 12733)"
iebjzw,14.6152268,121.0464361,14.6156353,121.0455806,3036,2882,Pedro Tuazon Boulevard
zb2weo,14.6190316,121.0435788,14.619355,121.04413,3037,9686,Aurora Boulevard
v88j8k,14.6311947,121.0221953,14.6304825,121.0255143,3040,1032,Don Alejandro Roces Avenue
4ibtec,14.616349,121.0425528,14.6166269,121.0431953,3044,3072,N. Domingo Street
4ibtec,14.616349,121.0425528,14.6152238,121.040612,3044,3005,N. Domingo Street
iebjzw,14.6164668,121.0443959,14.6169377,121.0439412,3045,2873,Pedro Tuazon Boulevard
iebjzw,14.6164668,121.0443959,14.6158865,121.0450485,3045,2931,Pedro Tuazon Boulevard
b5hwmz,14.6428463,121.0542395,14.6412587,121.0546535,3046,109,Kalayaan Avenue
jxxnn0,14.6179758,121.0516027,14.6166806,121.05218,3048,10814,EDSA
v9lbc4,14.6225353,121.0583173,14.6212722,121.0589366,3050,3171,15th Avenue
gs7ii2,14.6374732,121.0459862,14.6371278,121.045905,3056,7698,East Avenue
fiyst,14.6096576,121.0133359,14.6092402,121.0135715,3062,8947,Santol Street
fiyst,14.6096576,121.0133359,14.6100831,121.0133006,3062,2920,Santol Street
x4mn52,14.6240722,121.0460796,14.6236501,121.0456655,3067,1050,New York Street
x4mn52,14.6240722,121.0460796,14.6244543,121.0464877,3067,1066,New York Street
4ibtec,14.6166269,121.0431953,14.616349,121.0425528,3072,3044,N. Domingo Street
4ibtec,14.6166269,121.0431953,14.6169377,121.0439412,3072,2873,N. Domingo Street
wio7bc,14.6296087,121.0198284,14.6298302,121.0188127,3080,9883,Scout Chuatoco Street
wio7bc,14.6296087,121.0198284,14.629388,121.0208408,3080,3345,Scout Chuatoco Street
fiyst,14.6108265,121.0132038,14.6105678,121.0132534,3082,7662,Santol Street
fiyst,14.6108265,121.0132038,14.6113286,121.0130675,3082,2921,Santol Street
v9lbc4,14.6234711,121.0578665,14.6230153,121.0580894,3087,2997,15th Avenue
ai9ygj,14.61551,121.0500843,14.6150179,121.0494281,3099,3016,Pedro Tuazon Boulevard
ai9ygj,14.61551,121.0500843,14.6159201,121.0506116,3099,2892,Pedro Tuazon Boulevard
ksorpy,14.6180879,121.0448977,14.61992,121.0459446,3107,10062,N. Domingo Street
ksorpy,14.6180879,121.0448977,14.6176917,121.0447592,3107,2850,N. Domingo Street
k133qp,14.6240535,121.061609,14.6264571,121.0604418,3134,538,20th Avenue
k133qp,14.6240535,121.061609,14.6229413,121.0621377,3134,2851,20th Avenue
bylr9a,14.6203079,121.0601767,14.6200931,121.0594963,3137,99,Pedro Tuazon Boulevard
bylr9a,14.6203079,121.0601767,14.6204968,121.0607695,3137,2992,Pedro Tuazon Boulevard
ibevbn,14.6367249,121.0581896,14.6362142,121.0583403,3144,2909,Anonas Street Extension
ibevbn,14.6367249,121.0581896,14.6372717,121.0580619,3144,2846,Anonas Street Extension
bylr9a,14.6206507,121.061299,14.6204968,121.0607695,3151,2992,Pedro Tuazon Boulevard
bylr9a,14.6206507,121.061299,14.6211903,121.0629711,3151,539,Pedro Tuazon Boulevard
wfr4hu,14.6459836,121.0480507,14.648545,121.0493294,3154,10027,East Avenue
pd5yic,14.639821,121.0119947,14.639953,121.0131261,3158,920,Del Monte Avenue
kw4wg3,14.639821,121.0119947,14.6397219,121.011291,3158,1727,Del Monte Avenue
5u7o62,14.6521905,121.0182471,14.652993,121.0183606,3160,2146,Fernando Poe Jr. Avenue
5u7o62,14.6520035,121.0182171,14.6521905,121.0182471,3165,3160,Fernando Poe Jr. Avenue
v9lbc4,14.6209958,121.0582994,14.6212722,121.0589366,3170,3171,Velante Drive
v9lbc4,14.6212722,121.0589366,14.6209958,121.0582994,3171,3170,Velante Drive
v9lbc4,14.6212722,121.0589366,14.6207365,121.0591885,3171,7556,15th Avenue
2r032a,14.6966857,121.0944548,14.6966227,121.0945284,3174,10607,Batasan Road
2v56ey,14.6425604,121.0260309,14.6426529,121.0264839,3206,3540,Del Monte Avenue
2v56ey,14.6425604,121.0260309,14.6424323,121.025538,3206,8448,Del Monte Avenue
1t1rz8,14.6297702,121.0093994,14.6293958,121.0085633,3212,1205,Maria Clara Street
1t1rz8,14.6297702,121.0093994,14.6301007,121.0101067,3212,1517,Maria Clara Street
n8o6pj,14.6697065,121.0247296,14.670228,121.0254336,3213,2675,Road 20
n8o6pj,14.6697065,121.0247296,14.6694622,121.0243306,3213,2674,Road 20
n8o6pj,14.6692992,121.0239231,14.6694622,121.0243306,3214,2674,Road 20
me9aya,14.6681904,121.0556194,14.6682658,121.0554792,3228,7964,Tandang Sora Avenue
me9aya,14.6681904,121.0556194,14.6679087,121.0565091,3228,7962,Tandang Sora Avenue
cwpvyl,14.6735386,121.0558644,14.6733198,121.0571974,3230,7353,Congressional Avenue Extension
4uq8hl,14.6669994,121.0696956,14.6676931,121.0693491,3245,8685,Luzon Avenue
uo6w4m,14.669251,121.0686818,14.6695092,121.0686679,3251,8934,Luzon Avenue
cwpvyl,14.6736305,121.0552289,14.6735386,121.0558644,3266,3230,Congressional Avenue Extension
qtxk39,14.6643112,121.0719737,14.6640774,121.0726618,3272,10149,"Primary Link Road (3272, 10149)"
jc6k40,14.6721347,121.0651293,14.6721015,121.0653684,3290,10910,Congressional Avenue Extension
5nrxv5,14.6642209,121.0706123,14.6640238,121.0699281,3297,10146,Tandang Sora Avenue
5nrxv5,14.6642209,121.0706123,14.6644067,121.0712545,3297,9716,Tandang Sora Avenue
e83z9h,14.6657403,121.0634368,14.6664424,121.0622414,3304,7354,Tandang Sora Avenue
e83z9h,14.6657403,121.0634368,14.6652457,121.0660671,3304,7957,Tandang Sora Avenue
qlnoqy,14.6929201,121.0298722,14.6923194,121.0293433,3307,7478,Quirino Highway
4z2dy3,14.6921586,121.0358491,14.6917919,121.035506,3309,3313,Sauyo Road
4z2dy3,14.6921586,121.0358491,14.6923955,121.0375424,3309,6020,Sauyo Road
arv1os,14.6950952,121.0493516,14.6950966,121.0495621,3310,10177,Sauyo Road
sawvrf,14.6950952,121.0493516,14.6943245,121.0439213,3310,5847,Sauyo Road
ha3n1s,14.6934169,121.0564852,14.6930178,121.0593399,3311,5209,Sauyo Road
wwcdjk,14.6930355,121.0598388,14.6930178,121.0593399,3312,5209,Sauyo Road
buplsk,14.6930355,121.0598388,14.6930313,121.0603064,3312,5215,Republic Avenue
4z2dy3,14.6917919,121.035506,14.6915076,121.035021,3313,6045,Don Julio Gregorio Street
4z2dy3,14.6917919,121.035506,14.6921586,121.0358491,3313,3309,Sauyo Road
jn9uuh,14.6879598,121.0311628,14.688968,121.0299877,3315,3969,Mindanao Avenue
q2sxbf,14.6770434,121.0321992,14.6768743,121.0325645,3316,402,Tandang Sora Avenue
ku3mgd,14.6770434,121.0321992,14.6776601,121.0321831,3316,3725,Mindanao Avenue
ljat26,14.6104788,121.0365882,14.6112815,121.0361566,3318,1097,Senator Jose O. Vera Street
ljat26,14.6104788,121.0365882,14.6100842,121.0368028,3318,1571,Senator Jose O. Vera Street
iwii5l,14.6069836,121.038506,14.6066134,121.038087,3321,3324,Santolan Road
iwii5l,14.6069836,121.038506,14.6071185,121.0386585,3321,12850,"Residential Road (3321, 12850)"
zb2weo,14.6182223,121.0422304,14.6187936,121.0431762,3322,1776,Aurora Boulevard
h6e4fb,14.6182485,121.0420994,14.6167696,121.0396456,3323,578,Aurora Boulevard
iwii5l,14.6066134,121.038087,14.6069836,121.038506,3324,3321,Santolan Road
6aotwd,14.6127856,121.0384148,14.6152238,121.040612,3329,3005,N. Domingo Street
wio7bc,14.629388,121.0208408,14.6296087,121.0198284,3345,3080,Scout Chuatoco Street
wio7bc,14.629388,121.0208408,14.6291865,121.0217646,3345,3000,Scout Chuatoco Street
ma1zm5,14.6812693,121.0695821,14.6810259,121.0695631,3366,3365,Luzon Avenue
9zldax,14.6843636,121.0698645,14.6840859,121.0698136,3368,3367,Luzon Avenue
6baqkv,14.7064212,121.0672232,14.7064225,121.069344,3429,10717,Commonwealth Avenue
jigejh,14.7060351,121.0716051,14.7058543,121.0721415,3430,3487,Commonwealth Avenue
j9fgy5,14.6991504,121.0676697,14.6999249,121.0677098,3442,3485,Regalado Avenue
yhjp7s,14.7022063,121.0682377,14.7043238,121.0690161,3470,3475,Regalado Avenue
yhjp7s,14.7043238,121.0690161,14.7056933,121.0693994,3475,3479,Regalado Avenue
j9fgy5,14.7016695,121.0680507,14.7022063,121.0682377,3477,3470,Regalado Avenue
yhjp7s,14.7056933,121.0693994,14.7064238,121.0694319,3479,153,Regalado Avenue
j9fgy5,14.6999249,121.0677098,14.7016695,121.0680507,3485,3477,Regalado Avenue
jigejh,14.7058543,121.0721415,14.7052974,121.0738486,3487,10794,Commonwealth Avenue
wfr4hu,14.6449958,121.0478104,14.6456043,121.047958,3522,3524,East Avenue
wfr4hu,14.6456043,121.047958,14.6459836,121.0480507,3524,3154,East Avenue
badb94,14.6376579,121.0476882,14.6375817,121.0480395,3526,157,V. Luna Road
badb94,14.6376579,121.0476882,14.6379812,121.0462198,3526,160,V. Luna Road
a6afvo,14.6372654,121.0421727,14.6383998,121.0414337,3528,9603,EDSA
2v56ey,14.6426529,121.0264839,14.6425604,121.0260309,3540,3206,Del Monte Avenue
fbqdr9,14.6463301,121.0279829,14.647909,121.0283421,3554,8166,West Avenue
me9aya,14.6708975,121.0518196,14.6721183,121.0503902,3620,3822,Tandang Sora Avenue
me9aya,14.6708975,121.0518196,14.669632,121.0532248,3620,9471,Tandang Sora Avenue
x1ffku,14.6715857,121.033024,14.6716242,121.0323477,3625,2721,Pluto Street
uyujui,14.6715857,121.033024,14.6713733,121.0356695,3625,3222,Pluto Street
uf1eik,14.6745093,121.0469387,14.6754189,121.0455205,3654,277,Tandang Sora Avenue
deqsgj,14.6745093,121.0469387,14.6734863,121.0489103,3654,276,Tandang Sora Avenue
afcpyp,14.6577024,121.0159895,14.6576737,121.0143313,3659,7653,EDSA
me4ue8,14.6690669,121.0432187,14.668629,121.0432031,3660,10924,Visayas Avenue
ui19x1,14.6789581,121.0253036,14.6788501,121.0258558,3677,2685,Tandang Sora Avenue
afcpyp,14.6577329,121.0174683,14.6577024,121.0159895,3714,3659,EDSA
hi61cf,14.6820578,121.035069,14.6828657,121.0375849,3721,3663,Banlat Road
4endy,14.6820578,121.035069,14.6815021,121.0349587,3721,3697,Banlat Road
ku3mgd,14.6799174,121.0321237,14.6814606,121.0320817,3724,13553,"Residential Road (3724, 13553)"
ku3mgd,14.6776601,121.0321831,14.6792255,121.0321422,3725,3818,Mindanao Avenue
unjqc9,14.6763096,121.042827,14.6761268,121.043616,3726,278,Tandang Sora Avenue
yn8lfl,14.6851247,121.0319344,14.6860644,121.0317931,3728,4136,Mindanao Avenue
40700i,14.6713983,121.0412151,14.6718209,121.0430903,3736,2759,Congressional Avenue
hg40dn,14.6619483,121.0200794,14.660479,121.0199414,3740,9851,Congressional Avenue
xz0boi,14.6767473,121.0342905,14.6768743,121.0325645,3775,402,Tandang Sora Avenue
q2sxbf,14.6767473,121.0342905,14.6767316,121.034833,3775,2731,Tandang Sora Avenue
ku3mgd,14.6819219,121.0320692,14.6831656,121.0320477,3791,8566,Mindanao Avenue
hi61cf,14.6829332,121.03828,14.6828657,121.0375849,3812,3663,Banlat Road
ku3mgd,14.6792255,121.0321422,14.6795995,121.0321324,3818,7859,Mindanao Avenue
obsums,14.6721183,121.0503902,14.6733064,121.0490987,3822,7349,Tandang Sora Avenue
me9aya,14.6721183,121.0503902,14.6708975,121.0518196,3822,3620,Tandang Sora Avenue
4endy,14.6792163,121.0345222,14.678722,121.0346308,3834,3780,Banlat Road
n8o6pj,14.6690757,121.0234803,14.6692992,121.0239231,3846,3214,Road 20
th9mqd,14.678062,121.0320068,14.678007,121.0320086,3866,13235,"Residential Road (3866, 13235)"
ucjk0y,14.6574973,121.0166013,14.6575269,121.0193436,3868,7654,EDSA
cizdae,14.6576217,121.0107948,14.6575613,121.0065799,3885,8309,EDSA
c9r5uc,14.667645,121.0432781,14.6685403,121.043331,3891,11058,Visayas Avenue
6aqn68,14.6777096,121.0305955,14.6778639,121.0302564,3892,3668,Tandang Sora Avenue
4endy,14.6777848,121.0352845,14.678722,121.0346308,3905,3780,Banlat Road
n8o6pj,14.6683228,121.0207999,14.668514,121.0225177,3915,2686,Road 20
n8o6pj,14.6683228,121.0207999,14.6682797,121.0203754,3915,2672,Road 20
o6pg2w,14.6852035,121.0317392,14.6836347,121.0318641,3932,4041,Mindanao Avenue
szmnxe,14.6499535,121.0336241,14.647009,121.0355544,3936,7733,EDSA
t40kf2,14.6664625,121.0323997,14.6660104,121.0313975,3942,7856,Congressional Avenue
lzi5sl,14.6508801,121.0289004,14.6489293,121.0284537,3946,13395,"Residential Road (3946, 13395)"
kwd6nk,14.6767044,121.0463171,14.6763368,121.0466387,3949,3816,Corina Avenue
6aqn68,14.6780868,121.0297167,14.6778639,121.0302564,3964,3668,Tandang Sora Avenue
jn9uuh,14.688968,121.0299877,14.6891074,121.0297323,3969,7558,Mindanao Avenue
6bhjz1,14.6710163,121.0289959,14.6712117,121.0293205,3977,2677,Road 20
6bhjz1,14.6710163,121.0289959,14.6707474,121.0282619,3977,2681,Road 20
5u7o62,14.6505551,121.0179887,14.6520035,121.0182171,4005,3165,Fernando Poe Jr. Avenue
5u7o62,14.6505551,121.0179887,14.6466674,121.0174004,4005,897,Fernando Poe Jr. Avenue
6aqn68,14.6782188,121.0294306,14.6780868,121.0297167,4017,3964,Tandang Sora Avenue
s1zf5s,14.6744714,121.0260372,14.6761598,121.0261752,4022,2684,General Avenue
4endy,14.6810817,121.0349295,14.6815021,121.0349587,4025,3697,Banlat Road
4endy,14.6810817,121.0349295,14.6804579,121.0347242,4025,3750,Banlat Road
jhcu0w,14.6736067,121.0510547,14.6738073,121.0537102,4027,8675,Congressional Avenue Extension
kwd6nk,14.6772353,121.0460998,14.6767044,121.0463171,4036,3949,Himlayan Road
o6pg2w,14.6836347,121.0318641,14.6831643,121.0318751,4041,8567,Mindanao Avenue
g981x,14.6767189,121.0351385,14.6767008,121.0354323,4042,401,Tandang Sora Avenue
q2sxbf,14.6767189,121.0351385,14.6767316,121.034833,4042,2731,Tandang Sora Avenue
th9mqd,14.6803386,121.0319393,14.6802943,121.0319407,4051,13237,"Residential Road (4051, 13237)"
g981x,14.6765295,121.0372101,14.6767008,121.0354323,4092,401,Tandang Sora Avenue
g981x,14.6765295,121.0372101,14.6764674,121.0378245,4092,2734,Tandang Sora Avenue
sawvrf,14.6931119,121.0421281,14.6930299,121.0412067,4108,12493,"Residential Road (4108, 12493)"
sawvrf,14.6931119,121.0421281,14.6943528,121.0430811,4108,5849,Sauyo Road
yn8lfl,14.6860644,121.0317931,14.6865702,121.0317062,4136,12362,Mindanao Avenue
r47yy1,14.6930188,121.0633782,14.6930313,121.0603064,4147,5215,Republic Avenue
ollh9m,14.6930686,121.0669996,14.6935586,121.0674072,4148,4149,Republic Avenue
r47yy1,14.6930686,121.0669996,14.6930278,121.0661133,4148,10881,Republic Avenue
ollh9m,14.6935586,121.0674072,14.693778,121.0675907,4149,4427,Regalado Avenue
ollh9m,14.6935586,121.0674072,14.6930686,121.0669996,4149,4148,Republic Avenue
p00ucy,14.7051721,121.0755004,14.7054931,121.0736743,4152,12085,Commonwealth Avenue
dekqcp,14.7050861,121.0818816,14.7050947,121.0818245,4154,10754,Commonwealth Avenue
yo6zee,14.7018658,121.0347582,14.7007999,121.0349215,4234,2437,Pablo dela Cruz Street
unjqc9,14.6763383,121.0426995,14.6763096,121.042827,4251,3726,Tandang Sora Avenue
unjqc9,14.6765084,121.0419235,14.6765989,121.0415294,4255,3976,Tandang Sora Avenue
unjqc9,14.6767541,121.0407923,14.6767317,121.0389147,4260,399,Tandang Sora Avenue
unjqc9,14.6767541,121.0407923,14.6765989,121.0415294,4260,3976,Tandang Sora Avenue
j9fgy5,14.6971308,121.0676738,14.6991504,121.0676697,4287,3442,Regalado Avenue
mfzbti,14.7474591,121.0817411,14.7490758,121.0830311,4305,12166,Quirino Highway
cwegsg,14.7408783,121.0754957,14.7445126,121.0779397,4316,8882,Quirino Highway
mfzbti,14.7447742,121.0779586,14.7457138,121.0789173,4329,9365,Quirino Highway
p00ucy,14.7051435,121.0812337,14.7051678,121.0782785,4333,4481,Commonwealth Avenue
bhruvv,14.6960304,121.0676719,14.6966133,121.0676716,4341,4529,Regalado Avenue
vukrg9,14.7059922,121.0721858,14.7061874,121.071603,4356,4367,Commonwealth Avenue
vho2l4,14.6228354,121.0739549,14.6237414,121.074347,4358,72,Katipunan Avenue
vukrg9,14.7061874,121.071603,14.7065448,121.070453,4367,13357,"Residential Road (4367, 13357)"
ollh9m,14.693778,121.0675907,14.6935586,121.0674072,4427,4149,Regalado Avenue
ollh9m,14.693778,121.0675907,14.6939635,121.0676185,4427,10878,Regalado Avenue
p00ucy,14.7051678,121.0782785,14.7051721,121.0755004,4481,4152,Commonwealth Avenue
bhruvv,14.6954295,121.0676727,14.6960304,121.0676719,4488,4341,Regalado Avenue
g78v7q,14.6905577,121.0871414,14.6881295,121.087051,4518,9384,Commonwealth Avenue
bhruvv,14.6966133,121.0676716,14.6971308,121.0676738,4529,4287,Regalado Avenue
ovtgrn,14.7067709,121.0643072,14.706415,121.065424,4533,10797,Commonwealth Avenue
p9qmiq,14.7065666,121.0672017,14.7067701,121.0646692,4551,9483,Commonwealth Avenue
uhd3fj,14.7273265,121.0575655,14.7268113,121.0579474,4570,267,Belfast Avenue
gew589,14.7348269,121.0612088,14.7353341,121.0612074,4575,10274,Regalado Highway
8bexp8,14.7298036,121.0674226,14.7295118,121.0678852,4576,4601,Ascencion Avenue
sswrii,14.7298036,121.0674226,14.7334492,121.0674381,4576,4636,Ascencion Avenue
fpi6tr,14.721087,121.0670881,14.7215286,121.0670862,4586,4769,Ascencion Avenue
fpi6tr,14.721087,121.0670881,14.7206448,121.0670901,4586,9527,Ascencion Avenue
h1x1zk,14.7287675,121.06007,14.7277195,121.0589328,4594,4734,Mindanao Avenue
j5gshs,14.7288093,121.0612469,14.7296727,121.0612523,4597,10268,Regalado Highway
gew589,14.7307623,121.0612591,14.7316228,121.0612644,4598,12249,Regalado Highway
8bexp8,14.7295118,121.0678852,14.7298036,121.0674226,4601,4576,Ascencion Avenue
8bexp8,14.7295118,121.0678852,14.7290373,121.0678927,4601,4640,Ascencion Avenue
j5gshs,14.7275832,121.0612444,14.7276884,121.0612451,4615,12891,"Residential Road (4615, 12891)"
st6piv,14.7201353,121.0612274,14.7201417,121.0617767,4621,4675,Bristol Street
kdc6c8,14.7201353,121.0612274,14.7224861,121.0612301,4621,4720,Regalado Highway
sswrii,14.7334492,121.0674381,14.7298036,121.0674226,4636,4576,Ascencion Avenue
6ccu6t,14.7334492,121.0674381,14.7337273,121.0674351,4636,7637,Ascencion Avenue
ce3nvr,14.7201412,121.0658553,14.7201309,121.0670923,4638,9526,Bristol Street
ce3nvr,14.7201412,121.0658553,14.7201413,121.0650208,4638,4733,Bristol Street
8bexp8,14.7290373,121.0678927,14.7295118,121.0678852,4640,4601,Ascencion Avenue
8bexp8,14.7290373,121.0678927,14.7269905,121.0671633,4640,4760,Ascencion Avenue
p1564c,14.7230691,121.0612305,14.724543,121.0612325,4650,4591,Regalado Highway
ry1blk,14.7316919,121.0554709,14.7316034,121.05547,4654,8736,Belfast Avenue
xknnnf,14.7201417,121.0617767,14.7201413,121.0650208,4675,4733,Bristol Street
st6piv,14.7201417,121.0617767,14.7201353,121.0612274,4675,4621,Bristol Street
yhn7ha,14.7355408,121.0694447,14.735626,121.0695511,4676,12239,Quirino Highway
8bexp8,14.7265789,121.0668998,14.7269905,121.0671633,4681,4760,Ascencion Avenue
8bexp8,14.7265789,121.0668998,14.7261643,121.0666863,4681,4719,Ascencion Avenue
fpi6tr,14.7261643,121.0666863,14.7256967,121.0666141,4719,4731,Ascencion Avenue
8bexp8,14.7261643,121.0666863,14.7265789,121.0668998,4719,4681,Ascencion Avenue
p8xumq,14.7224861,121.0612301,14.7230691,121.0612305,4720,4650,Regalado Highway
uhd3fj,14.7308989,121.0554658,14.7295817,121.0560071,4727,6892,Belfast Avenue
fpi6tr,14.7256967,121.0666141,14.7261643,121.0666863,4731,4719,Ascencion Avenue
fpi6tr,14.7256967,121.0666141,14.7238552,121.0670737,4731,9528,Ascencion Avenue
ce3nvr,14.7201413,121.0650208,14.7201412,121.0658553,4733,4638,Bristol Street
xknnnf,14.7201413,121.0650208,14.7201417,121.0617767,4733,4675,Bristol Street
h1x1zk,14.7277195,121.0589328,14.727629,121.0588346,4734,9635,Mindanao Avenue
369k9p,14.7179646,121.0548063,14.7148334,121.0573739,4736,2807,Commonwealth Avenue
j5gshs,14.7253427,121.0612359,14.7275832,121.0612444,4759,4615,Regalado Highway
8bexp8,14.7269905,121.0671633,14.7265789,121.0668998,4760,4681,Ascencion Avenue
8bexp8,14.7269905,121.0671633,14.7290373,121.0678927,4760,4640,Ascencion Avenue
uhd3fj,14.7274944,121.0574485,14.7273265,121.0575655,4762,4570,Belfast Avenue
6ccu6t,14.7354341,121.0674415,14.7347485,121.0674305,4765,9744,Ascencion Avenue
yhn7ha,14.7354341,121.0674415,14.7354476,121.0680932,4765,4306,Quirino Highway
fpi6tr,14.7215286,121.0670862,14.7238552,121.0670737,4769,9528,Ascencion Avenue
fpi6tr,14.7215286,121.0670862,14.721087,121.0670881,4769,4586,Ascencion Avenue
w4ybam,14.6014252,121.0789124,14.6011169,121.0792595,4774,6984,"Primary Link Road (4774, 6984)"
st6pug,14.5907199,121.0612879,14.5906352,121.0613883,4781,4782,Ortigas Avenue
g1gzh3,14.6675541,121.0740862,14.6681802,121.075015,4834,738,Commonwealth Avenue
yz4fuq,14.7050367,121.0782789,14.7047393,121.0817377,4838,10757,Commonwealth Avenue
cfo1rh,14.6968061,121.0871697,14.6928417,121.0871679,4863,8116,Commonwealth Avenue
1mfv4f,14.7003041,121.0867971,14.6979571,121.0871565,4877,7579,Commonwealth Avenue
dc662d,14.700998,121.0865187,14.7003041,121.0867971,4889,4877,Commonwealth Avenue
x4tmsu,14.7041731,121.0835947,14.704016,121.0838948,4890,12072,Commonwealth Avenue
x4tmsu,14.7041731,121.0835947,14.7022653,121.0828502,4890,4891,2nd Street
yz4fuq,14.7051119,121.0746957,14.7050424,121.0755012,4904,6915,Commonwealth Avenue
qg3cnm,14.7001238,121.0889791,14.7001342,121.0906334,4960,4964,Batasan Road
qg3cnm,14.7001342,121.0906334,14.699728,121.0913063,4964,6641,Batasan Road
fivhz6,14.693513,121.0964149,14.6951169,121.0963281,5053,8430,Batasan Road
83kuw9,14.6072723,121.0785177,14.6068889,121.0786941,5109,6975,E. Rodriguez Jr. Avenue
1e8e7k,14.7092711,121.0907465,14.7085047,121.0904348,5117,5116,Payatas Road
kokxrw,14.7058778,121.0880922,14.7064466,121.0883329,5126,5125,Payatas Road
2mmy04,14.7323225,121.0496577,14.7316318,121.048711,5146,405,Quirino Highway
2mmy04,14.7323225,121.0496577,14.7328875,121.0504682,5146,404,Quirino Highway
n206lh,14.7343591,121.0481173,14.7353011,121.0479122,5154,5151,Zabarte Road
wwcdjk,14.6930178,121.0593399,14.6930355,121.0598388,5209,3312,Sauyo Road
ha3n1s,14.6930178,121.0593399,14.6934169,121.0564852,5209,3311,Sauyo Road
buplsk,14.6930313,121.0603064,14.6930355,121.0598388,5215,3312,Republic Avenue
r47yy1,14.6930313,121.0603064,14.6930188,121.0633782,5215,4147,Republic Avenue
bzkucx,14.6246535,121.0416551,14.6246462,121.0400846,5241,9799,E. Rodriguez Sr. Avenue
bzkucx,14.6246535,121.0416551,14.6244073,121.0425092,5241,9791,E. Rodriguez Sr. Avenue
d4gz3s,14.6112472,121.0550775,14.6116238,121.0549016,5242,8666,EDSA
7zxnnr,14.6111089,121.0547637,14.6108646,121.0548742,5243,7440,EDSA
bgumxs,14.6195904,121.0636724,14.6192076,121.0638418,5394,7359,20th Avenue
bgumxs,14.6195904,121.0636724,14.6211903,121.0629711,5394,539,20th Avenue
rii625,14.7195174,121.0398731,14.7195936,121.0402092,5398,7008,Sarmiento Street
1x5br6,14.7220192,121.0412305,14.7222561,121.0416665,5407,407,Quirino Highway
m2li8,14.7218946,121.0370905,14.7218957,121.0366198,5421,5410,General Luis Street
m2li8,14.7218946,121.0370905,14.721893,121.0378336,5421,409,General Luis Street
2abepi,14.7254241,121.0412372,14.7259569,121.0412123,5425,406,Quirino Highway
ygtikv,14.7194272,121.0391006,14.7195174,121.0398731,5473,5398,Sarmiento Street
m2li8,14.7218666,121.0355118,14.7218354,121.0346617,5490,410,General Luis Street
m2li8,14.7218666,121.0355118,14.7218957,121.0366198,5490,5410,General Luis Street
78d8ff,14.7218771,121.0386377,14.7206043,121.0389004,5495,5688,Buenamar Street
m2li8,14.7218771,121.0386377,14.721893,121.0378336,5495,409,General Luis Street
2abepi,14.7288496,121.0423763,14.7259569,121.0412123,5541,406,Quirino Highway
jx64w3,14.7162277,121.0404124,14.7171332,121.0402857,5566,5504,Quirino Highway
jx64w3,14.7162277,121.0404124,14.714969,121.040407,5566,2439,Quirino Highway
g0ua3q,14.710702,121.0395305,14.7102838,121.0394337,5608,5443,Quirino Highway
jx64w3,14.7180906,121.0401258,14.7195174,121.0398731,5664,5398,Quirino Highway
jx64w3,14.7180906,121.0401258,14.7171332,121.0402857,5664,5504,Quirino Highway
mcez6h,14.7288915,121.0372821,14.7281085,121.0377221,5677,5585,Susano Road
8stcu3,14.7206043,121.0389004,14.7194272,121.0391006,5688,5473,Buenamar Street
hll3uz,14.7036391,121.0370133,14.7012832,121.035264,5717,4237,Quirino Highway
g0ua3q,14.7094781,121.0392276,14.7090816,121.0391371,5747,5551,Quirino Highway
g0ua3q,14.7094781,121.0392276,14.7098801,121.0393382,5747,5579,Quirino Highway
jx64w3,14.7145137,121.0403205,14.714969,121.040407,5758,2439,Quirino Highway
g0ua3q,14.7118887,121.0397985,14.710702,121.0395305,5783,5608,Quirino Highway
g0ua3q,14.7118887,121.0397985,14.7145137,121.0403205,5783,5758,Quirino Highway
g0ua3q,14.7100758,121.0393791,14.7098801,121.0393382,5787,5579,Quirino Highway
g0ua3q,14.7100758,121.0393791,14.7102838,121.0394337,5787,5443,Quirino Highway
52i85u,14.7079694,121.0319129,14.707919,121.0316489,5800,4235,Pablo dela Cruz Street
hll3uz,14.7039744,121.0372217,14.7036391,121.0370133,5812,5717,Quirino Highway
a8z12x,14.7039744,121.0372217,14.7058189,121.0382299,5812,2438,Quirino Highway
reflc2,14.7045331,121.0348272,14.7079694,121.0319129,5813,5800,Pablo dela Cruz Street
8st1go,14.7095909,121.0291655,14.7099598,121.0288525,5814,5796,Pablo dela Cruz Street
8st1go,14.7095909,121.0291655,14.7089896,121.0295101,5814,4236,Pablo dela Cruz Street
sawvrf,14.6943245,121.0439213,14.6943528,121.0430811,5847,5849,Sauyo Road
sawvrf,14.6943245,121.0439213,14.6950952,121.0493516,5847,3310,Sauyo Road
sawvrf,14.6943528,121.0430811,14.6931119,121.0421281,5849,4108,Sauyo Road
sawvrf,14.6943528,121.0430811,14.6943245,121.0439213,5849,5847,Sauyo Road
47vrfq,14.7108604,121.0210222,14.7114154,121.0209674,5874,4198,Katipunan Avenue
uwiva7,14.7108604,121.0210222,14.7105828,121.0210496,5874,5873,Katipunan Avenue
y4gi2d,14.7108448,121.0249409,14.7112236,121.0243467,5876,5875,East Berkely Street
y4gi2d,14.7103921,121.0264342,14.7108448,121.0249409,5877,5876,East Berkely Street
qrckdk,14.7104992,121.0278028,14.7105423,121.0282491,5879,5878,Magsaysay Avenue
mdxjwt,14.7116752,121.0209417,14.7114154,121.0209674,5885,4198,Katipunan Avenue
jumipj,14.7110719,121.0229516,14.7108604,121.0210222,5886,5874,East Berkely Street
3sigs6,14.6963026,121.0323261,14.6966075,121.0325083,5934,7201,Quirino Highway
o6pg2w,14.6996251,121.0343037,14.7007999,121.0349215,5936,2437,Quirino Highway
rs0tq3,14.6833099,121.0417338,14.6842687,121.0426433,5982,3873,Banlat Road
rs0tq3,14.6850744,121.0429344,14.6842687,121.0426433,5984,3873,Banlat Road
rs0tq3,14.6827955,121.0403546,14.6828919,121.0398751,5990,3870,Banlat Road
rs0tq3,14.6830493,121.0458731,14.6826681,121.0462787,5992,4074,Banlat Road
rs0tq3,14.6830493,121.0458731,14.6834616,121.0454942,5992,5991,Banlat Road
rs0tq3,14.6849439,121.0441002,14.6834616,121.0454942,5996,5991,Banlat Road
4z2dy3,14.6923955,121.0375424,14.6921586,121.0358491,6020,3309,Sauyo Road
4z2dy3,14.6923955,121.0375424,14.6930319,121.0411011,6020,12494,"Residential Road (6020, 12494)"
4z2dy3,14.6915076,121.035021,14.6917919,121.035506,6045,3313,Don Julio Gregorio Street
nxy5sz,14.6912992,121.0343643,14.6912799,121.0341896,6049,6047,Don Julio Gregorio Street
nxy5sz,14.6912992,121.0343643,14.6915076,121.035021,6049,6045,Don Julio Gregorio Street
nxy5sz,14.6915267,121.0330914,14.6912799,121.0341896,6054,6047,Don Julio Gregorio Street
crpkbs,14.7405719,121.0467748,14.7406753,121.0467537,6060,5153,Zabarte Road
27c94u,14.7384492,121.0472269,14.7395604,121.0469846,6070,5148,Zabarte Road
n206lh,14.736548,121.0476408,14.7353011,121.0479122,6171,5151,Zabarte Road
a991bc,14.7317765,121.035636,14.7321292,121.0354357,6175,6173,Susano Road
ypv723,14.7335815,121.0524542,14.7335385,121.052318,6246,12865,"Residential Road (6246, 12865)"
u327wu,14.7335815,121.0524542,14.7337212,121.0529089,6246,12284,Quirino Highway
mcez6h,14.7290786,121.0371691,14.7288915,121.0372821,6251,5677,Susano Road
a991bc,14.7308663,121.0361528,14.7313162,121.0358974,6252,6179,Susano Road
mcez6h,14.7308663,121.0361528,14.7290786,121.0371691,6252,6251,Susano Road
a991bc,14.7342329,121.0342331,14.7326774,121.0351245,6259,6189,Susano Road
8nhpju,14.7217058,121.0319168,14.7211147,121.0295711,6308,5754,General Luis Street
409qdi,14.7217058,121.0319168,14.7217596,121.0325162,6308,5581,General Luis Street
m2li8,14.7218073,121.0338986,14.7218354,121.0346617,6309,410,General Luis Street
uuh1ck,14.7231125,121.0316091,14.7217058,121.0319168,6314,6308,Llano Road
m2li8,14.7217907,121.0333816,14.7218073,121.0338986,6324,6309,General Luis Street
m2li8,14.721773,121.0328179,14.7217596,121.0325162,6325,5581,General Luis Street
m2li8,14.721773,121.0328179,14.7217907,121.0333816,6325,6324,General Luis Street
7ojahc,14.7243939,121.0270506,14.7244625,121.0268324,6357,6356,Llano Road
8tus2i,14.7013873,121.0866926,14.7044133,121.0838822,6384,8222,Commonwealth Avenue
xymjot,14.7120713,121.0905965,14.7134459,121.0902325,6468,6427,Payatas Road
c8y6d1,14.7221795,121.1093105,14.7215419,121.1113583,6618,62,Payatas Road
qg3cnm,14.699728,121.0913063,14.69937,121.0916549,6641,9224,Batasan Road
kokxrw,14.7033333,121.088917,14.7058778,121.0880922,6648,5126,Payatas Road
9r2ldb,14.6972244,121.0938795,14.6966857,121.0944548,6741,3174,Batasan Road
fdnn1g,14.6891141,121.0935182,14.6886831,121.0930497,6794,6795,Batasan Road
y6p2d1,14.6886831,121.0930497,14.6878667,121.0922015,6795,9243,Batasan Road
qr7b9l,14.6926703,121.0874759,14.6945266,121.0875097,6797,7681,Commonwealth Avenue
y6p2d1,14.687104,121.0914043,14.6868877,121.091156,6803,6806,Batasan Road
y6p2d1,14.6868877,121.091156,14.6864564,121.089874,6806,11328,Batasan Road
y6p2d1,14.6875939,121.0919272,14.687104,121.0914043,6810,6803,Batasan Road
rwxwik,14.685065,121.0864769,14.6858718,121.0867939,6841,9068,Commonwealth Avenue
kzjdiu,14.6146041,121.01205,14.61423,121.0104317,6880,2162,Bayani Road
w4ybam,14.6014407,121.0792417,14.6011169,121.0792595,6881,6984,E. Rodriguez Jr. Avenue
zhuw53,14.5964577,121.079505,14.5944416,121.0796102,6882,7290,E. Rodriguez Jr. Avenue
qq6fnw,14.5906715,121.0616022,14.5914625,121.0606739,6889,7332,Ortigas Avenue
osisu8,14.6405336,121.0746486,14.6425346,121.0747606,6890,822,Katipunan Avenue
uhd3fj,14.7295817,121.0560071,14.7295234,121.05605,6892,8735,Belfast Avenue
k3898x,14.6857239,121.0745149,14.6849525,121.0745184,6910,2351,Cirillo Street
en9wbg,14.6864374,121.0732541,14.6864367,121.0712538,6912,2354,Sampaguita Avenue
yz4fuq,14.7050424,121.0755012,14.7050367,121.0782789,6915,4838,Commonwealth Avenue
ys6mi,14.6457439,121.04032,14.6458442,121.0404845,6916,10090,Quezon Avenue
g5bojs,14.6442044,121.0377379,14.644394,121.0376169,6917,6918,EDSA
ul80f8,14.6442044,121.0377379,14.6457439,121.04032,6917,6916,Quezon Avenue
g5bojs,14.644394,121.0376169,14.6444628,121.0375731,6918,10939,EDSA
p8412i,14.644394,121.0376169,14.6442217,121.0373346,6918,12456,"Residential Road (6918, 12456)"
ssstwk,14.6446657,121.0379134,14.6444628,121.0375731,6919,10939,Quezon Avenue
g5bojs,14.6446657,121.0379134,14.6449157,121.0372773,6919,6957,"Primary Link Road (6919, 6957)"
he0s08,14.6437595,121.0371639,14.6439342,121.0374609,6920,9929,Quezon Avenue
jnn9fv,14.6437595,121.0371639,14.6437225,121.0376029,6920,6952,"Primary Link Road (6920, 6952)"
o07kzr,14.6451774,121.0366503,14.6450153,121.0367585,6921,9675,EDSA
xfwcda,14.6451774,121.0366503,14.6454251,121.0369444,6921,11309,"Primary Link Road (6921, 11309)"
q1dlrf,14.6430325,121.0380583,14.642125,121.038648,6922,8521,EDSA
d3mjif,14.6417155,121.0390017,14.6396144,121.0403642,6923,9602,EDSA
8sr8mc,14.6425872,121.03468,14.6424896,121.0345837,6924,9574,Quezon Avenue
b7zjlk,14.6441063,121.0369806,14.6430984,121.0353767,6925,9497,Quezon Avenue
en9wbg,14.6864382,121.0739466,14.6864374,121.0732541,6926,6912,Sampaguita Avenue
en9wbg,14.6864362,121.0704725,14.6864367,121.0712538,6928,2354,Sampaguita Avenue
fh5i1s,14.6150979,121.073087,14.6147763,121.0726532,6944,8090,Colonel Bonny Serrano Avenue
fu6qyl,14.6864359,121.0698704,14.6864362,121.0704725,6946,6928,Sampaguita Avenue
y7c1a0,14.6312798,121.0734706,14.6316004,121.0740613,6949,168,Aurora Boulevard
9x48tl,14.6308028,121.0740353,14.6305609,121.0740375,6950,6951,Katipunan Avenue
9x48tl,14.6305609,121.0740375,14.6304015,121.0740387,6951,7754,Katipunan Avenue
q1dlrf,14.6437225,121.0376029,14.6430864,121.0380242,6952,9653,EDSA
cr49f1,14.6494834,121.0342732,14.6504981,121.0336193,6953,11985,EDSA
wsvevd,14.6551018,121.0467699,14.6535818,121.0470085,6956,9669,Visayas Avenue
xfwcda,14.6449157,121.0372773,14.6452067,121.0370846,6957,9674,EDSA
jnn9fv,14.6448874,121.0368409,14.6442638,121.0372426,6958,10940,EDSA
jnn9fv,14.6448874,121.0368409,14.6441063,121.0369806,6958,6925,"Primary Link Road (6958, 6925)"
jnn9fv,14.6448874,121.0368409,14.6442919,121.0372893,6958,12457,"Residential Road (6958, 12457)"
jnn9fv,14.6440036,121.037414,14.6439342,121.0374609,6959,9929,EDSA
2xhycr,14.6440036,121.037414,14.6442044,121.0377379,6959,6917,Quezon Avenue
x9asg3,14.5925444,121.0591698,14.5918398,121.0600189,6962,7596,Ortigas Avenue
hyub0n,14.5925444,121.0591698,14.5918398,121.0600189,6962,7596,Ortigas Avenue
pbzvoj,14.6013154,121.0594887,14.6046476,121.0580497,6965,7291,EDSA
my6k27,14.7496051,121.0833806,14.7528954,121.084865,6966,6969,Quirino Highway
mfzbti,14.7459341,121.0796054,14.7474591,121.0817411,6967,4305,Quirino Highway
my6k27,14.7536924,121.0849227,14.7541777,121.084951,6968,6970,Quirino Highway
my6k27,14.7528954,121.084865,14.7536924,121.0849227,6969,6968,Quirino Highway
my6k27,14.7541777,121.084951,14.7556679,121.0851001,6970,58,Quirino Highway
83kuw9,14.6101036,121.0760315,14.6093639,121.0766579,6977,35,E. Rodriguez Jr. Avenue
wwi3ir,14.6203396,121.01962,14.6206109,121.0204779,6979,11801,E. Rodriguez Sr. Avenue
wwi3ir,14.6206378,121.0205629,14.6206109,121.0204779,6980,11801,E. Rodriguez Sr. Avenue
wwi3ir,14.6206378,121.0205629,14.6208788,121.0213248,6980,2962,E. Rodriguez Sr. Avenue
wwi3ir,14.6209621,121.0215883,14.6208788,121.0213248,6981,2962,E. Rodriguez Sr. Avenue
wwi3ir,14.6209621,121.0215883,14.6212228,121.0224057,6981,12174,E. Rodriguez Sr. Avenue
w4ybam,14.6011169,121.0792595,14.5996153,121.079341,6984,7000,E. Rodriguez Jr. Avenue
gbdlhh,14.601829,121.0792221,14.6014407,121.0792417,6985,6881,E. Rodriguez Jr. Avenue
gbdlhh,14.601829,121.0792221,14.6014252,121.0789124,6985,4774,"Primary Link Road (6985, 4774)"
ubu90n,14.612948,121.0751704,14.6117091,121.0754503,6987,8085,E. Rodriguez Jr. Avenue
f4jef6,14.6145061,121.0750163,14.615094,121.0749013,6988,8087,E. Rodriguez Jr. Avenue
nirm1q,14.6287874,121.0466633,14.6281532,121.0469454,6989,7841,EDSA
wum4h5,14.6473967,121.0600849,14.6511367,121.0591362,6997,10822,Carlos P. Garcia Avenue
z6atj5,14.6532085,121.0518465,14.6531486,121.0511626,6998,25,Commonwealth Avenue
pycz4o,14.6480544,121.0743035,14.647654,121.0742947,6999,10109,Katipunan Avenue
w4ybam,14.5996153,121.079341,14.5964577,121.079505,7000,6882,E. Rodriguez Jr. Avenue
h3kp8n,14.5996153,121.079341,14.599616,121.0795021,7000,7001,"Primary Link Road (7000, 7001)"
h3kp8n,14.599616,121.0795021,14.5996153,121.079341,7001,7000,"Primary Link Road (7001, 7000)"
h3kp8n,14.599616,121.0795021,14.6014483,121.0794019,7001,9347,E. Rodriguez Jr. Avenue
k3898x,14.684325,121.0745238,14.6849525,121.0745184,7013,2351,Cirillo Street
rr51ga,14.6701758,121.0769463,14.6691881,121.0757661,7047,9453,Commonwealth Avenue
yhb51m,14.6662208,121.0354754,14.6664584,121.0353078,7057,11056,Mindanao Avenue
1joi42,14.6637335,121.0230302,14.6646046,121.0264061,7062,2148,Congressional Avenue
yhn7ha,14.7365007,121.0704895,14.7386467,121.0734989,7065,4307,Quirino Highway
elwyjo,14.6800897,121.0189261,14.6806459,121.0157121,7093,6373,Tandang Sora Avenue Extension
b7awg4,14.6800897,121.0189261,14.6790288,121.018027,7093,3712,Quirino Highway
g5bojs,14.64391,121.0379269,14.6441288,121.0377878,7106,9928,EDSA
vho2l4,14.6208096,121.0730315,14.6228354,121.0739549,7107,4358,Katipunan Avenue
8nhpju,14.7209028,121.0289928,14.7205244,121.0281193,7111,411,General Luis Street
8nhpju,14.7201859,121.0274612,14.7205244,121.0281193,7156,411,General Luis Street
h6m7qe,14.7191983,121.0241835,14.7193131,121.0232376,7157,6355,General Luis Street
h6m7qe,14.7191983,121.0241835,14.7201859,121.0274612,7157,7156,General Luis Street
3sigs6,14.6966075,121.0325083,14.6982567,121.0335276,7201,12548,"Residential Road (7201, 12548)"
yrku05,14.6915487,121.0269201,14.6918651,121.0265311,7210,869,Mindanao Avenue
hhpqg5,14.6914627,121.0266574,14.6910793,121.0270682,7217,9107,Mindanao Avenue
u2q0mz,14.6143348,121.0691956,14.6138649,121.0673894,7254,7707,Colonel Bonny Serrano Avenue
8tus2i,14.6999409,121.0877497,14.6999736,121.0872363,7258,9065,Batasan Road
mo8ykj,14.618468,121.0104904,14.6188001,121.0147964,7259,2428,E. Rodriguez Sr. Avenue
5u7o62,14.6451419,121.0171609,14.6466674,121.0174004,7261,897,Fernando Poe Jr. Avenue
n8g0u2,14.6451419,121.0171609,14.6444215,121.0170462,7261,2049,Fernando Poe Jr. Avenue
nh8lpp,14.64717,121.0519752,14.6470183,121.0520744,7262,8664,Kalayaan Avenue
1mhdkx,14.6234581,121.0490754,14.6217479,121.0498655,7265,7509,EDSA
3tgqxh,14.6147468,121.0729691,14.6156452,121.0737886,7271,9072,Colonel Bonny Serrano Avenue
odmq3y,14.6535093,121.0745134,14.6535989,121.0745171,7274,11201,Katipunan Avenue
6bum3u,14.6161699,121.0748148,14.6163311,121.0761375,7278,7279,Colonel Bonny Serrano Avenue
6bum3u,14.6163311,121.0761375,14.6181381,121.0782067,7279,6986,Colonel Bonny Serrano Avenue
cs290t,14.5926507,121.0584746,14.5930397,121.0586102,7280,1859,EDSA
lgsrdr,14.5926507,121.0584746,14.5928047,121.0588768,7280,7281,"Primary Link Road (7280, 7281)"
st6pug,14.5928047,121.0588768,14.5925444,121.0591698,7281,6962,Ortigas Avenue
cs290t,14.5922766,121.0583506,14.5926507,121.0584746,7283,7280,EDSA
ra62r4,14.6482663,121.0731243,14.6480544,121.0743035,7284,6999,Carlos P. Garcia Avenue
ra62r4,14.6482663,121.0731243,14.6472782,121.0705185,7284,8965,Carlos P. Garcia Avenue
pxpemt,14.6476804,121.0643844,14.6476905,121.0642904,7285,215,Carlos P. Garcia Avenue
pxpemt,14.6476804,121.0643844,14.6476832,121.0646545,7285,9369,Carlos P. Garcia Avenue
zhuw53,14.5940876,121.0797793,14.599616,121.0795021,7289,7001,E. Rodriguez Jr. Avenue
lnzxl1,14.5956184,121.0602561,14.5961834,121.0595758,7292,9704,D. V. Madrigal Avenue
uex9qp,14.6088721,121.0377251,14.6079113,121.0387494,7296,11142,Senator Jose O. Vera Street
dkvdfg,14.6073796,121.0786378,14.6086903,121.0775225,7303,8034,E. Rodriguez Jr. Avenue
pbzobt,14.6298845,121.015126,14.6305057,121.0158131,7304,144,Quezon Avenue
5q29p7,14.630024,121.0150215,14.6284789,121.0132986,7305,1503,Quezon Avenue
yztq06,14.630024,121.0150215,14.6260694,121.0106981,7305,8517,Quezon Avenue
8q8p2n,14.614891,121.0530802,14.614481,121.0532696,7313,1864,EDSA
h70lzd,14.6149876,121.0532988,14.6240427,121.0490754,7314,7847,EDSA
yih268,14.6149876,121.0532988,14.6160698,121.0528257,7314,9336,EDSA
1ydofs,14.6241771,121.0487909,14.6234581,121.0490754,7315,7265,EDSA
w6ila5,14.6241771,121.0487909,14.614891,121.0530802,7315,7313,EDSA
2wzltk,14.6427818,121.0271003,14.6427077,121.0270851,7326,9708,West Avenue
fbqdr9,14.6427818,121.0271003,14.6447824,121.0275624,7326,10946,West Avenue
g29kmq,14.6427818,121.0271003,14.6427615,121.0267758,7326,9663,"Primary Link Road (7326, 9663)"
fbqdr9,14.6456501,121.0277551,14.6458731,121.0278742,7327,9709,West Avenue
fbqdr9,14.6456501,121.0277551,14.6447824,121.0275624,7327,10946,West Avenue
xx5ih1,14.5914625,121.0606739,14.5928329,121.0590686,7332,9696,Ortigas Avenue
25b4oe,14.6358008,121.0642876,14.6357375,121.0639437,7336,251,Xavierville Avenue
27suib,14.6358008,121.0642876,14.6360073,121.0648156,7336,472,Xavierville Avenue
aa9j02,14.6013753,121.0667453,14.6006518,121.0637056,7337,11045,White Plains Avenue
9kj37n,14.6091604,121.0559711,14.6108023,121.0552855,7341,12435,"Residential Road (7341, 12435)"
m2ojj0,14.6091604,121.0559711,14.6130533,121.0541695,7341,7342,EDSA
m2ojj0,14.6130533,121.0541695,14.6136872,121.0538758,7342,7455,EDSA
12hp2q,14.6373179,121.0265469,14.6381209,121.0278306,7345,12250,Quezon Avenue
7atzb5,14.6728028,121.0614371,14.6730172,121.0600778,7348,10915,Congressional Avenue Extension
obsums,14.6733064,121.0490987,14.6721183,121.0503902,7349,3822,Tandang Sora Avenue
jhcu0w,14.6733064,121.0490987,14.6736067,121.0510547,7349,4027,Congressional Avenue Extension
cwpvyl,14.6733198,121.0571974,14.6728851,121.0600585,7353,10914,Congressional Avenue Extension
e83z9h,14.6664424,121.0622414,14.6657403,121.0634368,7354,3304,Tandang Sora Avenue
f4jef6,14.6117388,121.0756099,14.6129199,121.0753289,7356,8086,E. Rodriguez Jr. Avenue
q1pki0,14.6367117,121.026628,14.6366659,121.027083,7357,683,Timog Avenue
bgumxs,14.6192076,121.0638418,14.6195904,121.0636724,7359,5394,20th Avenue
bgumxs,14.6192076,121.0638418,14.6187136,121.0640511,7359,1314,20th Avenue
qooc1s,14.7196607,121.1003879,14.7193945,121.100497,7374,7366,Payatas Road
jwl4q2,14.6235165,121.0728777,14.6234211,121.0725072,7384,1281,Pedro Tuazon Boulevard
jwl4q2,14.6235165,121.0728777,14.6236128,121.0732759,7384,522,Pedro Tuazon Boulevard
5kp6be,14.6019927,121.079369,14.6055043,121.0791766,7385,753,E. Rodriguez Jr. Avenue
fdnn1g,14.6901078,121.0945557,14.6891141,121.0935182,7389,6794,Batasan Road
1e8e7k,14.7112135,121.0906968,14.7120713,121.0905965,7392,6468,Payatas Road
wsvevd,14.6575701,121.0453866,14.6551973,121.0467055,7394,7748,Visayas Avenue
pycz4o,14.6470871,121.0742847,14.6463319,121.0742967,7399,123,Katipunan Avenue
j664pq,14.6560816,121.0273055,14.6556656,121.0291813,7400,2121,EDSA
yrku05,14.6920386,121.026172,14.6922555,121.0249615,7401,7606,Mindanao Avenue
vkebaj,14.6888846,121.0297696,14.6881866,121.0307442,7402,7403,Mindanao Avenue
o6pg2w,14.6881866,121.0307442,14.6866458,121.0314964,7403,9113,Mindanao Avenue
wauhiv,14.6710503,121.039191,14.6704441,121.0373826,7404,2723,Congressional Avenue
6aqn68,14.6771159,121.0320391,14.6777096,121.0305955,7405,3892,Tandang Sora Avenue
x5fmoj,14.6771159,121.0320391,14.6718056,121.0321894,7405,7406,Mindanao Avenue
p3leyr,14.6718056,121.0321894,14.6722892,121.0312765,7406,2719,Road 20
46kv3z,14.6718056,121.0321894,14.6702898,121.03238,7406,7417,Mindanao Avenue
wu7vfd,14.6690328,121.0352385,14.6703214,121.037438,7407,10922,Congressional Avenue
nmqgkq,14.6663489,121.0324705,14.6664286,121.03259,7408,11054,Congressional Avenue
v77meu,14.6677128,121.0342492,14.6679427,121.0340442,7409,8423,Mindanao Avenue
v77meu,14.6677128,121.0342492,14.6681471,121.0342348,7409,7410,"Primary Link Road (7409, 7410)"
wu7vfd,14.6681471,121.0342348,14.6690328,121.0352385,7410,7407,Congressional Avenue
mmxc13,14.6682491,121.0341836,14.6680306,121.0339641,7411,8536,Congressional Avenue
v77meu,14.6682491,121.0341836,14.6682676,121.0337538,7411,7412,"Primary Link Road (7411, 7412)"
faxflv,14.6682676,121.0337538,14.6699532,121.0326729,7412,3223,Mindanao Avenue
46kv3z,14.6681283,121.0336476,14.6679042,121.0338444,7413,8728,Mindanao Avenue
46kv3z,14.6681283,121.0336476,14.6676039,121.0335951,7413,7414,"Primary Link Road (7413, 7414)"
t40kf2,14.6676039,121.0335951,14.6665332,121.0325043,7414,11055,Congressional Avenue
nmqgkq,14.6675378,121.033661,14.6678154,121.0339265,7415,8535,Congressional Avenue
nmqgkq,14.6675378,121.033661,14.6676039,121.0341164,7415,7416,"Primary Link Road (7415, 7416)"
b8qube,14.6676039,121.0341164,14.6663897,121.0351837,7416,11057,Mindanao Avenue
46kv3z,14.6702898,121.03238,14.6681283,121.0336476,7417,7413,Mindanao Avenue
faxflv,14.6703309,121.0325449,14.6716242,121.0323477,7418,2721,Mindanao Avenue
e9gyg1,14.6624297,121.0365962,14.6611033,121.036506,7419,40,Mindanao Avenue
ir33qn,14.6593423,121.0361532,14.658668,121.0360028,7420,7569,Mindanao Avenue
6m24vg,14.6382662,121.0277212,14.6374637,121.0263935,7422,8155,Quezon Avenue
hxvjrw,14.632551,121.0448471,14.6306965,121.0456745,7424,44,EDSA
ir33qn,14.6577004,121.0357846,14.6554348,121.0352755,7433,9296,Mindanao Avenue
1z1zt9,14.6108646,121.0548742,14.6108209,121.0547141,7440,13059,"Residential Road (7440, 13059)"
hll3uz,14.7012217,121.0352175,14.7007999,121.0349215,7453,2437,Quirino Highway
h70lzd,14.6136872,121.0538758,14.6149876,121.0532988,7455,7314,EDSA
hhpqg5,14.6919187,121.0260267,14.6917798,121.0262386,7474,13242,"Residential Road (7474, 13242)"
z3zbi1,14.6919187,121.0260267,14.6890716,121.0294396,7474,7559,Mindanao Avenue
qlnoqy,14.6923194,121.0293433,14.6906334,121.0278537,7478,9580,Quirino Highway
nxy5sz,14.6917776,121.0322934,14.6915267,121.0330914,7484,6054,Don Julio Gregorio Street
z6atj5,14.6532848,121.051969,14.6532085,121.0518465,7486,6998,Commonwealth Avenue
lg9j2z,14.6615087,121.0643376,14.657443,121.058196,7487,9702,Commonwealth Avenue
o32j0c,14.6274646,121.0475365,14.628555,121.0470307,7488,46,EDSA
ldgkx1,14.6214709,121.0500025,14.6213298,121.0500806,7506,9031,EDSA
wlln73,14.6218427,121.050132,14.6240427,121.0490754,7507,7847,EDSA
wlln73,14.6216888,121.0502055,14.6218427,121.050132,7508,7507,EDSA
1mhdkx,14.6217479,121.0498655,14.6215736,121.0499577,7509,170,EDSA
hg40dn,14.6582106,121.0197314,14.6577689,121.0193829,7514,7515,Congressional Avenue
afcpyp,14.6577689,121.0193829,14.6577329,121.0174683,7515,3714,EDSA
juje2n,14.6551282,121.0187444,14.654525,121.0186068,7518,2145,Fernando Poe Jr. Avenue
juje2n,14.6563108,121.0191642,14.6567722,121.0193779,7520,11157,Fernando Poe Jr. Avenue
mu7ohe,14.6549334,121.0303425,14.6499959,121.0335962,7521,13321,"Residential Road (7521, 13321)"
aenpia,14.6232658,121.053913,14.6239589,121.0553812,7529,13039,"Residential Road (7529, 13039)"
1vf8r9,14.6242553,121.0560089,14.6245408,121.0566024,7530,2923,Aurora Boulevard
445fnx,14.6233842,121.0740565,14.6209217,121.0729341,7531,550,Katipunan Avenue
2vucvm,14.6245119,121.0748582,14.6237414,121.074347,7532,72,Major S. Dizon Street
wte3xl,14.6257139,121.0589342,14.6260124,121.0595286,7533,8177,Aurora Boulevard
e8o6q7,14.6265444,121.0603954,14.6264189,121.0601383,7534,2467,Aurora Boulevard
nwa5ol,14.6269233,121.0613666,14.6272812,121.0621187,7535,12124,Aurora Boulevard
g0ua3q,14.7086767,121.0390501,14.7084887,121.039013,7536,5575,Quirino Highway
g0ua3q,14.7086767,121.0390501,14.7090816,121.0391371,7536,5551,Quirino Highway
47goeu,14.6249875,121.0664499,14.6246038,121.0674228,7542,552,Antonio Luna Street
47goeu,14.6255427,121.0660454,14.6250604,121.0663942,7545,1291,Antonio Luna Street
uvbfl2,14.6255427,121.0660454,14.6260174,121.0656804,7545,1232,Antonio Luna Street
uqdbg2,14.6255573,121.070705,14.6259602,121.0705614,7551,1274,Jose P. Rizal Street
uqdbg2,14.6255573,121.070705,14.6251968,121.070831,7551,1279,Jose P. Rizal Street
v9lbc4,14.6207365,121.0591885,14.6200931,121.0594963,7556,99,15th Avenue
axekzj,14.6283573,121.0665125,14.6278057,121.0632577,7557,12463,"Residential Road (7557, 12463)"
2x5bpx,14.6891074,121.0297323,14.6920386,121.026172,7558,7401,Mindanao Avenue
vkebaj,14.6890716,121.0294396,14.6888846,121.0297696,7559,7402,Mindanao Avenue
y5272g,14.6800579,121.0191609,14.6800897,121.0189261,7561,7093,Tandang Sora Avenue
y4gi2d,14.7111904,121.0240026,14.7112236,121.0243467,7562,5875,East Berkely Street
y4gi2d,14.7111904,121.0240026,14.7110719,121.0229516,7562,5886,East Berkely Street
xu2l33,14.7185158,121.0210113,14.7179144,121.0208749,7563,7602,Katipunan Extension
v0l0dc,14.7197336,121.0211422,14.7200663,121.0202282,7564,7110,General Luis Street
ci6ljj,14.7197336,121.0211422,14.7185158,121.0210113,7564,7563,Katipunan Extension
2abepi,14.7226946,121.0415823,14.7254241,121.0412372,7567,5425,Quirino Highway
2abepi,14.7226946,121.0415823,14.7222561,121.0416665,7567,407,Quirino Highway
2mdpyu,14.6583098,121.0360995,14.6586192,121.0361732,7568,7570,Mindanao Avenue
ir33qn,14.658668,121.0360028,14.6584272,121.035948,7569,7571,Mindanao Avenue
2mdpyu,14.6586192,121.0361732,14.6602747,121.0365228,7570,11025,Mindanao Avenue
ir33qn,14.6584272,121.035948,14.6577004,121.0357846,7571,7433,Mindanao Avenue
6d71ub,14.6263895,121.0334182,14.6240881,121.0329243,7577,9803,Tomas Morato Avenue
a6jsk6,14.6263895,121.0334182,14.6270148,121.0335915,7577,10014,Tomas Morato Avenue
1mfv4f,14.6979571,121.0871565,14.6968061,121.0871697,7579,4863,Commonwealth Avenue
uhuw1r,14.634822,121.0587602,14.6352578,121.0586322,7580,7581,Anonas Street Extension
ibevbn,14.6352578,121.0586322,14.634822,121.0587602,7581,7580,Anonas Street Extension
ibevbn,14.6352578,121.0586322,14.635568,121.0585336,7581,11069,Anonas Street Extension
st6pug,14.5918398,121.0600189,14.5907199,121.0612879,7596,4781,Ortigas Avenue
xu2l33,14.7173359,121.0207895,14.7170944,121.0207628,7599,8831,Katipunan Extension
bsbg9m,14.7164754,121.0210334,14.7180612,121.0222314,7600,7269,Samonte Road
xu2l33,14.71762,121.0208285,14.7173359,121.0207895,7601,7599,Katipunan Extension
xu2l33,14.7179144,121.0208749,14.71762,121.0208285,7602,7601,Katipunan Extension
bsbg9m,14.7194509,121.0223104,14.7180612,121.0222314,7603,7269,Samonte Road
v0l0dc,14.7194509,121.0223104,14.7197336,121.0211422,7603,7564,General Luis Street
hhpqg5,14.69211,121.0249443,14.6919187,121.0260267,7604,7474,Mindanao Avenue
yrku05,14.6922555,121.0249615,14.692283,121.0245717,7606,870,Mindanao Avenue
5qdcws,14.6824324,121.0208406,14.6825586,121.0209566,7608,7607,Quirino Highway
7atzb5,14.6734599,121.0572214,14.6736741,121.0558742,7623,7624,Congressional Avenue Extension
7atzb5,14.6736741,121.0558742,14.6737644,121.055248,7624,7625,Congressional Avenue Extension
7atzb5,14.6737644,121.055248,14.6739001,121.0541389,7625,10916,Congressional Avenue Extension
dtbdkd,14.6739331,121.0536637,14.6737311,121.0509907,7626,7627,Congressional Avenue Extension
dtbdkd,14.6737311,121.0509907,14.6734318,121.0492327,7627,3760,Congressional Avenue Extension
jc6k40,14.6726711,121.0614765,14.6724482,121.0629641,7628,10912,Congressional Avenue Extension
h4xg5e,14.6718986,121.0685807,14.6719468,121.0675186,7629,8686,Congressional Avenue Extension
ma1zm5,14.6718986,121.0685807,14.6726623,121.0688682,7629,3585,Luzon Avenue
c9r5uc,14.6718921,121.0434804,14.6720261,121.0434897,7630,2185,Visayas Avenue
koq6cw,14.6718921,121.0434804,14.6723775,121.0456438,7630,7631,Congressional Avenue Extension
oqk4q5,14.6723775,121.0456438,14.6729027,121.0479401,7631,7761,Congressional Avenue Extension
6ccu6t,14.7337273,121.0674351,14.7347485,121.0674305,7637,9744,S. B. Loop
6ccu6t,14.7337273,121.0674351,14.7334492,121.0674381,7637,4636,Ascencion Avenue
ma1zm5,14.6775931,121.0692878,14.6762091,121.0692193,7638,3426,Luzon Avenue
52i85u,14.7080388,121.0306402,14.707919,121.0316489,7640,4235,Pablo dela Cruz Street
juje2n,14.6557483,121.0189498,14.6563108,121.0191642,7641,7520,Fernando Poe Jr. Avenue
juje2n,14.6557483,121.0189498,14.6551282,121.0187444,7641,7518,Fernando Poe Jr. Avenue
srnh30,14.6576737,121.0143313,14.6576709,121.0141721,7653,12329,EDSA
oyg0av,14.6575269,121.0193436,14.6575223,121.0198308,7654,7658,EDSA
ved68l,14.6575269,121.0193436,14.6563108,121.0191642,7654,7520,Fernando Poe Jr. Avenue
51od7m,14.6575223,121.0198308,14.6568747,121.0238004,7658,12800,"Residential Road (7658, 12800)"
fiyst,14.6105678,121.0132534,14.6104496,121.0132646,7662,8950,Santol Street
fiyst,14.6105678,121.0132534,14.6108265,121.0132038,7662,3082,Santol Street
izul1q,14.6204829,121.050749,14.621422,121.0503372,7663,9030,EDSA
83kuw9,14.6105405,121.0757746,14.6101036,121.0760315,7667,6977,E. Rodriguez Jr. Avenue
yu9zhs,14.6351585,121.0435568,14.6372654,121.0421727,7673,3528,EDSA
qr7b9l,14.6945266,121.0875097,14.6958398,121.0875186,7681,9069,Commonwealth Avenue
wio7bc,14.6302306,121.0170348,14.6301845,121.0172392,7687,2956,Scout Chuatoco Street
yztq06,14.6302306,121.0170348,14.6305057,121.0158131,7687,144,Scout Chuatoco Street
v13vxy,14.6288205,121.0234434,14.6284631,121.0250824,7690,1033,Scout Chuatoco Street
v13vxy,14.6288205,121.0234434,14.6291865,121.0217646,7690,3000,Scout Chuatoco Street
4qohk2,14.6294045,121.0304423,14.6291069,121.0318305,7693,1026,Don Alejandro Roces Avenue
gs7ii2,14.6371278,121.045905,14.6337616,121.0451348,7698,9682,East Avenue
oapsh0,14.6364832,121.02801,14.6365586,121.0276022,7705,8,Timog Avenue
oapsh0,14.6368318,121.0265586,14.6373179,121.0265469,7706,7345,"Primary Link Road (7706, 7345)"
oapsh0,14.6368318,121.0265586,14.6371042,121.0262022,7706,9354,Timog Avenue
u2q0mz,14.6138649,121.0673894,14.613608,121.0663098,7707,10128,Colonel Bonny Serrano Avenue
u2q0mz,14.6144961,121.0698466,14.6143348,121.0691956,7708,7254,Colonel Bonny Serrano Avenue
jn9uuh,14.6898694,121.0286611,14.690577,121.0279178,7711,9110,Mindanao Avenue
izul1q,14.618171,121.0518211,14.6202833,121.0508401,7714,7718,EDSA
izul1q,14.6202833,121.0508401,14.6204829,121.050749,7718,7663,EDSA
9a9ks3,14.6661136,121.0719416,14.6664823,121.0724907,7723,8412,Commonwealth Avenue
nhwz09,14.6470775,121.0401615,14.6466264,121.0403905,7727,10087,Senator Miriam P. Defensor-Santiago Avenue
j165m7,14.6417687,121.0456185,14.6410973,121.0468185,7728,8970,Senator Miriam P. Defensor-Santiago Avenue
iktbsr,14.638948,121.0070925,14.6391611,121.0069299,7732,1214,Gregorio Araneta Avenue
szmnxe,14.647009,121.0355544,14.6467967,121.035691,7733,9692,EDSA
wqqi5f,14.6331735,121.0430342,14.633242,121.0427486,7734,13369,"Residential Road (7734, 13369)"
wqqi5f,14.6331735,121.0430342,14.6330673,121.0435113,7734,7735,Timog Avenue
wqqi5f,14.6330673,121.0435113,14.632903,121.0441367,7735,7872,Timog Avenue
wqqi5f,14.6330673,121.0435113,14.6331735,121.0430342,7735,7734,Timog Avenue
gs7ii2,14.6380048,121.0461124,14.6374732,121.0459862,7737,3056,East Avenue
k0hgal,14.6380048,121.0461124,14.6379812,121.0462198,7737,160,V. Luna Road
aff2do,14.6461203,121.0409187,14.6463587,121.0407576,7738,9690,Senator Miriam P. Defensor-Santiago Avenue
b87m3g,14.6462749,121.0406132,14.6460522,121.0408097,7739,7740,Senator Miriam P. Defensor-Santiago Avenue
8fq5n9,14.6462749,121.0406132,14.6460949,121.0403316,7739,10086,Quezon Avenue
b87m3g,14.6460522,121.0408097,14.6458689,121.0409536,7740,10089,Senator Miriam P. Defensor-Santiago Avenue
9iimor,14.6456281,121.0530916,14.647066,121.0521504,7741,12577,"Residential Road (7741, 12577)"
oat7uy,14.642873,121.0543276,14.6453151,121.0532836,7743,7742,Kalayaan Avenue
3qe859,14.6361487,121.0546426,14.6393323,121.0549352,7744,7747,Kalayaan Avenue
oat7uy,14.6421014,121.0545609,14.642873,121.0543276,7745,7743,Kalayaan Avenue
oat7uy,14.6412757,121.0547325,14.6421014,121.0545609,7746,7745,Kalayaan Avenue
4mpvu4,14.6393323,121.0549352,14.6393631,121.055739,7747,2816,Matino Street
oat7uy,14.6393323,121.0549352,14.6412757,121.0547325,7747,7746,Kalayaan Avenue
wsvevd,14.6551973,121.0467055,14.6551018,121.0467699,7748,6956,Visayas Avenue
unk0sd,14.6331285,121.044514,14.6330079,121.0445936,7749,51,EDSA
iwml5k,14.6331285,121.044514,14.63302,121.0442792,7749,2767,Timog Avenue
2z6zwy,14.6095823,121.043249,14.6098613,121.043181,7752,7753,"Secondary Link Road (7752, 7753)"
2z6zwy,14.6095823,121.043249,14.6087541,121.0451961,7752,1570,Colonel Bonny Serrano Avenue
2z6zwy,14.6095823,121.043249,14.6096503,121.0429708,7752,10237,Colonel Bonny Serrano Avenue
9x48tl,14.6304015,121.0740387,14.6275702,121.0741068,7754,750,Katipunan Avenue
hcytyt,14.632085,121.0749746,14.6325141,121.0758115,7755,77,Marcos Highway
fivhz6,14.6914158,121.0961032,14.6917287,121.0963363,7757,8432,IBP Road
joqo5z,14.6890279,121.0936184,14.6894962,121.0941362,7758,11507,Batasan Road
cu8t3c,14.6870815,121.0915898,14.6877249,121.0922449,7759,9080,Batasan Road
joqo5z,14.6913629,121.096049,14.6914158,121.0961032,7760,7757,IBP Road
oqk4q5,14.6729027,121.0479401,14.6733064,121.0490987,7761,7349,Congressional Avenue Extension
kwd6nk,14.678991,121.0460908,14.6791593,121.0462522,7765,7764,Himlayan Road
kwd6nk,14.678991,121.0460908,14.6772353,121.0460998,7765,4036,Himlayan Road
kwd6nk,14.6800518,121.0466424,14.6801913,121.0466541,7766,3960,Himlayan Road
kwd6nk,14.6800518,121.0466424,14.6791593,121.0462522,7766,7764,Himlayan Road
oapsh0,14.6363246,121.028776,14.6364832,121.02801,7770,7705,Timog Avenue
oapsh0,14.636243,121.0291264,14.6357976,121.0311725,7771,372,Timog Avenue
oapsh0,14.636243,121.0291264,14.6363246,121.028776,7771,7770,Timog Avenue
u6p2xx,14.73109,121.0473781,14.725226,121.0487433,7799,1659,Commonwealth Avenue
sh5dat,14.731106,121.0475101,14.73109,121.0473781,7800,7799,Quirino Highway
axtcvk,14.724705,121.0494031,14.7249337,121.0492122,7801,12246,Commonwealth Avenue
59hsyd,14.6693169,121.0096492,14.6684045,121.0088251,7814,4128,Quirino Highway
nwki8b,14.6741971,121.0139875,14.673243,121.0131698,7825,7823,Quirino Highway
o32j0c,14.6257257,121.048331,14.6274646,121.0475365,7834,7488,EDSA
wifwck,14.6257257,121.048331,14.6260378,121.0490802,7834,336,New York Avenue
a6jsk6,14.6273422,121.0336589,14.6276044,121.033722,7835,9877,Tomas Morato Avenue
d0cpdd,14.6272726,121.0339005,14.6274061,121.0342159,7837,12,Kamuning Road
4qohk2,14.6287079,121.0336911,14.6284704,121.033852,7838,9953,"Secondary Link Road (7838, 9953)"
4qohk2,14.6287079,121.0336911,14.6286622,121.0339063,7838,10013,Don Alejandro Roces Avenue
jf1n0l,14.6281532,121.0469454,14.6280015,121.0470108,7841,7842,EDSA
jf1n0l,14.6280015,121.0470108,14.6273697,121.0473089,7842,7918,EDSA
pw9zu2,14.6617351,121.044313,14.6629723,121.0440272,7844,1875,Visayas Avenue
wsvevd,14.6617106,121.0441997,14.6597585,121.0446433,7845,1803,Visayas Avenue
lufa8k,14.661277,121.0444193,14.6614647,121.0443759,7846,13171,"Residential Road (7846, 13171)"
xo4k1l,14.6240427,121.0490754,14.6257257,121.048331,7847,7834,EDSA
x265y6,14.6161209,121.0524458,14.614891,121.0530802,7848,7313,EDSA
x265y6,14.616466,121.0522781,14.6161209,121.0524458,7849,7848,EDSA
ai9ygj,14.616466,121.0522781,14.6164878,121.0515928,7849,2442,Pedro Tuazon Boulevard
p2jgu6,14.6164458,121.0526466,14.616718,121.0525169,7850,10815,EDSA
hg3c25,14.6402213,121.0152025,14.6401564,121.0147507,7854,7297,Del Monte Avenue
hg3c25,14.6401002,121.0142045,14.6401564,121.0147507,7855,7297,Del Monte Avenue
hg3c25,14.6401002,121.0142045,14.639953,121.0131261,7855,920,Del Monte Avenue
t40kf2,14.6660104,121.0313975,14.6655192,121.0297593,7856,860,Congressional Avenue
th9mqd,14.6796001,121.0319542,14.678062,121.0320068,7858,3866,Mindanao Avenue
ku3mgd,14.6795995,121.0321324,14.6799174,121.0321237,7859,3724,Mindanao Avenue
3lk4tc,14.6343083,121.0216652,14.6344588,121.0219089,7863,7864,Quezon Avenue
3lk4tc,14.6343083,121.0216652,14.6344959,121.0215352,7863,7866,"Primary Link Road (7863, 7866)"
3lk4tc,14.6344588,121.0219089,14.634865,121.0225667,7864,1543,Quezon Avenue
d1tlb9,14.6346539,121.0217843,14.6344959,121.0215352,7865,7866,Quezon Avenue
d1tlb9,14.6346539,121.0217843,14.6344588,121.0219089,7865,7864,"Primary Link Road (7865, 7864)"
d1tlb9,14.6344959,121.0215352,14.6327201,121.0186941,7866,8158,Quezon Avenue
uuh1ck,14.7236069,121.0309777,14.7239548,121.0301961,7871,6316,Llano Road
uuh1ck,14.7236069,121.0309777,14.7231125,121.0316091,7871,6314,Llano Road
wqqi5f,14.632903,121.0441367,14.6330079,121.0445936,7872,51,Timog Avenue
unk0sd,14.632903,121.0441367,14.632551,121.0448471,7872,7424,"Primary Link Road (7872, 7424)"
2mmy04,14.7335238,121.0522709,14.7328875,121.0504682,7885,404,Quirino Highway
7ojahc,14.7242051,121.0277665,14.7243939,121.0270506,7896,6357,Llano Road
7ojahc,14.724708,121.0265813,14.7244625,121.0268324,7897,6356,Llano Road
nmqgkq,14.6658735,121.0314411,14.6663489,121.0324705,7916,7408,Congressional Avenue
nmqgkq,14.6652207,121.0291207,14.6658735,121.0314411,7917,7916,Congressional Avenue
svmmoh,14.6524613,121.0448945,14.6538106,121.0387128,7922,12165,North Avenue
d6yfmu,14.6723134,121.0433446,14.6719359,121.043091,7936,7938,"Primary Link Road (7936, 7938)"
641btz,14.6723134,121.0433446,14.6719908,121.0433359,7936,867,Visayas Avenue
9lcsxf,14.6722717,121.0435062,14.6728555,121.0435455,7937,9713,Visayas Avenue
wauhiv,14.6719359,121.043091,14.6715152,121.0411862,7938,2748,Congressional Avenue
jj4sy7,14.6720896,121.0437887,14.6722717,121.0435062,7939,7937,"Primary Link Road (7939, 7937)"
jj4sy7,14.6720896,121.0437887,14.6720261,121.0434897,7939,2185,Congressional Avenue Extension
ae0f12,14.6317769,121.0175997,14.633297,121.0200274,7944,1039,Quezon Avenue
e83z9h,14.6652457,121.0660671,14.6657403,121.0634368,7957,3304,Tandang Sora Avenue
e83z9h,14.6652457,121.0660671,14.6645791,121.067413,7957,12812,"Residential Road (7957, 12812)"
me9aya,14.6679087,121.0565091,14.6681904,121.0556194,7962,3228,Tandang Sora Avenue
e83z9h,14.6679087,121.0565091,14.6674707,121.058352,7962,10221,Tandang Sora Avenue
me9aya,14.6689109,121.0543374,14.669213,121.0538765,7963,142,Tandang Sora Avenue
me9aya,14.6689109,121.0543374,14.6682658,121.0554792,7963,7964,Tandang Sora Avenue
me9aya,14.6682658,121.0554792,14.6681904,121.0556194,7964,3228,Tandang Sora Avenue
me9aya,14.6682658,121.0554792,14.6689109,121.0543374,7964,7963,Tandang Sora Avenue
kokxrw,14.7022724,121.089362,14.7019963,121.0893599,7965,9220,Payatas Road
x2yp65,14.6757277,121.0821757,14.6767546,121.0827766,7968,12607,"Residential Road (7968, 12607)"
32xiqd,14.6618944,121.0648865,14.6615087,121.0643376,8033,7487,Commonwealth Avenue
dkvdfg,14.6086903,121.0775225,14.6094812,121.0767817,8034,754,E. Rodriguez Jr. Avenue
83kuw9,14.6085692,121.0773845,14.607312,121.0784972,8035,11953,E. Rodriguez Jr. Avenue
v13vxy,14.6278013,121.0281663,14.6280104,121.0271865,8049,1029,Scout Chuatoco Street
2i12sa,14.6278013,121.0281663,14.6275667,121.0292689,8049,145,Scout Chuatoco Street
wxqdx8,14.6279967,121.0293671,14.6280922,121.0293889,8057,1027,Scout Tobias Street
wxqdx8,14.6279967,121.0293671,14.6275667,121.0292689,8057,145,Scout Tobias Street
odmq3y,14.6543106,121.0745394,14.6556708,121.0745606,8065,8066,Katipunan Avenue
odmq3y,14.6556708,121.0745606,14.6575699,121.0745141,8066,8407,Katipunan Avenue
u0el57,14.6550232,121.074236,14.6546681,121.0742491,8067,8068,Katipunan Avenue
u0el57,14.6546681,121.0742491,14.6535903,121.0742817,8068,38,Katipunan Avenue
e9gyg1,14.6650635,121.035997,14.6639082,121.0363992,8069,861,Mindanao Avenue
1dpy9l,14.6174343,121.0712481,14.6154161,121.0704908,8081,10244,Katipunan Avenue
a4hghg,14.6180752,121.0715981,14.612948,121.0751704,8082,6987,"Katipunan Avenue, C-5-Bonny Serrano Flyover, Colonel Bonny Serrano Avenue"
83kuw9,14.6117091,121.0754503,14.6105405,121.0757746,8085,7667,E. Rodriguez Jr. Avenue
f4jef6,14.6129199,121.0753289,14.6142534,121.0750719,8086,8135,E. Rodriguez Jr. Avenue
prcrz,14.6129199,121.0753289,14.6150979,121.073087,8086,6944,"Colonel Bonny Serrano Avenue, C-5-Bonny Serrano Flyover"
f4jef6,14.615094,121.0749013,14.6154364,121.074826,8087,10907,E. Rodriguez Jr. Avenue
xfvrhx,14.6136706,121.0704852,14.6111022,121.0708381,8089,11143,Katipunan Avenue
xfvrhx,14.6136706,121.0704852,14.6143057,121.0706759,8089,10892,Katipunan Avenue
np3w5p,14.6147763,121.0726532,14.6180259,121.0717396,8090,8083,"Colonel Bonny Serrano Avenue, Katipunan Avenue"
np3w5p,14.6147763,121.0726532,14.6146912,121.072006,8090,8091,Colonel Bonny Serrano Avenue
w0feok,14.6145443,121.0707237,14.6144151,121.071068,8092,10891,Colonel Bonny Serrano Avenue
1ak5wm,14.6571272,121.0576801,14.6549164,121.0542273,8108,12161,Commonwealth Avenue
9fvdw2,14.6928417,121.0871679,14.6905577,121.0871414,8116,4518,Commonwealth Avenue
badb94,14.6367108,121.0520508,14.6368358,121.0514868,8127,2831,V. Luna Road
badb94,14.6367108,121.0520508,14.6365901,121.0526156,8127,2839,V. Luna Road
f4jef6,14.6142534,121.0750719,14.6145061,121.0750163,8135,6988,E. Rodriguez Jr. Avenue
g29kmq,14.642693,121.0266326,14.6426627,121.0265234,8148,12751,"Residential Road (8148, 12751)"
g29kmq,14.642693,121.0266326,14.6426304,121.0270646,8148,8150,Del Monte Avenue
2wzltk,14.6426304,121.0270646,14.6424763,121.0270282,8150,10095,West Avenue
2wzltk,14.6426304,121.0270646,14.6427077,121.0270851,8150,9708,West Avenue
lnzxl1,14.5939703,121.0589336,14.5954985,121.0594219,8151,10813,EDSA
q1pki0,14.6371967,121.0259865,14.6370382,121.026104,8153,9355,"Primary Road (8153, 9355)"
6m24vg,14.6371967,121.0259865,14.6368873,121.0255026,8153,898,Quezon Avenue
ti8290,14.6372647,121.0260919,14.6376379,121.0259674,8154,8156,West Avenue
6m24vg,14.6372647,121.0260919,14.6371967,121.0259865,8154,8153,Quezon Avenue
6m24vg,14.6374637,121.0263935,14.6372647,121.0260919,8155,8154,Quezon Avenue
ti8290,14.6374637,121.0263935,14.6376379,121.0259674,8155,8156,"Primary Link Road (8155, 8156)"
lczqjk,14.6376379,121.0259674,14.6380164,121.0260082,8156,9860,West Avenue
2wzltk,14.6399223,121.0264449,14.6403635,121.0265446,8157,462,West Avenue
2wzltk,14.6399223,121.0264449,14.6388479,121.0262022,8157,8165,West Avenue
z8ew58,14.6327201,121.0186941,14.6326861,121.0186373,8158,894,Quezon Avenue
wrqhpc,14.6327201,121.0186941,14.6335441,121.0181341,8158,901,Fernando Poe Jr. Avenue
46ay89,14.6290746,121.0126809,14.6318936,121.0097062,8159,11005,"Motorway Link Road (8159, 11005)"
wyr79,14.6354456,121.018149,14.6344277,121.0179961,8163,8160,Fernando Poe Jr. Avenue
6ymi38,14.632158,121.0093232,14.6305049,121.0110259,8164,295,Gregorio Araneta Avenue
2wzltk,14.6388479,121.0262022,14.6399223,121.0264449,8165,8157,West Avenue
2wzltk,14.6388479,121.0262022,14.638456,121.0261115,8165,10075,West Avenue
lzi5sl,14.647909,121.0283421,14.6488749,121.0285655,8166,3860,West Avenue
2v56ey,14.6418093,121.0233656,14.6419332,121.0238083,8168,8171,Del Monte Avenue
2v56ey,14.6418093,121.0233656,14.6416867,121.0229047,8168,922,Del Monte Avenue
2v56ey,14.6419332,121.0238083,14.6420582,121.0242461,8171,929,Del Monte Avenue
2v56ey,14.6419332,121.0238083,14.6418093,121.0233656,8171,8168,Del Monte Avenue
2v56ey,14.6421899,121.0246761,14.6423082,121.0250969,8172,932,Del Monte Avenue
2v56ey,14.6421899,121.0246761,14.6420582,121.0242461,8172,929,Del Monte Avenue
21vrl8,14.6245838,121.0090553,14.623547,121.0079278,8175,2178,Quezon Avenue
g6t3l4,14.6245044,121.0091955,14.6246385,121.0093439,8176,9196,Quezon Avenue
wte3xl,14.6260124,121.0595286,14.6264571,121.0604418,8177,538,Aurora Boulevard
369k9p,14.718946,121.0540125,14.7179646,121.0548063,8213,4736,Commonwealth Avenue
yz4fuq,14.7047274,121.0818015,14.7047117,121.0818804,8220,10756,Commonwealth Avenue
dekqcp,14.7044133,121.0838822,14.7050312,121.0821212,8222,11173,Commonwealth Avenue
j664pq,14.6567889,121.0241626,14.6563663,121.0259984,8223,12560,"Residential Road (8223, 12560)"
nh8lpp,14.6461153,121.052666,14.6455864,121.0530027,8225,138,Kalayaan Avenue
5qdcws,14.6852051,121.023672,14.6860024,121.0241091,8259,4038,Quirino Highway
5qdcws,14.6852051,121.023672,14.6846846,121.0229774,8259,3862,Quirino Highway
uo6w4m,14.6715684,121.0686012,14.6718986,121.0685807,8261,7629,Luzon Avenue
u327wu,14.7338883,121.0534411,14.7337212,121.0529089,8275,12284,Quirino Highway
u327wu,14.7338883,121.0534411,14.7342607,121.054505,8275,2803,Quirino Highway
59hsyd,14.6682635,121.0087012,14.6684045,121.0088251,8284,4128,Quirino Highway
59hsyd,14.6682635,121.0087012,14.6676439,121.0081477,8284,7824,Quirino Highway
59hsyd,14.6696655,121.0099788,14.6693169,121.0096492,8297,7814,Quirino Highway
cizdae,14.6575613,121.0065799,14.657483,121.0020589,8309,8569,EDSA
vt6e25,14.6950345,121.0315295,14.6953404,121.0317226,8321,12513,"Residential Road (8321, 12513)"
nwki8b,14.6727279,121.0127341,14.673243,121.0131698,8326,7823,Quirino Highway
qrckdk,14.7104029,121.0265627,14.7104992,121.0278028,8329,5879,Magsaysay Avenue
5jhr1r,14.7104029,121.0265627,14.7103921,121.0264342,8329,5877,Magsaysay Avenue
5qdcws,14.6841725,121.0223325,14.684532,121.02272,8330,7092,Quirino Highway
5qdcws,14.6841725,121.0223325,14.6825586,121.0209566,8330,7607,Quirino Highway
kohi04,14.6667234,121.0432376,14.667645,121.0432781,8338,3891,Visayas Avenue
pana3t,14.6904101,121.0277657,14.690577,121.0279178,8340,9110,Quirino Highway
vkebaj,14.6904101,121.0277657,14.6892045,121.0291512,8340,10395,Mindanao Avenue
b7awg4,14.6781462,121.0172802,14.6780433,121.0171886,8346,7595,Quirino Highway
b7awg4,14.6781462,121.0172802,14.6790288,121.018027,8346,3712,Quirino Highway
goazyb,14.6627276,121.0205364,14.6637335,121.0230302,8349,7062,Congressional Avenue
nxy5sz,14.6921141,121.0312962,14.6923555,121.030549,8376,3308,Don Julio Gregorio Street
e13p1s,14.6287044,121.067982,14.6293338,121.0693586,8378,2529,Aurora Boulevard
dkvdfg,14.6096683,121.0766106,14.6117388,121.0756099,8379,7356,E. Rodriguez Jr. Avenue
59hsyd,14.6702405,121.0105111,14.6699342,121.0102245,8380,8285,Quirino Highway
59hsyd,14.6702405,121.0105111,14.6712209,121.011422,8380,7821,Quirino Highway
fx1u,14.6575699,121.0745141,14.6575654,121.0742237,8407,101,Magsaysay Avenue
71u7sy,14.6575699,121.0745141,14.6597733,121.0762743,8407,8986,Tandang Sora Avenue
rwxwik,14.6839883,121.0860169,14.684294,121.0861534,8410,12101,Commonwealth Avenue
98gb1j,14.6837954,121.085486,14.6835189,121.0853786,8411,9465,Commonwealth Avenue
9a9ks3,14.6664823,121.0724907,14.6675541,121.0740862,8412,4834,Commonwealth Avenue
qlnoqy,14.6908633,121.0281768,14.6922523,121.0293822,8415,8794,Quirino Highway
v77meu,14.6679427,121.0340442,14.6680306,121.0339641,8423,8536,Mindanao Avenue
nmqgkq,14.6679427,121.0340442,14.6681471,121.0342348,8423,7410,Congressional Avenue
1vdiej,14.6979498,121.0932922,14.698611,121.0925877,8425,8428,Batasan Road
fnfpnd,14.698611,121.0925877,14.6998021,121.0913672,8428,8438,Batasan Road
fivhz6,14.6951169,121.0963281,14.6959476,121.0954163,8430,8435,Batasan Road
fivhz6,14.6917287,121.0963363,14.6929652,121.0964165,8432,8436,Batasan Road
fivhz6,14.6959476,121.0954163,14.6972891,121.0939433,8435,8437,Batasan Road
fivhz6,14.6929652,121.0964165,14.6931193,121.0964151,8436,11420,Batasan Road
fivhz6,14.6929652,121.0964165,14.692936,121.0962544,8436,1219,"Secondary Link Road (8436, 1219)"
1vdiej,14.6972891,121.0939433,14.6979498,121.0932922,8437,8425,Batasan Road
fnfpnd,14.6998021,121.0913672,14.7000423,121.0881554,8438,12118,Batasan Road
2v56ey,14.6424323,121.025538,14.6423082,121.0250969,8448,932,Del Monte Avenue
2v56ey,14.6424323,121.025538,14.6425604,121.0260309,8448,3206,Del Monte Avenue
n0b3nt,14.6404963,121.0170725,14.6406403,121.0181948,8454,921,Del Monte Avenue
21vrl8,14.6260694,121.0106981,14.6252352,121.0097772,8517,736,Quezon Avenue
q1dlrf,14.642125,121.038648,14.6417155,121.0390017,8521,6923,EDSA
hd112s,14.6561433,121.0706345,14.6561265,121.0685919,8523,104,Osmeña Avenue
5pp4t4,14.7162894,121.0206575,14.7161051,121.0201845,8530,7598,Samonte Road
xmwq15,14.7162894,121.0206575,14.7139984,121.0206984,8530,10440,Katipunan Extension
dyc6jc,14.7163207,121.0207458,14.7166552,121.0207921,8531,10444,Katipunan Extension
5mwy10,14.7163207,121.0207458,14.7164754,121.0210334,8531,7600,Samonte Road
5mwy10,14.7163207,121.0207458,14.7162894,121.0206575,8531,8530,Samonte Road
nmqgkq,14.6678154,121.0339265,14.6679427,121.0340442,8535,8423,Congressional Avenue
46kv3z,14.6678154,121.0339265,14.6676039,121.0341164,8535,7416,Mindanao Avenue
faxflv,14.6680306,121.0339641,14.6682676,121.0337538,8536,7412,Mindanao Avenue
mmxc13,14.6680306,121.0339641,14.6679042,121.0338444,8536,8728,Congressional Avenue
yn8lfl,14.6831656,121.0320477,14.6851247,121.0319344,8566,3728,Mindanao Avenue
th9mqd,14.6831643,121.0318751,14.6803386,121.0319393,8567,4051,Mindanao Avenue
cizdae,14.657483,121.0020589,14.6574369,121.0016296,8569,11150,EDSA
xeh1w,14.6076157,121.039202,14.6079113,121.0387494,8576,11142,Senator Jose O. Vera Street
uyujui,14.6713712,121.0359219,14.6713733,121.0356695,8590,3222,Pluto Street
cs92nb,14.6713712,121.0359219,14.6716909,121.0368413,8590,2724,Pluto Street
ntgeku,14.6954299,121.0675887,14.6946644,121.0675928,8591,8593,Regalado Avenue
39tdbb,14.7017012,121.067963,14.6999348,121.0676179,8592,8594,Regalado Avenue
ntgeku,14.6946644,121.0675928,14.6945986,121.0675932,8593,12323,Regalado Avenue
39tdbb,14.6999348,121.0676179,14.6991499,121.067581,8594,9933,Regalado Avenue
ntgeku,14.6971279,121.0675796,14.6966129,121.0675824,8595,8596,Regalado Avenue
ntgeku,14.6966129,121.0675824,14.6960311,121.0675855,8596,8597,Regalado Avenue
ntgeku,14.6960311,121.0675855,14.6954299,121.0675887,8597,8591,Regalado Avenue
l96xxi,14.7056933,121.0693009,14.7043557,121.0689233,8598,8600,Regalado Avenue
39tdbb,14.7022392,121.068141,14.7017012,121.067963,8599,8592,Regalado Avenue
l96xxi,14.7043557,121.0689233,14.7022392,121.068141,8600,8599,Regalado Avenue
1h1zvl,14.6317936,121.0455552,14.6327556,121.0451156,8615,52,EDSA
rm5ad2,14.6352265,121.0231523,14.6364973,121.0252101,8616,1542,Quezon Avenue
idj3bz,14.635415,121.0230513,14.6353456,121.022936,8617,12416,Quezon Avenue
rm5ad2,14.635415,121.0230513,14.6352265,121.0231523,8617,8616,"Primary Link Road (8617, 8616)"
x2yp65,14.6765595,121.0822183,14.67716,121.0829924,8642,10790,"Primary Link Road (8642, 10790)"
n8yeho,14.6765595,121.0822183,14.6756467,121.0816822,8642,2308,Commonwealth Avenue
wwi3ir,14.6216196,121.0236672,14.6217072,121.0240688,8643,1141,E. Rodriguez Sr. Avenue
wwi3ir,14.6216196,121.0236672,14.62124,121.0224669,8643,12880,"Residential Road (8643, 12880)"
wwi3ir,14.6219326,121.0246876,14.6216196,121.0236672,8644,8643,E. Rodriguez Sr. Avenue
nh8lpp,14.6470183,121.0520744,14.6464234,121.052471,8664,2963,Kalayaan Avenue
wyr79,14.6369791,121.018263,14.6354456,121.018149,8665,8163,Fernando Poe Jr. Avenue
d4gz3s,14.6116238,121.0549016,14.611992,121.0547218,8666,1268,EDSA
7zxnnr,14.6115032,121.0545807,14.6111089,121.0547637,8667,5243,EDSA
f1mbz1,14.7140029,121.0207975,14.7163207,121.0207458,8668,8531,Katipunan Extension
twhsrw,14.6343026,121.035221,14.6340468,121.0351628,8669,660,Tomas Morato Avenue
twhsrw,14.6343026,121.035221,14.6346406,121.0354316,8669,9865,Tomas Morato Avenue
pw9zu2,14.6646055,121.0436502,14.6648298,121.0435982,8671,11061,Visayas Avenue
cwpvyl,14.6738073,121.0537102,14.6737806,121.0541274,8675,10917,Congressional Avenue Extension
rm63mh,14.6149379,121.0309824,14.6156686,121.0305298,8679,296,Broadway Avenue
rm63mh,14.6149379,121.0309824,14.6142059,121.0314359,8679,8684,Broadway Avenue
rm63mh,14.6163822,121.0300851,14.6170746,121.0296627,8680,8681,Broadway Avenue
rm63mh,14.6163822,121.0300851,14.6156686,121.0305298,8680,296,Broadway Avenue
rm63mh,14.6170746,121.0296627,14.6179373,121.0291462,8681,297,Broadway Avenue
rm63mh,14.6170746,121.0296627,14.6163822,121.0300851,8681,8680,Broadway Avenue
rm63mh,14.6142059,121.0314359,14.6149379,121.0309824,8684,8679,Broadway Avenue
rm63mh,14.6142059,121.0314359,14.6132818,121.0320084,8684,300,Broadway Avenue
4uq8hl,14.6676931,121.0693491,14.6683341,121.0690302,8685,8807,Luzon Avenue
h4xg5e,14.6719468,121.0675186,14.6722312,121.065388,8686,10911,Congressional Avenue Extension
5mnqju,14.6658928,121.0216481,14.6648099,121.0220951,8707,2634,Short Horn Street
9rpa66,14.6644736,121.072224,14.669251,121.0686818,8710,3251,"Tandang Sora Avenue, Luzon Avenue"
xoc2m6,14.6644736,121.072224,14.6648199,121.071439,8710,10142,"Primary Link Road (8710, 10142)"
xoc2m6,14.6647885,121.0708569,14.6645867,121.0714547,8715,10140,"Primary Link Road (8715, 10140)"
arv1os,14.6940937,121.0538276,14.6939059,121.0541949,8720,8723,Sauyo Road
arv1os,14.6940937,121.0538276,14.6950165,121.0525855,8720,9002,Sauyo Road
arv1os,14.6939059,121.0541949,14.6940937,121.0538276,8723,8720,Sauyo Road
arv1os,14.6937065,121.0550864,14.6936066,121.0554969,8724,4140,Sauyo Road
46kv3z,14.6679042,121.0338444,14.6678154,121.0339265,8728,8535,Mindanao Avenue
mmxc13,14.6679042,121.0338444,14.6676039,121.0335951,8728,7414,Congressional Avenue
uhd3fj,14.7287243,121.0566013,14.7274944,121.0574485,8734,4762,Belfast Avenue
uhd3fj,14.7295234,121.05605,14.7287884,121.0565574,8735,9640,Belfast Avenue
ry1blk,14.7316034,121.05547,14.7308989,121.0554658,8736,4727,Belfast Avenue
sh5dat,14.7308344,121.0456792,14.73109,121.0473781,8745,7799,Quirino Highway
a8km1e,14.6259806,121.0108185,14.6262165,121.0111362,8750,8927,Quezon Avenue
2g450z,14.6259806,121.0108185,14.6298845,121.015126,8750,7304,Quezon Avenue
oo0svm,14.6312121,121.0163798,14.630024,121.0150215,8753,7305,Quezon Avenue
yc3352,14.6398086,121.0164508,14.6401524,121.0164423,8754,12744,"Residential Road (8754, 12744)"
w1cwel,14.6355416,121.0743127,14.6275702,121.0741068,8755,750,Katipunan Avenue
7rmwj7,14.6355416,121.0743127,14.6338012,121.0741428,8755,124,Katipunan Avenue
daupag,14.6655473,121.0703613,14.6648369,121.0693552,8757,11296,Commonwealth Avenue
u2k6dy,14.68065,121.0466485,14.6801913,121.0466541,8786,3960,Banlat Road
lg0pfh,14.68065,121.0466485,14.6826681,121.0462787,8786,4074,Banlat Road
4uq8hl,14.6659317,121.0702695,14.6667333,121.0698351,8795,12211,Luzon Avenue
32xiqd,14.66292,121.0664312,14.6618944,121.0648865,8796,8033,Commonwealth Avenue
2xhycr,14.6426432,121.0352335,14.6440036,121.037414,8800,6959,Quezon Avenue
vn80sj,14.6426432,121.0352335,14.642707,121.0354467,8800,11332,"Primary Link Road (8800, 11332)"
uo6w4m,14.6689476,121.0687405,14.669251,121.0686818,8806,3251,Luzon Avenue
4uq8hl,14.6683341,121.0690302,14.6689476,121.0687405,8807,8806,Luzon Avenue
hpqy24,14.6691205,121.0685557,14.6689802,121.0685586,8809,8813,Luzon Avenue
v2e2id,14.6689802,121.0685586,14.6686004,121.0685647,8813,7762,Luzon Avenue
uf1eik,14.67589,121.0444945,14.6754189,121.0455205,8816,277,Tandang Sora Avenue
uf1eik,14.6760181,121.0440404,14.6760897,121.043758,8817,2184,Tandang Sora Avenue
uf1eik,14.6760181,121.0440404,14.67589,121.0444945,8817,8816,Tandang Sora Avenue
ad3hi6,14.6596976,121.0761145,14.6575654,121.0742237,8821,101,Tandang Sora Avenue
g1gzh3,14.6693973,121.0765867,14.6709268,121.0782105,8822,825,Commonwealth Avenue
xu2l33,14.7166691,121.0207055,14.7162894,121.0206575,8830,8530,Katipunan Extension
xu2l33,14.7170944,121.0207628,14.7166691,121.0207055,8831,8830,Katipunan Extension
mmxc13,14.6691214,121.0351736,14.6682491,121.0341836,8832,7411,Congressional Avenue
40700i,14.6709368,121.0392262,14.6709693,121.0393516,8833,865,Congressional Avenue
9m9yi2,14.6859798,121.0698383,14.6864359,121.0698704,8836,6946,Luzon Avenue
1r6mgk,14.6540449,121.010668,14.655515,121.0115466,8837,2081,Kaingin Road
mfzbti,14.7445126,121.0779397,14.7447742,121.0779586,8882,4329,Quirino Highway
1e8e7k,14.7077883,121.0899289,14.7079944,121.0901239,8891,5114,Payatas Road
kokxrw,14.7077883,121.0899289,14.7064466,121.0883329,8891,5125,Payatas Road
qooc1s,14.7227345,121.1081025,14.7221795,121.1093105,8904,6618,Payatas Road
qooc1s,14.7227345,121.1081025,14.7226969,121.1038139,8904,6653,Payatas Road
21vrl8,14.6265814,121.0112281,14.6260694,121.0106981,8926,8517,Quezon Avenue
g6t3l4,14.6262165,121.0111362,14.6281857,121.0133323,8927,1493,Quezon Avenue
1074zq,14.6197444,121.057406,14.6196178,121.0575042,8930,8932,General Romulo Avenue
1074zq,14.6197444,121.057406,14.6193028,121.0576408,8930,12133,"Secondary Link Road (8930, 12133)"
ggjotn,14.6196798,121.0576216,14.6208181,121.056814,8931,13015,"Residential Road (8931, 13015)"
ggjotn,14.6196178,121.0575042,14.6196798,121.0576216,8932,8931,"Tertiary Link Road (8932, 8931)"
uo6w4m,14.6695092,121.0686679,14.6697072,121.0686573,8934,8935,Luzon Avenue
uo6w4m,14.6697072,121.0686573,14.6705224,121.0686134,8935,8936,Luzon Avenue
uo6w4m,14.6705224,121.0686134,14.6715684,121.0686012,8936,8261,Luzon Avenue
fiyst,14.6088356,121.013729,14.607205,121.0139822,8944,2016,Santol Street
fiyst,14.6088356,121.013729,14.6092402,121.0135715,8944,8947,Santol Street
fiyst,14.6092402,121.0135715,14.6088356,121.013729,8947,8944,Santol Street
fiyst,14.6092402,121.0135715,14.6096576,121.0133359,8947,3062,Santol Street
fiyst,14.6104496,121.0132646,14.6105678,121.0132534,8950,7662,Santol Street
fiyst,14.6104496,121.0132646,14.6100831,121.0133006,8950,2920,Santol Street
pt0fb9,14.6129429,121.0125748,14.6125929,121.0126858,8953,2404,Santol Street
pt0fb9,14.6129429,121.0125748,14.61414,121.0121971,8953,2991,Santol Street
12hp2q,14.638876,121.0290676,14.639701,121.0304028,8961,10835,Quezon Avenue
6m24vg,14.6390167,121.028945,14.6389208,121.0287893,8962,12143,Quezon Avenue
6m24vg,14.6390167,121.028945,14.638876,121.0290676,8962,8961,"Primary Link Road (8962, 8961)"
afle1j,14.6412531,121.0329215,14.6423486,121.0346647,8963,9573,Quezon Avenue
pcxi18,14.6450379,121.0477134,14.6413061,121.0468674,8964,9949,East Avenue
ra62r4,14.6472782,121.0705185,14.6482663,121.0731243,8965,7284,Carlos P. Garcia Avenue
ra62r4,14.6472782,121.0705185,14.6472033,121.068968,8965,224,Carlos P. Garcia Avenue
6wdmi5,14.6498647,121.0465473,14.6476654,121.0429551,8966,9688,Quezon Avenue
z50x2,14.6410973,121.0468185,14.6380048,121.0461124,8970,7737,East Avenue
ttqs1r,14.623761,121.043777,14.6242479,121.0428284,8971,3001,E. Rodriguez Sr. Avenue
ttqs1r,14.623761,121.043777,14.6231089,121.045048,8971,1070,E. Rodriguez Sr. Avenue
wxqdx8,14.6290797,121.0296144,14.6295586,121.0297238,8972,1025,Scout Tobias Street
wxqdx8,14.6290797,121.0296144,14.6285879,121.0295021,8972,1030,Scout Tobias Street
5nkmwg,14.6597733,121.0762743,14.6596976,121.0761145,8986,8821,Mactan Street
vs4v5r,14.6597733,121.0762743,14.6622221,121.0751023,8986,10148,Tandang Sora Avenue
sh5dat,14.7301069,121.0442086,14.7308344,121.0456792,8987,8745,Quirino Highway
i0435x,14.66101,121.0643419,14.6631782,121.0676619,8992,10160,Commonwealth Avenue
arv1os,14.6935321,121.0558572,14.6934169,121.0564852,9000,3311,Sauyo Road
arv1os,14.6935321,121.0558572,14.6936066,121.0554969,9000,4140,Sauyo Road
arv1os,14.6950165,121.0525855,14.6940937,121.0538276,9002,8720,Sauyo Road
arv1os,14.6950165,121.0525855,14.6951037,121.0515606,9002,9042,Sauyo Road
qooc1s,14.7200778,121.1004069,14.7196607,121.1003879,9023,7374,"Residential Road (9023, 7374)"
qooc1s,14.7200778,121.1004069,14.7226969,121.1038139,9023,6653,Payatas Road
izul1q,14.621422,121.0503372,14.6215848,121.0502586,9030,747,EDSA
ldgkx1,14.6213298,121.0500806,14.6212133,121.0501332,9031,13410,"Residential Road (9031, 13410)"
p2jgu6,14.6167773,121.0524884,14.618171,121.0518211,9036,7714,EDSA
arv1os,14.6951037,121.0515606,14.6950965,121.0496465,9042,12399,Sauyo Road
arv1os,14.6951037,121.0515606,14.6950165,121.0525855,9042,9002,Sauyo Road
unjqc9,14.6764877,121.0420135,14.6763383,121.0426995,9058,4251,Tandang Sora Avenue
9zldax,14.6858473,121.0698446,14.6859798,121.0698383,9063,8836,Luzon Avenue
9zldax,14.6858473,121.0698446,14.6843636,121.0698645,9063,3368,Luzon Avenue
8tus2i,14.6999736,121.0872363,14.7013873,121.0866926,9065,6384,Commonwealth Avenue
jnn9fv,14.6441934,121.0372887,14.6440036,121.037414,9067,6959,EDSA
8sr8mc,14.6441934,121.0372887,14.6425872,121.03468,9067,6924,Quezon Avenue
rwxwik,14.6858718,121.0867939,14.6859114,121.08681,9068,12497,"Residential Road (9068, 12497)"
qr7b9l,14.6958398,121.0875186,14.6968016,121.0875252,9069,2934,Commonwealth Avenue
4hrs8c,14.6577779,121.0199523,14.6577689,121.0193829,9070,7515,EDSA
gd66mh,14.6577779,121.0199523,14.6582077,121.0198292,9070,9654,Congressional Avenue
st2gxh,14.6140476,121.053468,14.613561,121.0536039,9071,1870,EDSA
8q8p2n,14.6140476,121.053468,14.6090813,121.055744,9071,9695,EDSA
cu8t3c,14.6877249,121.0922449,14.6890279,121.0936184,9080,7758,Batasan Road
hhpqg5,14.6910793,121.0270682,14.6905716,121.0275955,9107,13164,"Residential Road (9107, 13164)"
y5272g,14.6798541,121.0204229,14.6795551,121.0224095,9109,3638,Tandang Sora Avenue
yrku05,14.690577,121.0279178,14.6906334,121.0278537,9110,9580,Mindanao Avenue
yn8lfl,14.686699,121.0316843,14.6879598,121.0311628,9112,3315,Mindanao Avenue
o6pg2w,14.6866458,121.0314964,14.6865274,121.0315188,9113,12363,Mindanao Avenue
i1tzfs,14.7283897,121.1174605,14.7278908,121.1172251,9164,9162,Payatas Road
i1tzfs,14.7286086,121.1175306,14.7283897,121.1174605,9165,9164,Payatas Road
i1tzfs,14.7288965,121.1176217,14.7286086,121.1175306,9166,9165,Payatas Road
y5272g,14.6799077,121.0200894,14.6798541,121.0204229,9182,9109,Tandang Sora Avenue
y5272g,14.6799077,121.0200894,14.6800579,121.0191609,9182,7561,Tandang Sora Avenue
g6t3l4,14.6246385,121.0093439,14.6247987,121.0095176,9196,739,Quezon Avenue
21vrl8,14.6247218,121.0092094,14.6245838,121.0090553,9197,8175,Quezon Avenue
kokxrw,14.7019963,121.0893599,14.7008171,121.0885158,9220,61,Payatas Road
qg3cnm,14.69937,121.0916549,14.6989386,121.092081,9224,2943,Batasan Road
y6p2d1,14.6864613,121.089781,14.6837954,121.085486,9231,8411,"Primary Link Road (9231, 8411)"
t0495t,14.6864613,121.089781,14.6865037,121.0894935,9231,11414,Batasan Road
y6p2d1,14.6878667,121.0922015,14.6875939,121.0919272,9243,6810,Batasan Road
xymjot,14.7143366,121.0909554,14.7134459,121.0902325,9277,6427,Payatas Road
xymjot,14.71434,121.091192,14.7143366,121.0909554,9278,9277,Payatas Road
xymjot,14.7143473,121.0916734,14.71434,121.091192,9279,9278,Payatas Road
xymjot,14.7143473,121.0916734,14.7142386,121.0933359,9279,59,Payatas Road
ir33qn,14.6554348,121.0352755,14.6546178,121.0350919,9296,39,Mindanao Avenue
yih268,14.6160698,121.0528257,14.6162922,121.052719,9336,13070,"Residential Road (9336, 13070)"
yyjdul,14.702514,121.0347115,14.7018658,121.0347582,9340,4234,Pablo dela Cruz Street
gbdlhh,14.6055075,121.0790115,14.601829,121.0792221,9346,6985,E. Rodriguez Jr. Avenue
5kp6be,14.6014483,121.0794019,14.6017808,121.0793775,9347,13088,"Residential Road (9347, 13088)"
6v67hs,14.640539,121.0745138,14.6360665,121.0743374,9349,169,Katipunan Avenue
oapsh0,14.6371042,121.0262022,14.6372647,121.0260919,9354,8154,"Primary Road (9354, 8154)"
rm5ad2,14.6371042,121.0262022,14.6373179,121.0265469,9354,7345,Quezon Avenue
q1pki0,14.6370382,121.026104,14.6367117,121.026628,9355,7357,Timog Avenue
rm5ad2,14.6370382,121.026104,14.6371042,121.0262022,9355,9354,Quezon Avenue
8983mp,14.6138599,121.0078868,14.6138894,121.0080743,9357,9358,Bayani Road
8983mp,14.6138599,121.0078868,14.6136882,121.007714,9357,2167,Bayani Road
8983mp,14.6138894,121.0080743,14.6139613,121.008493,9358,2163,Bayani Road
8983mp,14.6138894,121.0080743,14.6138599,121.0078868,9358,9357,Bayani Road
mfzbti,14.7457138,121.0789173,14.7459341,121.0796054,9365,6967,Quirino Highway
pxpemt,14.6476832,121.0646545,14.6477267,121.0650291,9369,226,Carlos P. Garcia Avenue
pxpemt,14.6476832,121.0646545,14.6476804,121.0643844,9369,7285,Carlos P. Garcia Avenue
jg2wv5,14.6304109,121.0742973,14.6305915,121.0742996,9370,9371,Katipunan Avenue
jg2wv5,14.6305915,121.0742996,14.6310917,121.0743016,9371,1226,Katipunan Avenue
fh5i1s,14.6162352,121.0740808,14.6150979,121.073087,9376,6944,Colonel Bonny Serrano Avenue
g78v7q,14.6881295,121.087051,14.6877547,121.0870113,9384,12319,Commonwealth Avenue
qz2m4x,14.6864388,121.0745084,14.6864382,121.0739466,9405,6926,Sampaguita Avenue
89ixv3,14.6864388,121.0745084,14.6857239,121.0745149,9405,6910,Cirillo Street
gsp5pa,14.6239745,121.0314874,14.6232525,121.0289748,9417,15,E. Rodriguez Sr. Avenue
gwuvdp,14.6239745,121.0314874,14.6240165,121.0320125,9417,1082,E. Rodriguez Sr. Avenue
kokxrw,14.7028696,121.0891752,14.7033333,121.088917,9424,6648,Payatas Road
kokxrw,14.7028696,121.0891752,14.7022724,121.089362,9424,7965,Payatas Road
hf0qo1,14.6335693,121.0446183,14.6339032,121.0443959,9429,10122,EDSA
lufa8k,14.6551706,121.0468862,14.6552621,121.0468235,9431,9432,Visayas Avenue
lufa8k,14.6552621,121.0468235,14.6576182,121.0454984,9432,2573,Visayas Avenue
dj2qrf,14.6190113,121.0148277,14.6166587,121.0158313,9434,13014,"Residential Road (9434, 13014)"
hhpqg5,14.6904594,121.0277133,14.6904101,121.0277657,9437,8340,Mindanao Avenue
nhwz09,14.6520357,121.0386376,14.651609,121.0386984,9440,11121,Senator Miriam P. Defensor-Santiago Avenue
lpmq8v,14.5923758,121.0799161,14.593575,121.0798624,9447,11028,E. Rodriguez Jr. Avenue
rhcga0,14.7293637,121.060926,14.7295733,121.061146,9449,10267,Mindanao Avenue
gew589,14.7302775,121.061256,14.7307623,121.0612591,9451,4598,Regalado Highway
rr51ga,14.6691881,121.0757661,14.6679558,121.0740391,9453,10918,Commonwealth Avenue
1btpuw,14.657556,121.0727375,14.6575633,121.0740987,9463,12811,"Residential Road (9463, 12811)"
gb32xs,14.6835189,121.0853786,14.6833958,121.0853243,9465,11670,Commonwealth Avenue
pw9zu2,14.6615934,121.044346,14.6617351,121.044313,9469,7844,Visayas Avenue
c9r5uc,14.6686465,121.0433388,14.6711901,121.0434433,9470,10925,Visayas Avenue
me9aya,14.669632,121.0532248,14.6708975,121.0518196,9471,3620,Tandang Sora Avenue
me9aya,14.669632,121.0532248,14.669213,121.0538765,9471,142,Tandang Sora Avenue
xx5ih1,14.5929439,121.0589388,14.5931803,121.0586597,9475,166,Ortigas Avenue
xx5ih1,14.5929439,121.0589388,14.5928399,121.0588332,9475,7830,"Primary Link Road (9475, 7830)"
hzmvg0,14.6305425,121.0716252,14.6302889,121.0710728,9478,465,Aurora Boulevard
detxi7,14.7067701,121.0646692,14.7086312,121.0627727,9483,2494,Commonwealth Avenue
pxpemt,14.64713,121.0608375,14.6473416,121.0623229,9495,238,Carlos P. Garcia Avenue
pxpemt,14.64713,121.0608375,14.6471743,121.0604847,9495,10107,Carlos P. Garcia Avenue
b7zjlk,14.6430984,121.0353767,14.6425872,121.03468,9497,6924,Quezon Avenue
iw4mn2,14.6427918,121.0355863,14.6418783,121.0361803,9498,8912,Sergeant Esguerra Avenue
he0s08,14.6427918,121.0355863,14.6437595,121.0371639,9498,6920,Quezon Avenue
i7o432,14.6549445,121.0615652,14.6548924,121.0584215,9502,53,University Avenue
i7o432,14.6549445,121.0615652,14.6547853,121.0615716,9502,10932,"Tertiary Link Road (9502, 10932)"
mdjy1e,14.7201309,121.0670923,14.7206448,121.0670901,9526,9527,Ascencion Avenue
ce3nvr,14.7201309,121.0670923,14.7201412,121.0658553,9526,4638,Bristol Street
fpi6tr,14.7206448,121.0670901,14.721087,121.0670881,9527,4586,Ascencion Avenue
mdjy1e,14.7206448,121.0670901,14.7201309,121.0670923,9527,9526,Ascencion Avenue
fpi6tr,14.7238552,121.0670737,14.7215286,121.0670862,9528,4769,Ascencion Avenue
fpi6tr,14.7238552,121.0670737,14.7256967,121.0666141,9528,4731,Ascencion Avenue
ov64o0,14.6423486,121.0346647,14.6474341,121.0429078,9573,10084,Quezon Avenue
vn80sj,14.6423486,121.0346647,14.6425413,121.035061,9573,11333,Quezon Avenue
u8tcz7,14.6424896,121.0345837,14.6414026,121.0328216,9574,11154,Quezon Avenue
sem8f5,14.6424481,121.0745932,14.6411853,121.074538,9577,117,Katipunan Avenue
b8eosa,14.6906334,121.0278537,14.6904594,121.0277133,9580,9437,Quirino Highway
yrku05,14.6906334,121.0278537,14.6907326,121.0277505,9580,13163,"Residential Road (9580, 13163)"
joqo5z,14.6907925,121.0954855,14.6913629,121.096049,9582,7760,Batasan Road
ay80bb,14.6396144,121.0403642,14.6371169,121.0419839,9602,2972,EDSA
a6afvo,14.6383998,121.0414337,14.641266,121.0395831,9603,11295,EDSA
pxpemt,14.6479838,121.0659836,14.6472496,121.0678673,9604,42,Carlos P. Garcia Avenue
pxpemt,14.6479838,121.0659836,14.647959,121.0657812,9604,11019,Carlos P. Garcia Avenue
iwdb2d,14.6539135,121.0716596,14.6539326,121.0726597,9605,7288,M. Roxas Avenue
cyjjhk,14.6322017,121.0740799,14.6320117,121.0740734,9616,12269,Katipunan Avenue
yc3352,14.6384938,121.017274,14.6375088,121.0180436,9617,895,Fernando Poe Jr. Avenue
crpkbs,14.7417587,121.0465264,14.74196,121.046492,9632,6061,Zabarte Road
crpkbs,14.7417587,121.0465264,14.7406753,121.0467537,9632,5153,Zabarte Road
h1x1zk,14.727629,121.0588346,14.7268113,121.0579474,9635,267,Mindanao Avenue
uhd3fj,14.7287884,121.0565574,14.7287243,121.0566013,9640,8734,Belfast Avenue
ma1zm5,14.6806097,121.0694406,14.6805508,121.0694216,9647,3364,Luzon Avenue
ma1zm5,14.6806097,121.0694406,14.6810259,121.0695631,9647,3365,Luzon Avenue
q1dlrf,14.6430864,121.0380242,14.6430325,121.0380583,9653,6922,EDSA
goazyb,14.6582077,121.0198292,14.6588194,121.0198855,9654,12237,Congressional Avenue
lzi5sl,14.6543151,121.0296837,14.6508801,121.0289004,9655,3946,West Avenue
586hqt,14.6546103,121.0346388,14.6545175,121.035069,9661,2533,North Avenue
586hqt,14.6546852,121.034293,14.6546299,121.0345416,9662,11978,North Avenue
g29kmq,14.6427615,121.0267758,14.642693,121.0266326,9663,8148,Del Monte Avenue
kydxig,14.6566335,121.0260239,14.6566591,121.0259071,9665,12059,EDSA
kydxig,14.6570519,121.0240904,14.6577779,121.0199523,9666,9070,EDSA
y391xx,14.6624247,121.0367258,14.66274,121.0367081,9668,12064,Mindanao Avenue
4yrfmo,14.6535818,121.0470085,14.652849,121.0465907,9669,10943,Elliptical Road
e22z3p,14.652058,121.0388248,14.6534142,121.0386729,9670,10051,Senator Miriam P. Defensor-Santiago Avenue
ah4d04,14.6538441,121.0385679,14.6545872,121.03523,9671,862,North Avenue
4fiene,14.6536819,121.0386706,14.6536363,121.0388887,9672,10052,North Avenue
xfwcda,14.6452067,121.0370846,14.6454251,121.0369444,9674,11309,EDSA
jnn9fv,14.6452067,121.0370846,14.6450153,121.0367585,9674,9675,"Primary Link Road (9674, 9675)"
jnn9fv,14.6450153,121.0367585,14.6448874,121.0368409,9675,6958,EDSA
goazyb,14.6604664,121.0200701,14.6618556,121.0202055,9676,859,Congressional Avenue
gs7ii2,14.6337616,121.0451348,14.6334585,121.045019,9682,13290,"Residential Road (9682, 13290)"
3f5uay,14.6164636,121.053576,14.6164389,121.0528018,9683,13013,"Residential Road (9683, 13013)"
3f5uay,14.6164636,121.053576,14.6171209,121.0545992,9683,1261,Pedro Tuazon Boulevard
7ilc9b,14.6213533,121.0483593,14.6203659,121.0467881,9684,3110,"Primary Link Road (9684, 3110)"
12nd2z,14.6213533,121.0483593,14.6211241,121.0492165,9684,13072,"Residential Road (9684, 13072)"
yym9ob,14.6144285,121.0373345,14.6150754,121.0369468,9685,11001,Doña Hemady Street
8fq5n9,14.6466437,121.0412182,14.6463587,121.0407576,9687,9690,Quezon Avenue
1ifu6z,14.6476654,121.0429551,14.6424896,121.0345837,9688,9574,Quezon Avenue
nlh03o,14.6476654,121.0429551,14.646749,121.0412994,9688,9689,Quezon Avenue
izsym5,14.646749,121.0412994,14.6466881,121.0405537,9689,10053,"Primary Link Road (9689, 10053)"
8fq5n9,14.6463587,121.0407576,14.6462749,121.0406132,9690,7739,Quezon Avenue
izsym5,14.6463587,121.0407576,14.6466881,121.0405537,9690,10053,Senator Miriam P. Defensor-Santiago Avenue
wfr4hu,14.6487087,121.050737,14.6488181,121.0509507,9691,9701,Elliptical Road
nh8lpp,14.6487087,121.050737,14.6485859,121.0510262,9691,13403,"Residential Road (9691, 13403)"
o07kzr,14.6467967,121.035691,14.6451774,121.0366503,9692,6921,EDSA
szmnxe,14.6467967,121.035691,14.6417155,121.0390017,9692,6923,EDSA
586hqt,14.6554209,121.0308012,14.6549924,121.0328484,9693,12530,"Residential Road (9693, 12530)"
xx5ih1,14.5928329,121.0590686,14.5937043,121.0588375,9696,43,"Primary Link Road (9696, 43)"
xx5ih1,14.5928329,121.0590686,14.5929439,121.0589388,9696,9475,Ortigas Avenue
z6atj5,14.6537324,121.0526635,14.6532848,121.051969,9698,7486,Commonwealth Avenue
a8u47r,14.6530534,121.0521109,14.65331,121.0525585,9699,12413,Commonwealth Avenue
nh8lpp,14.647287,121.0519439,14.6486207,121.0510719,9700,13433,"Residential Road (9700, 13433)"
nh8lpp,14.6488181,121.0509507,14.6486207,121.0510719,9701,13433,"Residential Road (9701, 13433)"
wfr4hu,14.6488181,121.0509507,14.6490279,121.0512327,9701,12388,Elliptical Road
1ak5wm,14.657443,121.058196,14.6571272,121.0576801,9702,8108,Commonwealth Avenue
ojarst,14.6127492,121.0627345,14.612545,121.0618918,9703,10131,Colonel Bonny Serrano Avenue
1m71na,14.5961834,121.0595758,14.5996358,121.059824,9704,47,EDSA
cr49f1,14.6478414,121.0353655,14.6494834,121.0342732,9705,6953,Vertis North Service Road
xfwcda,14.6478414,121.0353655,14.648434,121.0349167,9705,11987,EDSA
unk0sd,14.6346274,121.0435149,14.633732,121.0441065,9706,10123,EDSA
twye0x,14.6377351,121.0259152,14.6375415,121.0258832,9707,10094,West Avenue
2wzltk,14.6427077,121.0270851,14.6427818,121.0271003,9708,7326,West Avenue
2wzltk,14.6427077,121.0270851,14.6426304,121.0270646,9708,8150,West Avenue
g29kmq,14.6427077,121.0270851,14.6427615,121.0267758,9708,9663,Del Monte Avenue
fbqdr9,14.6458731,121.0278742,14.6456501,121.0277551,9709,7327,West Avenue
fbqdr9,14.6458731,121.0278742,14.6463301,121.0279829,9709,3554,West Avenue
vpq1v2,14.6549377,121.0306512,14.6554209,121.0308012,9710,9693,North Avenue
5xloqk,14.6549377,121.0306512,14.6558087,121.0297067,9710,10147,EDSA
4yrfmo,14.6513589,121.0465813,14.6506391,121.0468246,9711,13006,"Residential Road (9711, 13006)"
9iimor,14.6472109,121.0520477,14.6490279,121.0512327,9712,12388,Kalayaan Avenue
9lcsxf,14.6728555,121.0435455,14.6748961,121.0436675,9713,12109,Visayas Avenue
5nrxv5,14.6644067,121.0712545,14.6644429,121.0714547,9716,10138,Tandang Sora Avenue
5nrxv5,14.6644067,121.0712545,14.6642209,121.0706123,9716,3297,Tandang Sora Avenue
g981x,14.6764645,121.0378758,14.6764674,121.0378245,9717,2734,Tandang Sora Avenue
g981x,14.6764645,121.0378758,14.6765905,121.0384067,9717,400,Tandang Sora Avenue
6ccu6t,14.7347485,121.0674305,14.7337273,121.0674351,9744,7637,S. B. Loop
6ccu6t,14.7347485,121.0674305,14.7354341,121.0674415,9744,4765,Ascencion Avenue
6wv35r,14.6806459,121.0155874,14.6806459,121.0157121,9749,6373,Tandang Sora Avenue Extension
59hsyd,14.6697841,121.010089,14.6699342,121.0102245,9750,8285,Quirino Highway
59hsyd,14.6697841,121.010089,14.6696655,121.0099788,9750,8297,Quirino Highway
nwki8b,14.6713229,121.011522,14.6712209,121.011422,9756,7821,Quirino Highway
nwki8b,14.6713229,121.011522,14.6727279,121.0127341,9756,8326,Quirino Highway
yyjdul,14.7037008,121.0347793,14.7045331,121.0348272,9757,5813,Pablo dela Cruz Street
bzkucx,14.6244073,121.0425092,14.6246535,121.0416551,9791,5241,E. Rodriguez Sr. Avenue
ttqs1r,14.6244073,121.0425092,14.6242479,121.0428284,9791,3001,E. Rodriguez Sr. Avenue
wqqi5f,14.6334763,121.0416488,14.6334311,121.0418618,9792,10990,Timog Avenue
wqqi5f,14.6334763,121.0416488,14.6335478,121.0413167,9792,12890,"Residential Road (9792, 12890)"
wqqi5f,14.6343882,121.0374841,14.6343343,121.0377448,9793,12371,Timog Avenue
wqqi5f,14.6343882,121.0374841,14.6347354,121.035878,9793,9794,Timog Avenue
squ6oe,14.6347354,121.035878,14.6349117,121.0355981,9794,9866,Timog Avenue
wqqi5f,14.6347354,121.035878,14.6343882,121.0374841,9794,9793,Timog Avenue
xqsspa,14.630081,121.0435496,14.6293428,121.0409496,9798,10,Kamuning Road
xqsspa,14.630081,121.0435496,14.6304458,121.0448025,9798,10067,Kamuning Road
bzkucx,14.6246462,121.0400846,14.6246535,121.0416551,9799,5241,E. Rodriguez Sr. Avenue
bzkucx,14.6244964,121.0382839,14.6244248,121.0374542,9800,260,E. Rodriguez Sr. Avenue
bzkucx,14.6244964,121.0382839,14.6246257,121.039841,9800,2435,E. Rodriguez Sr. Avenue
bzkucx,14.6243963,121.0370763,14.6243232,121.0360773,9801,1098,E. Rodriguez Sr. Avenue
bzkucx,14.6243963,121.0370763,14.6244248,121.0374542,9801,260,E. Rodriguez Sr. Avenue
6d71ub,14.6240881,121.0329243,14.6263895,121.0334182,9803,7577,Tomas Morato Avenue
lgql45,14.6240881,121.0329243,14.6241635,121.0339789,9803,12477,"Residential Road (9803, 12477)"
gwuvdp,14.6240881,121.0329243,14.6240165,121.0320125,9803,1082,E. Rodriguez Sr. Avenue
uuh1ck,14.7240393,121.0300109,14.7239548,121.0301961,9808,6316,Llano Road
d9u9gq,14.6542794,121.0479995,14.6551706,121.0468862,9817,9431,Visayas Avenue
4yrfmo,14.6542794,121.0479995,14.6535818,121.0470085,9817,9669,Elliptical Road
27z26a,14.7126467,121.0594622,14.7149637,121.0575344,9850,2806,Commonwealth Avenue
hg40dn,14.660479,121.0199414,14.6582106,121.0197314,9851,7514,Congressional Avenue
2wzltk,14.6380164,121.0260082,14.638456,121.0261115,9860,10075,West Avenue
1tjxk0,14.6317523,121.0171419,14.6317769,121.0175997,9861,7944,"Primary Link Road (9861, 7944)"
oo0svm,14.6317523,121.0171419,14.6312121,121.0163798,9861,8753,Quezon Avenue
44d95g,14.634691,121.0352056,14.6343026,121.035221,9864,8669,Tomas Morato Avenue
mef5rb,14.634691,121.0352056,14.6346406,121.0354316,9864,9865,Scout Memorial Circle
twhsrw,14.6346406,121.0354316,14.6346899,121.0355244,9865,9867,Scout Memorial Circle
twhsrw,14.6349117,121.0355981,14.6350298,121.0355303,9866,9868,Scout Memorial Circle
wqqi5f,14.6346899,121.0355244,14.6347354,121.035878,9867,9794,Timog Avenue
twhsrw,14.6346899,121.0355244,14.6349117,121.0355981,9867,9866,Scout Memorial Circle
twhsrw,14.6350298,121.0355303,14.6350583,121.0352408,9868,10012,Scout Memorial Circle
mef5rb,14.6349868,121.0348321,14.6347571,121.0351532,9869,10010,Timog Avenue
t7o385,14.6349868,121.0348321,14.6353459,121.0332389,9869,393,Timog Avenue
twhsrw,14.6301356,121.0342796,14.6306719,121.0344054,9872,674,Tomas Morato Avenue
twhsrw,14.6301356,121.0342796,14.6296622,121.0341711,9872,676,Tomas Morato Avenue
nirm7s,14.6276044,121.033722,14.6281554,121.0338572,9877,9955,Tomas Morato Avenue
wio7bc,14.6298302,121.0188127,14.6296087,121.0198284,9883,3080,Scout Chuatoco Street
wi67pj,14.6872511,121.0872103,14.6877293,121.0873106,9890,12320,Commonwealth Avenue
joqo5z,14.690075,121.0947374,14.6906535,121.0953411,9899,12379,Batasan Road
g5bojs,14.6441288,121.0377878,14.6442044,121.0377379,9928,6917,EDSA
he0s08,14.6441288,121.0377878,14.644276,121.0380271,9928,10938,Quezon Avenue
jnn9fv,14.6439342,121.0374609,14.6437225,121.0376029,9929,6952,EDSA
he0s08,14.6439342,121.0374609,14.6441029,121.0377447,9929,12458,"Residential Road (9929, 12458)"
39tdbb,14.6991499,121.067581,14.6971279,121.0675796,9933,8595,Regalado Avenue
pcxi18,14.6413061,121.0468674,14.6412266,121.0468488,9949,2984,East Avenue
4fiene,14.6538547,121.0378857,14.6537571,121.0383272,9950,10999,North Avenue
yc3352,14.6404166,121.0164196,14.6406685,121.0164524,9952,11115,Fernando Poe Jr. Avenue
nirm7s,14.6281554,121.0338572,14.6286433,121.0339735,9955,9954,Tomas Morato Avenue
3k9nls,14.6284231,121.0547493,14.6284967,121.0554626,9957,113,Ermin Garcia Street
x22thg,14.6336658,121.0180793,14.6344277,121.0179961,9999,8160,Fernando Poe Jr. Avenue
x22thg,14.6336658,121.0180793,14.6335441,121.0181341,9999,901,Fernando Poe Jr. Avenue
mef5rb,14.6347571,121.0351532,14.634691,121.0352056,10010,9864,Scout Memorial Circle
ry05l,14.6350203,121.0351915,14.6347571,121.0351532,10011,10010,Scout Memorial Circle
t7o385,14.6350203,121.0351915,14.6349868,121.0348321,10011,9869,Timog Avenue
ry05l,14.6350583,121.0352408,14.6350203,121.0351915,10012,10011,Scout Memorial Circle
a6jsk6,14.6270148,121.0335915,14.6272648,121.0336414,10014,10015,Tomas Morato Avenue
d0cpdd,14.6270148,121.0335915,14.6272726,121.0339005,10014,7837,"Secondary Link Road (10014, 7837)"
d0cpdd,14.6272648,121.0336414,14.6272726,121.0339005,10015,7837,Kamuning Road
ny3npi,14.6317743,121.0218517,14.6317159,121.0215802,10017,11139,Mother Ignacia Avenue
viu5x3,14.6317053,121.021222,14.6319763,121.0209941,10018,10025,Don Alejandro Roces Avenue
tqvaqs,14.6317053,121.021222,14.6315486,121.0210267,10018,10023,Roces Rotonda
viu5x3,14.6316931,121.0213884,14.6317053,121.021222,10019,10018,Roces Rotonda
v88j8k,14.6312654,121.0215009,14.6311947,121.0221953,10020,3040,Don Alejandro Roces Avenue
v88j8k,14.6312654,121.0215009,14.6314213,121.0215671,10020,11081,Roces Rotonda
tqvaqs,14.631415,121.0210045,14.6310278,121.0206465,10022,10024,Mother Ignacia Avenue
tqvaqs,14.631415,121.0210045,14.6312044,121.0211436,10022,10016,Roces Rotonda
tqvaqs,14.6315486,121.0210267,14.631415,121.0210045,10023,10022,Roces Rotonda
5p8qu9,14.654139,121.0540444,14.6543395,121.0549191,10026,2572,University Avenue
a8u47r,14.654139,121.0540444,14.6552973,121.0557616,10026,10162,Commonwealth Avenue
wfr4hu,14.648545,121.0493294,14.6487087,121.050737,10027,9691,Elliptical Road
pcxi18,14.6490675,121.0481509,14.6450379,121.0477134,10028,8964,East Avenue
k28pnt,14.6490675,121.0481509,14.648545,121.0493294,10028,10027,Elliptical Road
ciyslk,14.6473144,121.0429032,14.6475083,121.0432283,10039,12420,"Residential Road (10039, 12420)"
nhwz09,14.6534367,121.0384867,14.6525169,121.0385804,10050,11159,Senator Miriam P. Defensor-Santiago Avenue
e22z3p,14.6534142,121.0386729,14.6536819,121.0386706,10051,9672,Senator Miriam P. Defensor-Santiago Avenue
e22z3p,14.6534142,121.0386729,14.6536363,121.0388887,10051,10052,"Primary Link Road (10051, 10052)"
q4og8k,14.6536363,121.0388887,14.6521457,121.0455942,10052,13569,"Residential Road (10052, 13569)"
e22z3p,14.6466881,121.0405537,14.6471546,121.0403282,10053,13425,"Residential Road (10053, 13425)"
ksorpy,14.61992,121.0459446,14.6180879,121.0448977,10062,3107,N. Domingo Street
2ctmmu,14.61992,121.0459446,14.620322,121.0471219,10062,1129,Aurora Boulevard
h6e4fb,14.6200296,121.0459215,14.6198651,121.0453884,10063,10065,Aurora Boulevard
xtqvru,14.6202634,121.0465828,14.6200296,121.0459215,10064,10063,Aurora Boulevard
h6e4fb,14.6198651,121.0453884,14.6194217,121.0440909,10065,3019,Aurora Boulevard
xqsspa,14.6304458,121.0448025,14.630081,121.0435496,10067,9798,Kamuning Road
unk0sd,14.6334086,121.0443175,14.6331285,121.044514,10068,7749,EDSA
unk0sd,14.6334086,121.0443175,14.63302,121.0442792,10068,2767,"Primary Link Road (10068, 2767)"
u57r57,14.6090338,121.0171297,14.6105212,121.0170515,10070,12297,Gregorio Araneta Avenue
u57r57,14.6090338,121.0171297,14.6109464,121.0170738,10070,12298,"Motorway Link Road (10070, 12298)"
df1veg,14.606241,121.0179864,14.605657,121.0185708,10071,66,Gregorio Araneta Avenue
2wzltk,14.638456,121.0261115,14.6380164,121.0260082,10075,9860,West Avenue
2wzltk,14.638456,121.0261115,14.6388479,121.0262022,10075,8165,West Avenue
4n7z7,14.6555622,121.0308057,14.6558087,121.0297067,10082,10147,North Avenue
lwvwlf,14.646349,121.0412783,14.6474341,121.0429078,10083,10084,Quezon Avenue
ndsyly,14.646349,121.0412783,14.6473144,121.0429032,10083,10039,Quezon Avenue
ov64o0,14.6474341,121.0429078,14.6475324,121.0430671,10084,12419,"Primary Link Road (10084, 12419)"
8puaj4,14.6459445,121.0400834,14.644394,121.0376169,10085,6918,Quezon Avenue
svy5xi,14.6459445,121.0400834,14.6446657,121.0379134,10085,6919,Quezon Avenue
8puaj4,14.6460949,121.0403316,14.6459445,121.0400834,10086,10085,Quezon Avenue
8fq5n9,14.6466264,121.0403905,14.6460949,121.0403316,10087,10086,"Primary Link Road (10087, 10086)"
nhwz09,14.6466264,121.0403905,14.6462749,121.0406132,10087,7739,Senator Miriam P. Defensor-Santiago Avenue
3pqrvd,14.6458689,121.0409536,14.6441401,121.0424772,10089,3173,Senator Miriam P. Defensor-Santiago Avenue
ys6mi,14.6458442,121.0404845,14.6460522,121.0408097,10090,7740,Quezon Avenue
4yrfmo,14.6496201,121.0475085,14.6494052,121.0477284,10092,37,Elliptical Road
twye0x,14.6375415,121.0258832,14.6368873,121.0255026,10094,898,"Primary Link Road (10094, 898)"
twye0x,14.6375415,121.0258832,14.6371967,121.0259865,10094,8153,West Avenue
2wzltk,14.6424763,121.0270282,14.6426304,121.0270646,10095,8150,West Avenue
2wzltk,14.6424763,121.0270282,14.6403635,121.0265446,10095,462,West Avenue
fj3gvu,14.6540242,121.0728237,14.6561608,121.0727553,10096,27,"Osmeña Avenue, M. Roxas Avenue"
iwdb2d,14.653821,121.0649568,14.6538697,121.0686228,10097,28,M. Roxas Avenue
c94y7z,14.6095839,121.0428448,14.6076157,121.039202,10100,8576,Santolan Road
j16rw3,14.6095839,121.0428448,14.6096503,121.0429708,10100,10237,Santolan Road
pxpemt,14.6471743,121.0604847,14.64713,121.0608375,10107,9495,Carlos P. Garcia Avenue
pxpemt,14.6471743,121.0604847,14.6472663,121.0602408,10107,41,Carlos P. Garcia Avenue
pycz4o,14.647654,121.0742947,14.6470871,121.0742847,10109,7399,Katipunan Avenue
fzpgaw,14.630804,121.0460206,14.6309842,121.046646,10121,2799,Kamias Road
g1fcpp,14.630804,121.0460206,14.6306965,121.0456745,10121,44,"Kamuning Road, Kamias Road"
ylkxr0,14.630804,121.0460206,14.6317936,121.0455552,10121,8615,EDSA
hf0qo1,14.6339032,121.0443959,14.6351585,121.0435568,10122,7673,EDSA
unk0sd,14.633732,121.0441065,14.6334086,121.0443175,10123,10068,EDSA
1z1zt9,14.6103083,121.0526745,14.6102291,121.0523463,10126,1874,Colonel Bonny Serrano Avenue
1z1zt9,14.6103083,121.0526745,14.6104188,121.0531318,10126,10127,Colonel Bonny Serrano Avenue
1z1zt9,14.6104188,121.0531318,14.6103083,121.0526745,10127,10126,Colonel Bonny Serrano Avenue
1z1zt9,14.6104188,121.0531318,14.6106608,121.0541309,10127,10227,Colonel Bonny Serrano Avenue
bgumxs,14.613608,121.0663098,14.6153193,121.0655614,10128,1241,20th Avenue
z9njde,14.6130664,121.0640697,14.6129621,121.0636503,10129,10130,Colonel Bonny Serrano Avenue
z9njde,14.6129621,121.0636503,14.6127492,121.0627345,10130,9703,Colonel Bonny Serrano Avenue
ojarst,14.612545,121.0618918,14.6123337,121.0610227,10131,10132,Colonel Bonny Serrano Avenue
eddbyb,14.6123337,121.0610227,14.6121293,121.060171,10132,10133,Colonel Bonny Serrano Avenue
vgk9tt,14.6123337,121.0610227,14.6143017,121.0601599,10132,1252,13th Avenue
eddbyb,14.6121293,121.060171,14.6120153,121.0596846,10133,10137,Colonel Bonny Serrano Avenue
eddbyb,14.6114389,121.0572248,14.6112811,121.056597,10134,10226,Colonel Bonny Serrano Avenue
eddbyb,14.6117418,121.0585176,14.6115931,121.0578829,10135,10225,Colonel Bonny Serrano Avenue
eddbyb,14.611896,121.0591756,14.6117418,121.0585176,10136,10135,Colonel Bonny Serrano Avenue
eddbyb,14.6120153,121.0596846,14.611896,121.0591756,10137,10136,Colonel Bonny Serrano Avenue
5nrxv5,14.6644429,121.0714547,14.6644067,121.0712545,10138,9716,Tandang Sora Avenue
4os12u,14.6643314,121.0722128,14.6640774,121.0726618,10139,10149,Tandang Sora Avenue
xoc2m6,14.6645867,121.0714547,14.6644429,121.0714547,10140,10138,"Primary Link Road (10140, 10138)"
vrrslw,14.6649477,121.0702681,14.665208,121.07063,10141,10154,Commonwealth Avenue
xoc2m6,14.6648199,121.071439,14.6647885,121.0708569,10142,8715,"Primary Link Road (10142, 8715)"
9a9ks3,14.6654589,121.0709662,14.6661136,121.0719416,10143,7723,Commonwealth Avenue
4os12u,14.6679832,121.0687741,14.6643314,121.0722128,10145,10139,"Tandang Sora Avenue, Luzon Avenue"
5nrxv5,14.6640238,121.0699281,14.6642209,121.0706123,10146,3297,Tandang Sora Avenue
5nrxv5,14.6640238,121.0699281,14.663953,121.0688648,10146,10245,Tandang Sora Avenue
sc1xp1,14.6558087,121.0297067,14.6560616,121.0285948,10147,12562,"Residential Road (10147, 12562)"
vs4v5r,14.6622221,121.0751023,14.6631745,121.0743669,10148,8730,Tandang Sora Avenue
vs4v5r,14.6622221,121.0751023,14.6631745,121.0743669,10148,8730,Tandang Sora Avenue
lv40pv,14.6640774,121.0726618,14.663992,121.072831,10149,10150,Tandang Sora Avenue
8lb6tb,14.663992,121.072831,14.6596976,121.0761145,10150,8821,Tandang Sora Avenue
e83z9h,14.6640496,121.0679914,14.6645461,121.0674542,10152,403,Tandang Sora Avenue
daupag,14.6644014,121.0686781,14.6641464,121.0683387,10153,10948,Commonwealth Avenue
vrrslw,14.665208,121.07063,14.6654589,121.0709662,10154,10143,Commonwealth Avenue
32xiqd,14.6632073,121.0667275,14.66292,121.0664312,10156,8796,Commonwealth Avenue
32xiqd,14.6639874,121.0680958,14.66292,121.0664312,10159,8796,Commonwealth Avenue
i0435x,14.6631782,121.0676619,14.663953,121.0688648,10160,10245,Commonwealth Avenue
56h2u6,14.6572628,121.0586886,14.6580788,121.0599407,10161,10306,Commonwealth Avenue
56h2u6,14.6552973,121.0557616,14.6565085,121.057585,10162,10163,Commonwealth Avenue
56h2u6,14.6565085,121.057585,14.6572628,121.0586886,10163,10161,Commonwealth Avenue
arv1os,14.6950966,121.0495621,14.6950965,121.0496465,10177,12399,Sauyo Road
arv1os,14.6950966,121.0495621,14.6950952,121.0493516,10177,3310,Sauyo Road
kymbre,14.6667768,121.0722564,14.665618,121.070473,10209,13367,"Residential Road (10209, 13367)"
e83z9h,14.6674707,121.058352,14.6679087,121.0565091,10221,7962,Tandang Sora Avenue
e83z9h,14.6674707,121.058352,14.6664645,121.0621501,10221,12814,"Residential Road (10221, 12814)"
z9njde,14.6131854,121.0645486,14.6130664,121.0640697,10223,10129,Colonel Bonny Serrano Avenue
eddbyb,14.6115931,121.0578829,14.6114389,121.0572248,10225,10134,Colonel Bonny Serrano Avenue
eddbyb,14.6112811,121.056597,14.6111215,121.0559386,10226,10235,Colonel Bonny Serrano Avenue
1z1zt9,14.6106608,121.0541309,14.6108209,121.0547141,10227,13059,"Residential Road (10227, 13059)"
1z1zt9,14.6106608,121.0541309,14.6104188,121.0531318,10227,10127,Colonel Bonny Serrano Avenue
i1ji22,14.6086864,121.0459073,14.608939,121.0469243,10228,10229,Colonel Bonny Serrano Avenue
i1ji22,14.608939,121.0469243,14.6086864,121.0459073,10229,10228,Colonel Bonny Serrano Avenue
i1ji22,14.608939,121.0469243,14.609092,121.0475866,10229,10230,Colonel Bonny Serrano Avenue
i1ji22,14.609092,121.0475866,14.608939,121.0469243,10230,10229,Colonel Bonny Serrano Avenue
i1ji22,14.609092,121.0475866,14.6091441,121.0477992,10230,10231,Colonel Bonny Serrano Avenue
i1ji22,14.6091441,121.0477992,14.609092,121.0475866,10231,10230,Colonel Bonny Serrano Avenue
i1ji22,14.6091441,121.0477992,14.6092755,121.0483294,10231,10232,Colonel Bonny Serrano Avenue
i1ji22,14.6092755,121.0483294,14.6091441,121.0477992,10232,10231,Colonel Bonny Serrano Avenue
i1ji22,14.6092755,121.0483294,14.6095204,121.0494407,10232,10233,Colonel Bonny Serrano Avenue
i1ji22,14.6095204,121.0494407,14.6092755,121.0483294,10233,10232,Colonel Bonny Serrano Avenue
i1ji22,14.6095204,121.0494407,14.6096748,121.0500514,10233,10236,Colonel Bonny Serrano Avenue
1z1zt9,14.6098262,121.0506784,14.6102291,121.0523463,10234,1874,Colonel Bonny Serrano Avenue
1z1zt9,14.6098262,121.0506784,14.6096748,121.0500514,10234,10236,Colonel Bonny Serrano Avenue
1z1zt9,14.6098262,121.0506784,14.6097701,121.0507016,10234,11174,General Castañeda Street
eddbyb,14.6111215,121.0559386,14.6109504,121.0552177,10235,1331,Colonel Bonny Serrano Avenue
i1ji22,14.6096748,121.0500514,14.6095204,121.0494407,10236,10233,Colonel Bonny Serrano Avenue
1z1zt9,14.6096748,121.0500514,14.6098262,121.0506784,10236,10234,Colonel Bonny Serrano Avenue
j16rw3,14.6096503,121.0429708,14.6095839,121.0428448,10237,10100,Santolan Road
2z6zwy,14.6096503,121.0429708,14.6095823,121.043249,10237,7752,Colonel Bonny Serrano Avenue
fhjw0r,14.6144519,121.0747982,14.612948,121.0751704,10239,6987,E. Rodriguez Jr. Avenue
4idlh5,14.6153863,121.0707035,14.6173158,121.0714615,10240,8084,Katipunan Avenue
vrrslw,14.663953,121.0688648,14.6649477,121.0702681,10245,10141,Commonwealth Avenue
5nrxv5,14.663953,121.0688648,14.6640238,121.0699281,10245,10146,Tandang Sora Avenue
a991bc,14.73224,121.0353728,14.7326774,121.0351245,10255,6189,Susano Road
a991bc,14.73224,121.0353728,14.7321292,121.0354357,10255,6173,Susano Road
iw5fon,14.7104711,121.0610111,14.7106079,121.0611414,10257,11051,Regalado Highway
oc6h72,14.7104711,121.0610111,14.7085296,121.0626451,10257,2495,Commonwealth Avenue
27z26a,14.710857,121.0611551,14.7107061,121.0610596,10259,730,Regalado Highway
iw5fon,14.7111595,121.0611586,14.710857,121.0611551,10260,10259,Regalado Highway
j5gshs,14.7296727,121.0612523,14.7298501,121.0612534,10268,268,Regalado Highway
h1x1zk,14.729751,121.0611451,14.7287675,121.06007,10269,4594,Mindanao Avenue
gew589,14.729751,121.0611451,14.7307634,121.0611399,10269,12352,Regalado Highway
gew589,14.7309216,121.0611391,14.7316236,121.0611356,10270,12248,Regalado Highway
gew589,14.731846,121.0611344,14.7319366,121.0611343,10271,11975,Regalado Highway
iw5fon,14.7107531,121.061212,14.7111598,121.0612171,10272,2981,Regalado Highway
gew589,14.7346996,121.0612088,14.7348269,121.0612088,10273,4575,Regalado Highway
jaklst,14.7353341,121.0612074,14.7352905,121.0590524,10274,96,Quirino Highway
c3ypq4,14.7355364,121.0674403,14.7354674,121.0633458,10275,11805,Quirino Highway
yhn7ha,14.7355468,121.0680924,14.7355364,121.0674403,10276,10275,Quirino Highway
yhn7ha,14.7356186,121.0693868,14.735547,121.068151,10277,12502,"Residential Road (10277, 12502)"
yhn7ha,14.7365568,121.0704333,14.7356186,121.0693868,10278,10277,Quirino Highway
yhn7ha,14.7387068,121.0734548,14.7365568,121.0704333,10279,10278,Quirino Highway
cwegsg,14.740927,121.0754305,14.7387565,121.0735121,10280,13353,"Residential Road (10280, 13353)"
518v7b,14.6729676,121.0254073,14.6711808,121.0251812,10287,2683,General Avenue
iktbsr,14.6389492,121.00703,14.6391829,121.0068863,10297,12325,Skyway
iktbsr,14.6389492,121.00703,14.6431545,121.0059295,10297,10302,Skyway
fmr1sq,14.6388202,121.0069759,14.6364651,121.0086416,10298,11006,Skyway
fmr1sq,14.6428841,121.005785,14.6388202,121.0069759,10299,10298,Skyway
iktbsr,14.6428841,121.005785,14.6388202,121.0069759,10299,10298,Skyway
aenpia,14.6221972,121.0516995,14.6228624,121.0530901,10305,12283,Aurora Boulevard
ik6hh4,14.6580788,121.0599407,14.66101,121.0643419,10306,8992,Commonwealth Avenue
ma1zm5,14.6789917,121.0693418,14.6775931,121.0692878,10315,7638,Luzon Avenue
ma1zm5,14.6804495,121.0693891,14.6805508,121.0694216,10317,3364,Luzon Avenue
ma1zm5,14.6804495,121.0693891,14.6794926,121.0692712,10317,3363,Luzon Avenue
ma1zm5,14.6813937,121.0695878,14.6817618,121.0696045,10331,5299,Luzon Avenue
ma1zm5,14.6813937,121.0695878,14.6812693,121.0695821,10331,3366,Luzon Avenue
9zldax,14.6818014,121.0696065,14.6821688,121.0696715,10332,5300,Luzon Avenue
mcez6h,14.7268907,121.0384153,14.7266391,121.0385586,10360,8333,Susano Road
mcez6h,14.7268907,121.0384153,14.7281085,121.0377221,10360,5585,Susano Road
27z26a,14.7108253,121.0609609,14.7126467,121.0594622,10371,9850,Commonwealth Avenue
pmmiwi,14.7104833,121.061238,14.7106079,121.0611414,10372,11051,Commonwealth Avenue
pmmiwi,14.7104833,121.061238,14.7107531,121.061212,10372,10272,"Primary Link Road (10372, 10272)"
uvthha,14.7218452,121.0395294,14.7218699,121.0388384,10375,408,General Luis Street
41tduf,14.7218452,121.0395294,14.7252917,121.0389066,10375,5428,Susano Road
4endy,14.6773503,121.0352603,14.6777848,121.0352845,10380,3905,Banlat Road
teiobk,14.6773503,121.0352603,14.6767189,121.0351385,10380,4042,Banlat Road
vkebaj,14.6892045,121.0291512,14.6890716,121.0294396,10395,7559,Mindanao Avenue
7ojahc,14.7262471,121.0249475,14.7263076,121.0248779,10398,7904,Llano Road
7ojahc,14.7262471,121.0249475,14.7257342,121.0256165,10398,6339,Llano Road
7ojahc,14.7255311,121.0258266,14.7257342,121.0256165,10399,6339,Llano Road
7ojahc,14.7252736,121.0260525,14.7255311,121.0258266,10401,10399,Llano Road
7ojahc,14.7252736,121.0260525,14.724708,121.0265813,10401,7897,Llano Road
52i85u,14.7083978,121.0301467,14.7089896,121.0295101,10435,4236,Pablo dela Cruz Street
52i85u,14.7083978,121.0301467,14.7080388,121.0306402,10435,7640,Pablo dela Cruz Street
v0l0dc,14.7202543,121.0194967,14.7200663,121.0202282,10439,7110,General Luis Street
xmwq15,14.7139984,121.0206984,14.7131069,121.0207816,10440,10442,Katipunan Extension
f1mbz1,14.7130205,121.0208331,14.713112,121.0208803,10441,10443,Katipunan Extension
1xo6cf,14.7130205,121.0208331,14.7116752,121.0209417,10441,5885,"Katipunan Avenue, Katipunan Extension"
xmwq15,14.7131069,121.0207816,14.7130205,121.0208331,10442,10441,Katipunan Extension
f1mbz1,14.713112,121.0208803,14.7140029,121.0207975,10443,8668,Katipunan Extension
ci6ljj,14.7166552,121.0207921,14.7170731,121.0208499,10444,10445,Katipunan Extension
ci6ljj,14.7170731,121.0208499,14.7175982,121.0209225,10445,11048,Katipunan Extension
a8z12x,14.7065391,121.0385466,14.7058189,121.0382299,10449,2438,Quirino Highway
a8z12x,14.7065391,121.0385466,14.7067177,121.0386197,10449,5639,Quirino Highway
wyx8bv,14.7007282,121.0884299,14.7003187,121.0880872,10528,11349,Payatas Road
9r2ldb,14.6984335,121.0926083,14.6981818,121.092867,10554,10558,Batasan Road
9r2ldb,14.6981818,121.092867,14.6972244,121.0938795,10558,6741,Batasan Road
2r032a,14.6966227,121.0945284,14.6958539,121.0953282,10607,733,Batasan Road
xymjot,14.714814,121.0965878,14.7148359,121.0976505,10674,4157,Payatas Road
xymjot,14.714814,121.0965878,14.714736,121.0960237,10674,6470,Payatas Road
xymjot,14.7137796,121.0946705,14.7137857,121.0944137,10693,57,Payatas Road
xymjot,14.7137796,121.0946705,14.714736,121.0960237,10693,6470,Payatas Road
6baqkv,14.7064225,121.069344,14.7064238,121.0694319,10717,153,Commonwealth Avenue
l96xxi,14.7064225,121.069344,14.7056933,121.0693009,10717,8598,Regalado Avenue
qg3cnm,14.6998731,121.0879585,14.6999296,121.0881882,10750,12155,Batasan Road
p00ucy,14.7050947,121.0818245,14.7051435,121.0812337,10754,4333,Commonwealth Avenue
dekqcp,14.7050778,121.0819366,14.7050861,121.0818816,10755,4154,Commonwealth Avenue
yz4fuq,14.7047117,121.0818804,14.704652,121.0821882,10756,54,Commonwealth Avenue
yz4fuq,14.7047393,121.0817377,14.7047274,121.0818015,10757,8220,Commonwealth Avenue
mia5yq,14.6820848,121.0795103,14.6826099,121.0791687,10785,2343,Holy Spirit Drive
mia5yq,14.6820848,121.0795103,14.6808403,121.0802785,10785,2365,Holy Spirit Drive
x2yp65,14.67716,121.0829924,14.677761,121.0832922,10790,2293,Commonwealth Avenue
yz4fuq,14.7052974,121.0738486,14.7051119,121.0746957,10794,4904,Commonwealth Avenue
vaju3,14.706415,121.065424,14.7064212,121.0672232,10797,3429,Commonwealth Avenue
lnzxl1,14.5954985,121.0594219,14.5961834,121.0595758,10813,9704,EDSA
p2jgu6,14.616718,121.0525169,14.6167773,121.0524884,10815,9036,EDSA
beo5th,14.6867988,121.0873507,14.6865029,121.0885867,10817,11435,Batasan Road
iw4mn2,14.6423819,121.0348856,14.6425413,121.035061,10821,11333,"Primary Link Road (10821, 11333)"
wum4h5,14.6511367,121.0591362,14.6473967,121.0600849,10822,6997,Carlos P. Garcia Avenue
wum4h5,14.6511367,121.0591362,14.654732,121.0584235,10822,165,Carlos P. Garcia Avenue
crpkbs,14.7397147,121.0469506,14.7395604,121.0469846,10823,5148,Zabarte Road
hmzobh,14.7253384,121.0488743,14.7262231,121.0481447,10824,11759,Commonwealth Avenue
o0y6s2,14.7237126,121.0500325,14.7228148,121.0507977,10825,150,Commonwealth Avenue
axtcvk,14.723807,121.0501526,14.724705,121.0494031,10826,7801,Commonwealth Avenue
h6m7qe,14.7194387,121.0223918,14.7194509,121.0223104,10828,7603,General Luis Street
h6m7qe,14.7194387,121.0223918,14.7193895,121.022699,10828,7170,General Luis Street
12hp2q,14.639701,121.0304028,14.6412531,121.0329215,10835,8963,Quezon Avenue
n206lh,14.7371375,121.0475124,14.736548,121.0476408,10836,6171,Zabarte Road
27c94u,14.7371375,121.0475124,14.7384492,121.0472269,10836,6070,Zabarte Road
8st1go,14.7100974,121.0286868,14.7099598,121.0288525,10853,5796,Pablo dela Cruz Street
46fgxn,14.7100974,121.0286868,14.7105423,121.0282491,10853,5878,Pablo dela Cruz Street
ra62r4,14.6483345,121.0741501,14.6482663,121.0731243,10855,7284,Carlos P. Garcia Avenue
r47yy1,14.6930225,121.065141,14.6930278,121.0661133,10876,10881,Republic Avenue
ollh9m,14.6939635,121.0676185,14.693778,121.0675907,10878,4427,Regalado Avenue
l96xxi,14.6939635,121.0676185,14.6954295,121.0676727,10878,4488,Regalado Avenue
r47yy1,14.6930278,121.0661133,14.6930686,121.0669996,10881,4148,Republic Avenue
r47yy1,14.6930278,121.0661133,14.6930225,121.065141,10881,10876,Republic Avenue
rs0tq3,14.6852371,121.0433572,14.6849439,121.0441002,10890,5996,Banlat Road
rs0tq3,14.6852371,121.0433572,14.6850744,121.0429344,10890,5984,Banlat Road
w0feok,14.6144151,121.071068,14.6147468,121.0729691,10891,7271,Colonel Bonny Serrano Avenue
w0feok,14.6143057,121.0706759,14.6144151,121.071068,10892,10891,"Primary Link Road (10892, 10891)"
u2q0mz,14.6145763,121.07016,14.6144961,121.0698466,10893,7708,Colonel Bonny Serrano Avenue
1dpy9l,14.6145269,121.0703186,14.6143265,121.0705957,10896,10895,"Secondary Link Road (10896, 10895)"
y5272g,14.6793763,121.0237573,14.6794445,121.0234806,10903,8099,Tandang Sora Avenue
5qdcws,14.6814332,121.0200206,14.6824324,121.0208406,10905,7608,Quirino Highway
6bum3u,14.6154364,121.074826,14.6161699,121.0748148,10907,7278,E. Rodriguez Jr. Avenue
jc6k40,14.6721015,121.0653684,14.6719668,121.0663198,10910,12209,Congressional Avenue Extension
h4xg5e,14.6722312,121.065388,14.6725756,121.0629677,10911,10913,Congressional Avenue Extension
jc6k40,14.6724482,121.0629641,14.6721347,121.0651293,10912,3290,Congressional Avenue Extension
h4xg5e,14.6725756,121.0629677,14.672786,121.0615415,10913,12194,Congressional Avenue Extension
cwpvyl,14.6728851,121.0600585,14.6726711,121.0614765,10914,7628,Congressional Avenue Extension
7atzb5,14.6730172,121.0600778,14.6734599,121.0572214,10915,7623,Congressional Avenue Extension
7atzb5,14.6739001,121.0541389,14.6739331,121.0536637,10916,7626,Congressional Avenue Extension
cwpvyl,14.6737806,121.0541274,14.6736305,121.0552289,10917,3266,Congressional Avenue Extension
kymbre,14.6679558,121.0740391,14.6667768,121.0722564,10918,10209,Commonwealth Avenue
hpqy24,14.6702966,121.0684935,14.6691205,121.0685557,10921,8809,Luzon Avenue
m3qvqp,14.6703214,121.037438,14.6704441,121.0373826,10922,2723,Jupiter Street
40700i,14.6703214,121.037438,14.6709368,121.0392262,10922,8833,Congressional Avenue
me4ue8,14.668629,121.0432031,14.668544,121.0432,10924,11059,Visayas Avenue
c9r5uc,14.6711901,121.0434433,14.6718921,121.0434804,10925,7630,Visayas Avenue
me4ue8,14.671188,121.0433067,14.6690669,121.0432187,10926,3660,Visayas Avenue
8smxe3,14.6676191,121.043167,14.6648097,121.0434945,10927,11062,Visayas Avenue
rt7ypt,14.6547853,121.0615716,14.6547985,121.0623334,10932,164,University Avenue
i7o432,14.6547853,121.0615716,14.6549445,121.0615652,10932,9502,"Tertiary Link Road (10932, 9502)"
8196qs,14.644276,121.0380271,14.6457439,121.04032,10938,6916,Quezon Avenue
g5bojs,14.6444628,121.0375731,14.6449157,121.0372773,10939,6957,EDSA
ssstwk,14.6444628,121.0375731,14.6442919,121.0372893,10939,12457,"Residential Road (10939, 12457)"
ssstwk,14.6442638,121.0372426,14.6441063,121.0369806,10940,6925,Quezon Avenue
szmnxe,14.6442638,121.0372426,14.6441934,121.0372887,10940,9067,EDSA
3blps8,14.652849,121.0465907,14.6522769,121.0456375,10943,13570,"Residential Road (10943, 13570)"
4yrfmo,14.652849,121.0465907,14.6513589,121.0465813,10943,9711,Elliptical Road
fbqdr9,14.6447824,121.0275624,14.6456501,121.0277551,10946,7327,West Avenue
fbqdr9,14.6447824,121.0275624,14.6427818,121.0271003,10946,7326,West Avenue
daupag,14.6641464,121.0683387,14.6640077,121.0681276,10948,12771,"Residential Road (10948, 12771)"
gb32xs,14.6817271,121.0846139,14.6780613,121.0829773,10959,13366,"Residential Road (10959, 13366)"
3sigs6,14.6984834,121.0336667,14.6988048,121.0338658,10960,11957,Quirino Highway
1074zq,14.6207859,121.05675,14.6197444,121.057406,10979,8930,General Romulo Avenue
5xloqk,14.6505825,121.0335653,14.6508053,121.0333168,10989,11977,EDSA
wqqi5f,14.6334311,121.0418618,14.6334763,121.0416488,10990,9792,Timog Avenue
wqqi5f,14.6334311,121.0418618,14.633242,121.0427486,10990,13369,"Residential Road (10990, 13369)"
vt6e25,14.6950408,121.0314407,14.6941555,121.030843,10992,12622,"Residential Road (10992, 12622)"
vt6e25,14.6963274,121.0322578,14.6956448,121.0318249,10993,12514,"Residential Road (10993, 12514)"
3sigs6,14.696644,121.0324425,14.6963274,121.0322578,10994,10993,Quirino Highway
3sigs6,14.6985219,121.0335973,14.6982934,121.0334627,10995,12549,"Residential Road (10995, 12549)"
b5hwmz,14.6442621,121.0537121,14.6428463,121.0542395,10998,3046,Kalayaan Avenue
s6np33,14.6537571,121.0383272,14.6534367,121.0384867,10999,10050,"Primary Link Road (10999, 10050)"
4fiene,14.6537571,121.0383272,14.6537131,121.0385301,10999,1863,North Avenue
36teyo,14.6150754,121.0369468,14.6164901,121.039349,11001,12309,Aurora Boulevard
46ay89,14.6318936,121.0097062,14.6389492,121.00703,11005,10297,Skyway
qo440q,14.6364651,121.0086416,14.6211458,121.0149994,11006,11172,Skyway
6ymi38,14.6364651,121.0086416,14.632158,121.0093232,11006,8164,"Motorway Link Road (11006, 8164)"
vt6e25,14.6939155,121.0306617,14.6929201,121.0298722,11012,3307,Quirino Highway
pxpemt,14.647959,121.0657812,14.6479838,121.0659836,11019,9604,Carlos P. Garcia Avenue
pxpemt,14.647959,121.0657812,14.6478019,121.0653881,11019,227,Carlos P. Garcia Avenue
wfr4hu,14.6521744,121.0517694,14.6531486,121.0511626,11021,25,Elliptical Road
nu7qsg,14.6521744,121.0517694,14.6529623,121.0519732,11021,728,Commonwealth Avenue
2mdpyu,14.6602747,121.0365228,14.6610711,121.0366498,11025,863,Mindanao Avenue
8nhpju,14.7209515,121.0291207,14.7209028,121.0289928,11047,7111,General Luis Street
8nhpju,14.7209515,121.0291207,14.7211147,121.0295711,11047,5754,General Luis Street
ci6ljj,14.7175982,121.0209225,14.7178949,121.0209635,11048,11049,Katipunan Extension
ci6ljj,14.7178949,121.0209635,14.7185158,121.0210113,11049,7563,Katipunan Extension
27z26a,14.7106079,121.0611414,14.7107061,121.0610596,11051,730,Commonwealth Avenue
iw5fon,14.7106079,121.0611414,14.7107531,121.061212,11051,10272,Regalado Highway
jqlnej,14.6754582,121.0815459,14.6715685,121.0784395,11052,2291,Commonwealth Avenue
x2yp65,14.6750777,121.0817044,14.6757277,121.0821757,11053,7968,Commonwealth Avenue
nmqgkq,14.6664286,121.03259,14.6675378,121.033661,11054,7415,Congressional Avenue
t40kf2,14.6665332,121.0325043,14.6664625,121.0323997,11055,3942,Congressional Avenue
yhb51m,14.6664584,121.0353078,14.6677128,121.0342492,11056,7409,Mindanao Avenue
uepl34,14.6663897,121.0351837,14.6650635,121.035997,11057,8069,Mindanao Avenue
c9r5uc,14.6685403,121.043331,14.6686465,121.0433388,11058,9470,Visayas Avenue
me4ue8,14.668544,121.0432,14.6676191,121.043167,11059,10927,Visayas Avenue
su8wpz,14.6645862,121.0435487,14.6629532,121.0439136,11060,1804,Visayas Avenue
pw9zu2,14.6648298,121.0435982,14.6652748,121.0434945,11061,11114,Visayas Avenue
su8wpz,14.6648097,121.0434945,14.6645862,121.0435487,11062,11060,Visayas Avenue
jezyyx,14.6222497,121.0265365,14.6224433,121.0264195,11067,93,Broadway Avenue
jezyyx,14.6222497,121.0265365,14.6218801,121.0267598,11067,92,Broadway Avenue
wwi3ir,14.6223567,121.026126,14.621947,121.0247365,11068,1085,E. Rodriguez Sr. Avenue
wwi3ir,14.6223567,121.026126,14.6224433,121.0264195,11068,93,E. Rodriguez Sr. Avenue
wwi3ir,14.6223567,121.026126,14.6222497,121.0265365,11068,11067,"Secondary Link Road (11068, 11067)"
ibevbn,14.635568,121.0585336,14.6352578,121.0586322,11069,7581,Anonas Street Extension
nirm1q,14.63503,121.0433372,14.6287874,121.0466633,11072,6989,EDSA
csqvf0,14.63503,121.0433372,14.6346274,121.0435149,11072,9706,EDSA
he4vh1,14.6418843,121.0456961,14.6441825,121.042616,11073,13371,"Residential Road (11073, 13371)"
m2ojj0,14.6047015,121.0580249,14.6091604,121.0559711,11078,7341,EDSA
h6e4fb,14.6188713,121.0431327,14.6182485,121.0420994,11083,3323,Aurora Boulevard
1r6mgk,14.6489076,121.0097544,14.6482712,121.0095145,11093,3339,Kaingin Road
crpkbs,14.7398845,121.0469149,14.7397147,121.0469506,11106,10823,Zabarte Road
crpkbs,14.7398845,121.0469149,14.7405719,121.0467748,11106,6060,Zabarte Road
kohi04,14.6652748,121.0434945,14.6667234,121.0432376,11114,8338,Visayas Avenue
yc3352,14.6406685,121.0164524,14.6409915,121.0164753,11115,11120,Fernando Poe Jr. Avenue
n0b3nt,14.6404453,121.0166892,14.6404963,121.0170725,11116,8454,Del Monte Avenue
hg3c25,14.6404453,121.0166892,14.6404166,121.0164196,11116,9952,Del Monte Avenue
yc3352,14.6404453,121.0166892,14.6406685,121.0164524,11116,11115,"Secondary Link Road (11116, 11115)"
hg3c25,14.6403577,121.016065,14.6401564,121.0163696,11117,11118,"Secondary Link Road (11117, 11118)"
hg3c25,14.6403577,121.016065,14.6403606,121.0159046,11117,12348,Del Monte Avenue
yc3352,14.6401564,121.0163696,14.6398086,121.0164508,11118,8754,Fernando Poe Jr. Avenue
hg3c25,14.6404077,121.0163405,14.6404166,121.0164196,11119,9952,Del Monte Avenue
yc3352,14.6404077,121.0163405,14.6401564,121.0163696,11119,11118,Fernando Poe Jr. Avenue
hg3c25,14.6404077,121.0163405,14.6403577,121.016065,11119,11117,Del Monte Avenue
n8g0u2,14.6409915,121.0164753,14.6437615,121.0169363,11120,896,Fernando Poe Jr. Avenue
yc3352,14.6409915,121.0164753,14.6404077,121.0163405,11120,11119,Fernando Poe Jr. Avenue
nhwz09,14.651609,121.0386984,14.6470775,121.0401615,11121,7727,Senator Miriam P. Defensor-Santiago Avenue
tqvaqs,14.6311387,121.0209712,14.6312044,121.0211436,11137,10016,Mother Ignacia Avenue
viu5x3,14.6317159,121.0215802,14.6319763,121.0209941,11139,10025,"Tertiary Link Road (11139, 10025)"
ny3npi,14.6317159,121.0215802,14.6316931,121.0213884,11139,10019,Mother Ignacia Avenue
1j8z4b,14.607566,121.0391418,14.6071658,121.0387121,11141,8109,Santolan Road
uex9qp,14.6079113,121.0387494,14.6088721,121.0377251,11142,7296,Senator Jose O. Vera Street
uex9qp,14.6079113,121.0387494,14.607566,121.0391418,11142,11141,Senator Jose O. Vera Street
xfvrhx,14.6111022,121.0708381,14.6136706,121.0704852,11143,8089,Katipunan Avenue
vt6e25,14.6930364,121.0300631,14.6941147,121.030904,11145,12621,"Residential Road (11145, 12621)"
nxy5sz,14.6928363,121.0299588,14.6923555,121.030549,11146,3308,Don Julio Gregorio Street
qlnoqy,14.6922779,121.0294063,14.6930364,121.0300631,11147,11145,Quirino Highway
qlnoqy,14.6922779,121.0294063,14.6928363,121.0299588,11147,11146,Quirino Highway
cizdae,14.6574369,121.0016296,14.6574299,121.0007195,11150,853,EDSA
6m24vg,14.6414026,121.0328216,14.639852,121.0303048,11154,11158,Quezon Avenue
juje2n,14.6567722,121.0193779,14.6575223,121.0198308,11157,7658,Fernando Poe Jr. Avenue
6m24vg,14.639852,121.0303048,14.6390167,121.028945,11158,8962,Quezon Avenue
nhwz09,14.6525169,121.0385804,14.6520357,121.0386376,11159,9440,Senator Miriam P. Defensor-Santiago Avenue
i1tzfs,14.7277723,121.1169547,14.7278908,121.1172251,11164,9162,Payatas Road
7472th,14.7277723,121.1169547,14.7270229,121.1148984,11164,63,Payatas Road
o9v80p,14.6211393,121.0151175,14.6301848,121.0116516,11171,12304,Skyway
i9gzj5,14.6211458,121.0149994,14.6190113,121.0148277,11172,9434,Skyway
dekqcp,14.7050312,121.0821212,14.7050778,121.0819366,11173,10755,Commonwealth Avenue
1z1zt9,14.6097701,121.0507016,14.6098262,121.0506784,11174,10234,General Castañeda Street
ldgkx1,14.6197125,121.0507995,14.619127,121.0510709,11183,12244,EDSA
odmq3y,14.6535989,121.0745171,14.6543106,121.0745394,11201,8065,Katipunan Avenue
uz5lj8,14.6473698,121.0744795,14.6475977,121.0744786,11205,11207,Katipunan Avenue
uz5lj8,14.6475977,121.0744786,14.6483357,121.0744934,11207,492,Katipunan Avenue
iw5fon,14.7135991,121.0611602,14.7111595,121.0611586,11231,10260,Regalado Highway
jn9uuh,14.689271,121.0294515,14.6898694,121.0286611,11254,7711,Mindanao Avenue
ui19x1,14.679097,121.0247901,14.6789581,121.0253036,11258,3677,Tandang Sora Avenue
ui19x1,14.6791159,121.0247169,14.679097,121.0247901,11262,11258,Tandang Sora Avenue
y5272g,14.6791159,121.0247169,14.6793763,121.0237573,11262,10903,Tandang Sora Avenue
5qdcws,14.6846066,121.0228441,14.684532,121.02272,11266,7092,Quirino Highway
5qdcws,14.6846066,121.0228441,14.6846846,121.0229774,11266,3862,Quirino Highway
ma1zm5,14.6754345,121.0691914,14.6742862,121.0691509,11269,3586,Luzon Avenue
nxy5sz,14.6919076,121.0319037,14.6917776,121.0322934,11271,7484,Don Julio Gregorio Street
nxy5sz,14.6919076,121.0319037,14.6921141,121.0312962,11271,8376,Don Julio Gregorio Street
t5no4q,14.6573199,121.0041495,14.657326,121.0044929,11288,11289,EDSA
t5no4q,14.657326,121.0044929,14.6574214,121.0109989,11289,2082,EDSA
n8o6pj,14.6686554,121.0227606,14.6690022,121.0233521,11292,2662,Road 20
n8o6pj,14.6686554,121.0227606,14.668514,121.0225177,11292,2686,Road 20
l31h6d,14.641266,121.0395831,14.648434,121.0349167,11295,11987,EDSA
wydjwf,14.641266,121.0395831,14.6432923,121.0383203,11295,11300,EDSA
daupag,14.6648369,121.0693552,14.6644014,121.0686781,11296,10153,Commonwealth Avenue
g5bojs,14.6432923,121.0383203,14.6433821,121.0382606,11300,12459,"Residential Road (11300, 12459)"
g5bojs,14.6432923,121.0383203,14.6430864,121.0380242,11300,9653,"Primary Link Road (11300, 9653)"
xfwcda,14.6454251,121.0369444,14.6478414,121.0353655,11309,9705,EDSA
t0495t,14.6864564,121.089874,14.6864613,121.089781,11328,9231,Batasan Road
fdnn1g,14.69018,121.0946283,14.6901078,121.0945557,11329,7389,Batasan Road
hmzobh,14.7309053,121.0475085,14.7311373,121.0477417,11330,11331,"Primary Link Road (11330, 11331)"
hmzobh,14.7309053,121.0475085,14.731106,121.0475101,11330,7800,Commonwealth Avenue
sh5dat,14.7311373,121.0477417,14.731106,121.0475101,11331,7800,Quirino Highway
sh5dat,14.7311373,121.0477417,14.7316318,121.048711,11331,405,Quirino Highway
iw4mn2,14.642707,121.0354467,14.6427918,121.0355863,11332,9498,Quezon Avenue
vn80sj,14.6425413,121.035061,14.6426432,121.0352335,11333,8800,Quezon Avenue
wyx8bv,14.7003187,121.0880872,14.7000423,121.0881554,11349,12118,"Primary Link Road (11349, 12118)"
wyx8bv,14.7003187,121.0880872,14.6999409,121.0877497,11349,7258,Payatas Road
369k9p,14.7105854,121.0609158,14.7104711,121.0610111,11354,10257,Commonwealth Avenue
uz5lj8,14.6469285,121.074471,14.6482803,121.0743065,11405,13362,"Residential Road (11405, 13362)"
uz5lj8,14.6469285,121.074471,14.6473698,121.0744795,11405,11205,Katipunan Avenue
uo0a97,14.6865037,121.0894935,14.6870434,121.0874316,11414,731,Batasan Road
fivhz6,14.6931193,121.0964151,14.693513,121.0964149,11420,5053,Batasan Road
cu8t3c,14.6865029,121.0885867,14.6863031,121.089904,11435,1221,Batasan Road
d93lrr,14.6912172,121.0874415,14.6926703,121.0874759,11437,6797,Commonwealth Avenue
uuh1ck,14.7239881,121.029041,14.7241912,121.0278229,11477,6326,Llano Road
uuh1ck,14.7239881,121.029041,14.7240393,121.0300109,11477,9808,Llano Road
2z6zwy,14.6086802,121.0456728,14.6087541,121.0451961,11495,1570,Colonel Bonny Serrano Avenue
joqo5z,14.6894962,121.0941362,14.6899657,121.0946252,11507,12380,Batasan Road
rs0tq3,14.6828355,121.0410076,14.6827955,121.0403546,11536,5990,Banlat Road
xp1k0b,14.682755,121.0854659,14.6832683,121.0856982,11548,11669,Commonwealth Avenue
h6m7qe,14.7193728,121.0228157,14.7193895,121.022699,11566,7170,General Luis Street
h6m7qe,14.7193728,121.0228157,14.7193131,121.0232376,11566,6355,General Luis Street
1r6mgk,14.6497489,121.0096964,14.6540449,121.010668,11576,8837,Kaingin Road
1r6mgk,14.6497489,121.0096964,14.6489076,121.0097544,11576,11093,Kaingin Road
41tduf,14.7261039,121.0387402,14.7266391,121.0385586,11590,8333,Susano Road
41tduf,14.7261039,121.0387402,14.7252917,121.0389066,11590,5428,Susano Road
5mnqju,14.6676071,121.0207371,14.6658928,121.0216481,11602,8707,Short Horn Street
5mnqju,14.6676071,121.0207371,14.6682797,121.0203754,11602,2672,Short Horn Street
fdnn1g,14.6914629,121.0959516,14.6909155,121.0953682,11613,1218,Batasan Road
gb32xs,14.682865,121.0850887,14.6817271,121.0846139,11615,10959,Commonwealth Avenue
8983mp,14.6136682,121.007699,14.613421,121.0074962,11641,2415,Bayani Road
hi61cf,14.6829974,121.0385485,14.6828919,121.0398751,11647,3870,Banlat Road
hi61cf,14.6829974,121.0385485,14.6829332,121.03828,11647,3812,Banlat Road
xp1k0b,14.6832683,121.0856982,14.6839883,121.0860169,11669,8410,Commonwealth Avenue
gb32xs,14.6833958,121.0853243,14.682865,121.0850887,11670,11615,Commonwealth Avenue
hmzobh,14.7262231,121.0481447,14.7309053,121.0475085,11759,11330,Commonwealth Avenue
339bkd,14.6711602,121.0370534,14.6716909,121.0368413,11770,2724,Jupiter Street
339bkd,14.6711602,121.0370534,14.6704441,121.0373826,11770,2723,Jupiter Street
wwi3ir,14.6206109,121.0204779,14.6206378,121.0205629,11801,6980,E. Rodriguez Sr. Avenue
wwi3ir,14.6206109,121.0204779,14.6203396,121.01962,11801,6979,E. Rodriguez Sr. Avenue
c3ypq4,14.7354674,121.0633458,14.7353341,121.0612074,11805,10274,Quirino Highway
d0cpdd,14.6274348,121.0343282,14.6274061,121.0342159,11864,12,Kamuning Road
d0cpdd,14.6274348,121.0343282,14.6280248,121.0363848,11864,261,Kamuning Road
fn2rhh,14.6287228,121.0339905,14.6287424,121.0339311,11865,16,Don Alejandro Roces Avenue
twhsrw,14.6287228,121.0339905,14.6291511,121.0340544,11865,678,Tomas Morato Avenue
fn2rhh,14.6286532,121.0340395,14.6287228,121.0339905,11866,11865,Don Alejandro Roces Avenue
idj3bz,14.6368736,121.0254851,14.635415,121.0230513,11880,8617,Quezon Avenue
yc3352,14.6395318,121.0165266,14.6384938,121.017274,11887,9617,Fernando Poe Jr. Avenue
yc3352,14.6395318,121.0165266,14.6398086,121.0164508,11887,8754,Fernando Poe Jr. Avenue
5qdcws,14.6802493,121.0190522,14.6814332,121.0200206,11925,10905,Quirino Highway
5qdcws,14.6802493,121.0190522,14.6800897,121.0189261,11925,7093,Quirino Highway
u0cbyx,14.6290418,121.0325526,14.6291947,121.0318496,11934,252,Don Alejandro Roces Avenue
4qohk2,14.6289565,121.0325315,14.6287079,121.0336911,11935,7838,Don Alejandro Roces Avenue
mby5fh,14.6190127,121.038266,14.6195782,121.0379244,11936,1075,Balete Drive
dkvdfg,14.6096539,121.076972,14.6096683,121.0766106,11948,8379,"Primary Link Road (11948, 8379)"
wwi3ir,14.6203131,121.0195363,14.6203313,121.0195938,11950,12447,"Residential Road (11950, 12447)"
wwi3ir,14.6203131,121.0195363,14.6192012,121.016001,11950,12217,E. Rodriguez Sr. Avenue
3sigs6,14.6988048,121.0338658,14.6989573,121.0339558,11957,13132,"Residential Road (11957, 13132)"
xbj7he,14.6190772,121.015592,14.6192012,121.016001,11963,12217,E. Rodriguez Sr. Avenue
xbj7he,14.6190772,121.015592,14.6189364,121.0149879,11963,7260,E. Rodriguez Sr. Avenue
xbj7he,14.6188255,121.014997,14.6190772,121.015592,11964,11963,E. Rodriguez Sr. Avenue
gew589,14.7319366,121.0611343,14.7346996,121.0612088,11975,10273,Regalado Highway
5xloqk,14.6508053,121.0333168,14.6549377,121.0306512,11977,9710,EDSA
586hqt,14.6546299,121.0345416,14.6546103,121.0346388,11978,9661,North Avenue
5xloqk,14.6504981,121.0336193,14.6505825,121.0335653,11985,10989,EDSA
cr49f1,14.6490914,121.0344794,14.6494834,121.0342732,11986,6953,EDSA
cr49f1,14.6490914,121.0344794,14.6508053,121.0333168,11986,11977,EDSA
cr49f1,14.648434,121.0349167,14.6490914,121.0344794,11987,11986,EDSA
9guzx9,14.7065657,121.0694289,14.7065655,121.069345,12001,12002,Commonwealth Avenue
9guzx9,14.7065655,121.069345,14.7065666,121.0672017,12002,4551,Commonwealth Avenue
ma1zm5,14.6792048,121.0693273,14.6789917,121.0693418,12035,10315,Luzon Avenue
ma1zm5,14.6792048,121.0693273,14.6794926,121.0692712,12035,3363,Luzon Avenue
6aqn68,14.6786234,121.027476,14.6788501,121.0258558,12048,2685,Tandang Sora Avenue
6aqn68,14.6786234,121.027476,14.6782188,121.0294306,12048,4017,Tandang Sora Avenue
sc1xp1,14.6565842,121.0259445,14.6566591,121.0259071,12058,12059,"Trunk Link Road (12058, 12059)"
sc1xp1,14.6566591,121.0259071,14.6570519,121.0240904,12059,9666,EDSA
y391xx,14.66274,121.0367081,14.6639353,121.0365192,12064,864,Mindanao Avenue
e9gyg1,14.6627269,121.0365821,14.6624297,121.0365962,12065,7419,Mindanao Avenue
xtqvru,14.6230493,121.0532173,14.6227906,121.0526744,12069,2473,Aurora Boulevard
u57r57,14.6131373,121.0168889,14.6211393,121.0151175,12071,11171,Skyway
x4tmsu,14.704016,121.0838948,14.7035506,121.0845881,12072,55,Commonwealth Avenue
59hsyd,14.66688,121.0074837,14.6672311,121.007757,12080,13195,"Residential Road (12080, 13195)"
vukrg9,14.7054931,121.0736743,14.7059922,121.0721858,12085,4356,Commonwealth Avenue
rwxwik,14.684294,121.0861534,14.685065,121.0864769,12101,6841,Commonwealth Avenue
9lcsxf,14.6748961,121.0436675,14.6760897,121.043758,12109,2184,Visayas Avenue
641btz,14.6749053,121.0435113,14.6728565,121.043366,12110,2750,Visayas Avenue
qg3cnm,14.7000423,121.0881554,14.6999296,121.0881882,12118,12155,"Primary Link Road (12118, 12155)"
fnfpnd,14.7000423,121.0881554,14.6999409,121.0877497,12118,7258,Batasan Road
ck0do,14.6081211,121.0211611,14.6067568,121.0197187,12123,1749,Aurora Boulevard
nwa5ol,14.6272812,121.0621187,14.6277159,121.0632396,12124,749,Aurora Boulevard
3f5uay,14.6174404,121.0550665,14.6171209,121.0545992,12128,1261,Pedro Tuazon Boulevard
6m24vg,14.6389208,121.0287893,14.6382662,121.0277212,12143,7422,Quezon Avenue
12hp2q,14.6387792,121.0289053,14.638876,121.0290676,12144,8961,Quezon Avenue
12hp2q,14.6387792,121.0289053,14.6389208,121.0287893,12144,12143,"Primary Link Road (12144, 12143)"
qg3cnm,14.6999296,121.0881882,14.7001238,121.0889791,12155,4960,Batasan Road
z6atj5,14.6549164,121.0542273,14.6537324,121.0526635,12161,9698,Commonwealth Avenue
svmmoh,14.6538106,121.0387128,14.6538441,121.0385679,12165,9671,North Avenue
mfzbti,14.7490758,121.0830311,14.7496051,121.0833806,12166,6966,Quirino Highway
wwi3ir,14.6212228,121.0224057,14.6209621,121.0215883,12174,6981,E. Rodriguez Sr. Avenue
yyjdul,14.7036431,121.0347739,14.702514,121.0347115,12177,9340,Pablo dela Cruz Street
a8z12x,14.7083006,121.0389787,14.7084887,121.039013,12183,5575,Quirino Highway
a8z12x,14.7083006,121.0389787,14.7067177,121.0386197,12183,5639,Quirino Highway
aa9j02,14.6006232,121.0635863,14.6001946,121.0617694,12192,8626,White Plains Avenue
wio7bc,14.6298442,121.0187507,14.6301845,121.0172392,12196,2956,Scout Chuatoco Street
ma1zm5,14.6756051,121.0691943,14.6754345,121.0691914,12200,11269,Luzon Avenue
ma1zm5,14.6756051,121.0691943,14.6762091,121.0692193,12200,3426,Luzon Avenue
46ay89,14.6330493,121.0091723,14.6359707,121.0088917,12205,1715,Gregorio Araneta Avenue
jc6k40,14.6719668,121.0663198,14.6702966,121.0684935,12209,10921,"Luzon Avenue, Congressional Avenue Extension"
4uq8hl,14.6667333,121.0698351,14.6669994,121.0696956,12211,3245,Luzon Avenue
xbj7he,14.6192012,121.016001,14.6190772,121.015592,12217,11963,E. Rodriguez Sr. Avenue
wwi3ir,14.6192012,121.016001,14.6203131,121.0195363,12217,11950,E. Rodriguez Sr. Avenue
h39gn3,14.6089326,121.0376766,14.6100842,121.0368028,12226,1571,Senator Jose O. Vera Street
fmr1sq,14.6422284,121.0058852,14.6397777,121.0064587,12232,1575,Gregorio Araneta Avenue
4fiene,14.6541389,121.0367963,14.6540787,121.0370655,12236,12254,North Avenue
goazyb,14.6588194,121.0198855,14.6604664,121.0200701,12237,9676,Congressional Avenue
yhn7ha,14.735626,121.0695511,14.7365007,121.0704895,12239,7065,Quirino Highway
ldgkx1,14.619127,121.0510709,14.6179758,121.0516027,12244,3048,EDSA
axtcvk,14.7249337,121.0492122,14.7253384,121.0488743,12246,10824,Commonwealth Avenue
o0y6s2,14.7248282,121.0490817,14.7246025,121.0492742,12247,2804,Commonwealth Avenue
gew589,14.7316236,121.0611356,14.731846,121.0611344,12248,10271,Regalado Highway
gew589,14.7316228,121.0612644,14.7346996,121.0612088,12249,10273,Regalado Highway
12hp2q,14.6381209,121.0278306,14.6387792,121.0289053,12250,12144,Quezon Avenue
4fiene,14.6540787,121.0370655,14.6538547,121.0378857,12254,9950,North Avenue
4fiene,14.654321,121.0359647,14.6542599,121.0362418,12261,12263,North Avenue
4fiene,14.6542599,121.0362418,14.6541389,121.0367963,12263,12236,North Avenue
glx1j3,14.7218036,121.0395363,14.7195174,121.0398731,12264,5398,Quirino Highway
1x5br6,14.7218497,121.039899,14.7218036,121.0395363,12265,12264,Quirino Highway
1x5br6,14.7218497,121.039899,14.7220192,121.0412305,12265,5407,Quirino Highway
hzmvg0,14.631631,121.0738146,14.6305425,121.0716252,12268,9478,Aurora Boulevard
cyjjhk,14.6320117,121.0740734,14.6317615,121.0740667,12269,121,Katipunan Avenue
hzmvg0,14.6320117,121.0740734,14.631631,121.0738146,12269,12268,"Primary Link Road (12269, 12268)"
wfr4hu,14.6412474,121.046975,14.6449958,121.0478104,12274,3522,East Avenue
u327wu,14.7337212,121.0529089,14.7335815,121.0524542,12284,6246,Quirino Highway
u327wu,14.7337212,121.0529089,14.7338883,121.0534411,12284,8275,Quirino Highway
b7awg4,14.6770239,121.0162771,14.6780433,121.0171886,12288,7595,Quirino Highway
u57r57,14.6105212,121.0170515,14.6114986,121.0170043,12297,1767,Gregorio Araneta Avenue
u57r57,14.6105212,121.0170515,14.6109464,121.0170738,12297,12298,"Motorway Link Road (12297, 12298)"
u57r57,14.6109464,121.0170738,14.6131373,121.0168889,12298,12071,"Motorway Link Road (12298, 12071)"
46ay89,14.6301848,121.0116516,14.6318936,121.0097062,12304,11005,Skyway
46ay89,14.6301848,121.0116516,14.6325807,121.0092901,12304,284,"Motorway Link Road (12304, 284)"
g78v7q,14.6877547,121.0870113,14.6868706,121.0868245,12319,12405,Commonwealth Avenue
wi67pj,14.6877293,121.0873106,14.6912172,121.0874415,12320,11437,Commonwealth Avenue
s1zf5s,14.6730924,121.025477,14.6744714,121.0260372,12321,4022,General Avenue
ntgeku,14.6945986,121.0675932,14.6939635,121.0676185,12323,10878,Regalado Avenue
iktbsr,14.6391829,121.0068863,14.6419672,121.006161,12325,12442,"Residential Road (12325, 12442)"
iktbsr,14.6391829,121.0068863,14.6419672,121.006161,12325,12442,"Residential Road (12325, 12442)"
xk635l,14.6574706,121.0143564,14.6574973,121.0166013,12327,3868,EDSA
xk635l,14.6574678,121.0141658,14.6574706,121.0143564,12328,12327,EDSA
srnh30,14.6576709,121.0141721,14.6576217,121.0107948,12329,3885,EDSA
qooc1s,14.7174907,121.1008344,14.7193945,121.100497,12341,7366,Payatas Road
xymjot,14.7170476,121.1004568,14.7173923,121.100778,12343,12342,Payatas Road
xymjot,14.7170476,121.1004568,14.7148359,121.0976505,12343,4157,Payatas Road
hg3c25,14.640292,121.0156869,14.6402213,121.0152025,12346,7854,Del Monte Avenue
hg3c25,14.640292,121.0156869,14.6402918,121.0159081,12346,12347,Del Monte Avenue
hg3c25,14.6402918,121.0159081,14.6403577,121.016065,12347,11117,Del Monte Avenue
hg3c25,14.6403606,121.0159046,14.640292,121.0156869,12348,12346,Del Monte Avenue
gew589,14.7307634,121.0611399,14.7309216,121.0611391,12352,10270,Regalado Highway
uypil8,14.6391837,121.0071627,14.6393042,121.008088,12361,1717,Del Monte Avenue
yn8lfl,14.6865702,121.0317062,14.686699,121.0316843,12362,9112,Mindanao Avenue
o6pg2w,14.6865274,121.0315188,14.6852035,121.0317392,12363,3932,Mindanao Avenue
wqqi5f,14.6343343,121.0377448,14.6343882,121.0374841,12371,9793,Timog Avenue
wqqi5f,14.6343343,121.0377448,14.6339272,121.0395659,12371,438,Timog Avenue
joqo5z,14.6906535,121.0953411,14.6907925,121.0954855,12379,9582,Batasan Road
joqo5z,14.6906535,121.0953411,14.6908684,121.0954143,12379,12378,"Primary Link Road (12379, 12378)"
joqo5z,14.6899657,121.0946252,14.690075,121.0947374,12380,9899,Batasan Road
fdnn1g,14.6899657,121.0946252,14.69018,121.0946283,12380,11329,"Primary Link Road (12380, 11329)"
wfr4hu,14.6490279,121.0512327,14.6521744,121.0517694,12388,11021,Elliptical Road
4endy,14.6796976,121.0344339,14.6804579,121.0347242,12397,3750,Banlat Road
4endy,14.6796976,121.0344339,14.6792163,121.0345222,12397,3834,Banlat Road
arv1os,14.6950965,121.0496465,14.6951037,121.0515606,12399,9042,Sauyo Road
arv1os,14.6950965,121.0496465,14.6950966,121.0495621,12399,10177,Sauyo Road
g78v7q,14.6868706,121.0868245,14.6837954,121.085486,12405,8411,Commonwealth Avenue
rwxwik,14.686825,121.087121,14.6872511,121.0872103,12406,9890,Commonwealth Avenue
y5272g,14.6794527,121.02343,14.6794445,121.0234806,12408,8099,Tandang Sora Avenue
y5272g,14.6794527,121.02343,14.6795114,121.0229243,12408,9027,Tandang Sora Avenue
y5272g,14.6795181,121.0228584,14.6795114,121.0229243,12410,9027,Tandang Sora Avenue
y5272g,14.6795181,121.0228584,14.6795551,121.0224095,12410,3638,Tandang Sora Avenue
a8u47r,14.65331,121.0525585,14.654139,121.0540444,12413,10026,Commonwealth Avenue
b7awg4,14.676933,121.0161997,14.6770239,121.0162771,12414,12288,Quirino Highway
b7awg4,14.676933,121.0161997,14.6755687,121.0150803,12414,7095,Quirino Highway
idj3bz,14.6353456,121.022936,14.6346539,121.0217843,12416,7865,Quezon Avenue
rm5ad2,14.6351645,121.0230517,14.6352265,121.0231523,12417,8616,Quezon Avenue
idj3bz,14.6351645,121.0230517,14.6353456,121.022936,12417,12416,"Primary Link Road (12417, 12416)"
1074zq,14.6224391,121.056044,14.6208522,121.0567143,12418,10980,General Romulo Avenue
267fzj,14.6475324,121.0430671,14.6497106,121.046571,12419,8967,"Residential Road (12419, 8967)"
ciyslk,14.6475083,121.0432283,14.6494052,121.0477284,12420,37,"Residential Road (12420, 37)"
pbzvoj,14.5997633,121.0598111,14.6013154,121.0594887,12434,6965,"Residential Road (12434, 6965)"
eddbyb,14.6108023,121.0552855,14.6109345,121.0553666,12435,13056,"Residential Road (12435, 13056)"
iktbsr,14.6419672,121.006161,14.6431545,121.0059295,12442,10302,"Residential Road (12442, 10302)"
aff2do,14.6442291,121.042564,14.6461203,121.0409187,12444,7738,"Residential Road (12444, 7738)"
wwi3ir,14.6203313,121.0195938,14.6203131,121.0195363,12447,11950,Violago Road
o9v80p,14.6298637,121.0119487,14.6305837,121.0111754,12453,1725,"Residential Road (12453, 1725)"
o9v80p,14.6293259,121.0125264,14.6298637,121.0119487,12454,12453,"Residential Road (12454, 12453)"
p8412i,14.6442217,121.0373346,14.6441934,121.0372887,12456,9067,"Residential Road (12456, 9067)"
szmnxe,14.6442217,121.0373346,14.6442044,121.0377379,12456,6917,"Residential Road (12456, 6917)"
szmnxe,14.6442919,121.0372893,14.6442217,121.0373346,12457,12456,"Residential Road (12457, 12456)"
ssstwk,14.6442919,121.0372893,14.6442638,121.0372426,12457,10940,"Residential Road (12457, 10940)"
he0s08,14.6441029,121.0377447,14.6441288,121.0377878,12458,9928,"Residential Road (12458, 9928)"
jnn9fv,14.6441029,121.0377447,14.6441934,121.0372887,12458,9067,"Residential Road (12458, 9067)"
g5bojs,14.6433821,121.0382606,14.64391,121.0379269,12459,7106,"Residential Road (12459, 7106)"
g5bojs,14.6433821,121.0382606,14.6441029,121.0377447,12459,12458,"Residential Road (12459, 12458)"
hcytyt,14.6318146,121.0744739,14.632085,121.0749746,12460,7755,"Residential Road (12460, 7755)"
clnfip,14.6315471,121.074313,14.6317342,121.0743251,12461,76,"Residential Road (12461, 76)"
hcytyt,14.6315471,121.074313,14.6318146,121.0744739,12461,12460,"Residential Road (12461, 12460)"
wgfly0,14.627723,121.0632751,14.6282469,121.0664777,12462,1230,"Residential Road (12462, 1230)"
k502y0,14.628006,121.0632064,14.6285807,121.06302,12464,82,"Residential Road (12464, 82)"
lgql45,14.6241635,121.0339789,14.6240881,121.0329243,12477,9803,"Residential Road (12477, 9803)"
lgql45,14.6241635,121.0339789,14.6242483,121.0350906,12477,580,"Residential Road (12477, 580)"
sawvrf,14.6930299,121.0412067,14.6931119,121.0421281,12493,4108,"Residential Road (12493, 4108)"
4z2dy3,14.6930319,121.0411011,14.6923955,121.0375424,12494,6020,"Residential Road (12494, 6020)"
rwxwik,14.6859114,121.08681,14.6867179,121.0870945,12497,735,"Residential Road (12497, 735)"
yhn7ha,14.7354488,121.0681518,14.7355408,121.0694447,12500,4676,"Residential Road (12500, 4676)"
yhn7ha,14.735547,121.068151,14.7355468,121.0680924,12502,10276,"Residential Road (12502, 10276)"
mia5yq,14.6827117,121.0790527,14.6826099,121.0791687,12505,2343,"Residential Road (12505, 2343)"
mia5yq,14.6827117,121.0790527,14.6834746,121.0781094,12505,2369,"Residential Road (12505, 2369)"
vt6e25,14.6953781,121.0316566,14.6950408,121.0314407,12512,10992,"Residential Road (12512, 10992)"
vt6e25,14.6953404,121.0317226,14.6956053,121.0318875,12513,12515,"Residential Road (12513, 12515)"
vt6e25,14.6956448,121.0318249,14.6953781,121.0316566,12514,12512,"Residential Road (12514, 12512)"
vt6e25,14.6956053,121.0318875,14.6963026,121.0323261,12515,5934,"Residential Road (12515, 5934)"
kw4wg3,14.6397123,121.0112211,14.6397219,121.011291,12525,1727,"Residential Road (12525, 1727)"
kw4wg3,14.6397123,121.0112211,14.6395183,121.0097531,12525,1668,"Residential Road (12525, 1668)"
586hqt,14.6549924,121.0328484,14.6548911,121.0333303,12530,13297,"Residential Road (12530, 13297)"
4n7z7,14.6551098,121.032873,14.6552289,121.0323319,12531,13400,"Residential Road (12531, 13400)"
ny3npi,14.6314462,121.0215682,14.6316916,121.0217705,12532,9880,"Residential Road (12532, 9880)"
ny3npi,14.6314462,121.0215682,14.6316931,121.0213884,12532,10019,"Residential Road (12532, 10019)"
3sigs6,14.6982567,121.0335276,14.6984834,121.0336667,12548,10960,"Residential Road (12548, 10960)"
3sigs6,14.6982934,121.0334627,14.696644,121.0324425,12549,10994,"Residential Road (12549, 10994)"
3sigs6,14.6995467,121.0342134,14.6989981,121.0338836,12550,13129,"Residential Road (12550, 13129)"
unjqc9,14.6765031,121.0419487,14.6764877,121.0420135,12551,9058,"Residential Road (12551, 9058)"
j664pq,14.6564753,121.025941,14.6563663,121.0259984,12559,12560,"Residential Road (12559, 12560)"
j664pq,14.6563663,121.0259984,14.6560816,121.0273055,12560,7400,"Residential Road (12560, 7400)"
sc1xp1,14.6560616,121.0285948,14.6560771,121.0285161,12562,857,"Residential Road (12562, 857)"
w2pw8o,14.724857,121.1124482,14.7270229,121.1148984,12576,63,"Residential Road (12576, 63)"
c8y6d1,14.724857,121.1124482,14.7215419,121.1113583,12576,62,"Residential Road (12576, 62)"
9iimor,14.647066,121.0521504,14.6472109,121.0520477,12577,9712,"Residential Road (12577, 9712)"
x2yp65,14.6767546,121.0827766,14.67716,121.0829924,12607,10790,"Residential Road (12607, 10790)"
rs0tq3,14.6831634,121.0416417,14.6828355,121.0410076,12610,11536,"Residential Road (12610, 11536)"
vt6e25,14.6941147,121.030904,14.6950345,121.0315295,12621,8321,"Residential Road (12621, 8321)"
vt6e25,14.6941555,121.030843,14.6939155,121.0306617,12622,11012,"Residential Road (12622, 11012)"
arv1os,14.6937607,121.0548268,14.6937065,121.0550864,12642,8724,"Residential Road (12642, 8724)"
arv1os,14.6937607,121.0548268,14.6939059,121.0541949,12642,8723,"Residential Road (12642, 8723)"
1e8e7k,14.7080543,121.0901656,14.7079944,121.0901239,12682,5114,"Residential Road (12682, 5114)"
1e8e7k,14.7080543,121.0901656,14.7085047,121.0904348,12682,5116,"Residential Road (12682, 5116)"
1e8e7k,14.7108046,121.0907038,14.7112135,121.0906968,12683,7392,"Residential Road (12683, 7392)"
1e8e7k,14.7107381,121.0907064,14.7108046,121.0907038,12684,12683,"Residential Road (12684, 12683)"
1e8e7k,14.7107381,121.0907064,14.7092711,121.0907465,12684,5117,"Residential Road (12684, 5117)"
iebjzw,14.6150236,121.0468595,14.6152268,121.0464361,12733,3036,"Residential Road (12733, 3036)"
r47yy1,14.6930189,121.0634246,14.6930188,121.0633782,12735,4147,"Residential Road (12735, 4147)"
r47yy1,14.6930189,121.0634246,14.6930225,121.065141,12735,10876,"Residential Road (12735, 10876)"
mia5yq,14.678036,121.0828311,14.6784942,121.0820004,12737,2342,"Residential Road (12737, 2342)"
n8yeho,14.678036,121.0828311,14.6779108,121.0829056,12737,13365,"Residential Road (12737, 13365)"
yc3352,14.6401524,121.0164423,14.6404166,121.0164196,12744,9952,"Residential Road (12744, 9952)"
yc3352,14.6401524,121.0164423,14.6404453,121.0166892,12744,11116,"Residential Road (12744, 11116)"
g29kmq,14.6426627,121.0265234,14.642693,121.0266326,12751,8148,"Residential Road (12751, 8148)"
g29kmq,14.6426627,121.0265234,14.6424763,121.0270282,12751,10095,"Residential Road (12751, 10095)"
bdh6w5,14.6542867,121.0297961,14.6549334,121.0303425,12765,7521,"Residential Road (12765, 7521)"
qtxk39,14.6644445,121.0714894,14.6643112,121.0719737,12796,3272,"Residential Road (12796, 3272)"
51od7m,14.6568747,121.0238004,14.6567889,121.0241626,12800,8223,"Residential Road (12800, 8223)"
j664pq,14.6568747,121.0238004,14.6564807,121.0259179,12800,12057,"Residential Road (12800, 12057)"
1btpuw,14.6575633,121.0740987,14.657556,121.0727375,12811,9463,"Residential Road (12811, 9463)"
owfw9m,14.6575633,121.0740987,14.6575654,121.0742237,12811,101,"Residential Road (12811, 101)"
e83z9h,14.6645791,121.067413,14.6652457,121.0660671,12812,7957,"Residential Road (12812, 7957)"
e83z9h,14.6664645,121.0621501,14.6674707,121.058352,12814,10221,"Residential Road (12814, 10221)"
u327wu,14.734383,121.0547435,14.7342607,121.054505,12819,2803,"Residential Road (12819, 2803)"
9snazz,14.734383,121.0547435,14.7342277,121.0556424,12819,266,"Residential Road (12819, 266)"
aenpia,14.6215965,121.0502868,14.6221715,121.0516428,12832,10304,"Residential Road (12832, 10304)"
xfvrhx,14.6082563,121.0705382,14.6110588,121.0708437,12839,71,"Residential Road (12839, 71)"
iwii5l,14.6071185,121.0386585,14.6069836,121.038506,12850,3321,"Residential Road (12850, 3321)"
a991bc,14.7348881,121.0338467,14.7342329,121.0342331,12859,6259,"Residential Road (12859, 6259)"
ypv723,14.7335385,121.052318,14.7335815,121.0524542,12865,6246,"Residential Road (12865, 6246)"
wwi3ir,14.62124,121.0224669,14.6212228,121.0224057,12880,12174,"Residential Road (12880, 12174)"
wwi3ir,14.62124,121.0224669,14.6216196,121.0236672,12880,8643,"Residential Road (12880, 8643)"
wqqi5f,14.6335478,121.0413167,14.6334763,121.0416488,12890,9792,"Residential Road (12890, 9792)"
j5gshs,14.7276884,121.0612451,14.7288093,121.0612469,12891,4597,"Residential Road (12891, 4597)"
qq6fnw,14.590634,121.0616461,14.5906715,121.0616022,12898,6889,"Residential Road (12898, 6889)"
3n7onu,14.6506391,121.0468246,14.6498647,121.0465473,13006,8966,"Residential Road (13006, 8966)"
4yrfmo,14.6506391,121.0468246,14.6503435,121.046977,13006,13351,"Residential Road (13006, 13351)"
3f5uay,14.6164389,121.0528018,14.6164636,121.053576,13013,9683,"Residential Road (13013, 9683)"
jtrfyx,14.5903608,121.0576556,14.5961834,121.0595758,13027,9704,"Residential Road (13027, 9704)"
1074zq,14.6228471,121.0559117,14.6235384,121.0556153,13030,483,"Residential Road (13030, 483)"
shw0ys,14.6222885,121.0716829,14.6223073,121.0717741,13032,13033,"Residential Road (13032, 13033)"
shw0ys,14.6223073,121.0717741,14.6222885,121.0716829,13033,13032,"Residential Road (13033, 13032)"
shw0ys,14.6223073,121.0717741,14.6215659,121.0719778,13033,1286,"Residential Road (13033, 1286)"
shw0ys,14.6223073,121.0717741,14.6231665,121.0715381,13033,272,"Residential Road (13033, 272)"
1074zq,14.6235141,121.0555597,14.6228256,121.0558648,13038,13037,"Residential Road (13038, 13037)"
1074zq,14.6239589,121.0553812,14.6235141,121.0555597,13039,13038,Pedro Tuazon Boulevard
x9mcmm,14.6194732,121.0579442,14.6198042,121.0586468,13041,1298,"Residential Road (13041, 1298)"
3f5uay,14.6188129,121.0570554,14.6193105,121.0577525,13043,13040,"Residential Road (13043, 13040)"
3f5uay,14.6184935,121.0565928,14.6188129,121.0570554,13044,13043,"Residential Road (13044, 13043)"
3f5uay,14.6182593,121.0562622,14.6184639,121.0565461,13045,13491,"Residential Road (13045, 13491)"
eddbyb,14.6109049,121.0552382,14.6109345,121.0553666,13057,13056,"Residential Road (13057, 13056)"
a963ed,14.6108227,121.0548935,14.6109049,121.0552382,13058,13057,"Residential Road (13058, 13057)"
pgknpx,14.6108227,121.0548935,14.6092634,121.0556092,13058,10043,"Residential Road (13058, 10043)"
1z1zt9,14.6108209,121.0547141,14.6106608,121.0541309,13059,10227,"Residential Road (13059, 10227)"
1z1zt9,14.6108209,121.0547141,14.6108227,121.0548935,13059,13058,"Residential Road (13059, 13058)"
yih268,14.6162922,121.052719,14.6164458,121.0526466,13070,7850,"Residential Road (13070, 7850)"
yih268,14.6162922,121.052719,14.6164389,121.0528018,13070,13013,"Residential Road (13070, 13013)"
12nd2z,14.6211241,121.0492165,14.6210862,121.0492344,13072,13073,"Residential Road (13072, 13073)"
12nd2z,14.6211241,121.0492165,14.621219,121.049516,13072,1778,"Residential Road (13072, 1778)"
12nd2z,14.6210862,121.0492344,14.6211241,121.0492165,13073,13072,Bautista Street
12nd2z,14.6210862,121.0492344,14.621219,121.049516,13073,1778,"Residential Road (13073, 1778)"
y219wk,14.6001758,121.0616849,14.5997633,121.0598111,13078,12434,"Residential Road (13078, 12434)"
27z26a,14.7180856,121.0549289,14.719044,121.0541302,13101,1657,"Residential Road (13101, 1657)"
xoc2m6,14.6632099,121.0743349,14.6644736,121.072224,13102,8710,"Residential Road (13102, 8710)"
3sigs6,14.6989981,121.0338836,14.6988457,121.0337922,13129,13131,"Residential Road (13129, 13131)"
3sigs6,14.6988457,121.0337922,14.6985219,121.0335973,13131,10995,"Residential Road (13131, 10995)"
3sigs6,14.6989573,121.0339558,14.6996251,121.0343037,13132,5936,"Residential Road (13132, 5936)"
sh5dat,14.7288838,121.0424271,14.7301069,121.0442086,13138,8987,"Residential Road (13138, 8987)"
n206lh,14.733395,121.0483272,14.7343591,121.0481173,13141,5154,"Residential Road (13141, 5154)"
n206lh,14.7333401,121.0483391,14.733395,121.0483272,13142,13141,"Residential Road (13142, 13141)"
n206lh,14.7333401,121.0483391,14.7316318,121.048711,13142,405,"Residential Road (13142, 405)"
1ydofs,14.6273242,121.0473298,14.6256225,121.0481084,13145,1069,"Residential Road (13145, 1069)"
yc3352,14.6373987,121.0181071,14.6375088,121.0180436,13150,895,"Residential Road (13150, 895)"
yc3352,14.6373987,121.0181071,14.6369791,121.018263,13150,8665,"Residential Road (13150, 8665)"
j5gshs,14.7246209,121.0612297,14.7253427,121.0612359,13161,4759,"Residential Road (13161, 4759)"
yrku05,14.6907326,121.0277505,14.6915487,121.0269201,13163,7210,"Residential Road (13163, 7210)"
hhpqg5,14.6905716,121.0275955,14.6904594,121.0277133,13164,9437,"Residential Road (13164, 9437)"
a991bc,14.731666,121.0356987,14.7317765,121.035636,13170,6175,"Residential Road (13170, 6175)"
a991bc,14.731666,121.0356987,14.7313162,121.0358974,13170,6179,"Residential Road (13170, 6179)"
lufa8k,14.6614647,121.0443759,14.6615934,121.044346,13171,9469,"Residential Road (13171, 9469)"
lufa8k,14.6614647,121.0443759,14.6615819,121.0446528,13171,13172,"Residential Road (13171, 13172)"
pw9zu2,14.6615819,121.0446528,14.6615934,121.044346,13172,9469,"Residential Road (13172, 9469)"
nwki8b,14.6747236,121.0144237,14.6741971,121.0139875,13191,7825,"Residential Road (13191, 7825)"
nwki8b,14.6747236,121.0144237,14.6753285,121.0148979,13191,13192,"Residential Road (13191, 13192)"
nwki8b,14.6753285,121.0148979,14.6747236,121.0144237,13192,13191,Quirino Highway
nwki8b,14.6753285,121.0148979,14.6755687,121.0150803,13192,7095,"Residential Road (13192, 7095)"
59hsyd,14.6672311,121.007757,14.6676439,121.0081477,13195,7824,"Residential Road (13195, 7824)"
59hsyd,14.6672311,121.007757,14.6669195,121.0074405,13195,13194,"Residential Road (13195, 13194)"
9zldax,14.6840658,121.0698116,14.6821688,121.0696715,13196,5300,"Residential Road (13196, 5300)"
kwd6nk,14.676293,121.0466687,14.6763368,121.0466387,13215,3816,"Residential Road (13215, 3816)"
kwd6nk,14.676293,121.0466687,14.6745093,121.0469387,13215,3654,"Residential Road (13215, 3654)"
ma1zm5,14.6737057,121.0691178,14.6742862,121.0691509,13234,3586,"Residential Road (13234, 3586)"
ma1zm5,14.6737057,121.0691178,14.6726623,121.0688682,13234,3585,"Residential Road (13234, 3585)"
th9mqd,14.678007,121.0320086,14.6771159,121.0320391,13235,7405,"Residential Road (13235, 7405)"
th9mqd,14.6802943,121.0319407,14.6796001,121.0319542,13237,7858,"Residential Road (13237, 7858)"
hhpqg5,14.6917798,121.0262386,14.6914627,121.0266574,13242,7217,"Residential Road (13242, 7217)"
pxpemt,14.6473546,121.0623758,14.6476905,121.0642904,13244,215,"Residential Road (13244, 215)"
uz5lj8,14.646275,121.074492,14.6463482,121.0744826,13273,493,"Residential Road (13273, 493)"
gs7ii2,14.6334585,121.045019,14.6332834,121.0448046,13290,2766,"Residential Road (13290, 2766)"
gs7ii2,14.6334585,121.045019,14.6332328,121.0448393,13290,13368,"Residential Road (13290, 13368)"
586hqt,14.6548911,121.0333303,14.6546852,121.034293,13297,9662,"Residential Road (13297, 9662)"
jigejh,14.7064045,121.0704166,14.7060351,121.0716051,13319,3430,"Residential Road (13319, 3430)"
szmnxe,14.6499959,121.0335962,14.6499535,121.0336241,13321,3936,"Residential Road (13321, 3936)"
lzi5sl,14.648933,121.0285762,14.6508561,121.0290028,13324,13396,"Residential Road (13324, 13396)"
4yrfmo,14.6498921,121.0472805,14.6496201,121.0475085,13350,10092,"Residential Road (13350, 10092)"
4yrfmo,14.6503435,121.046977,14.6498921,121.0472805,13351,13350,"Residential Road (13351, 13350)"
cwegsg,14.738696,121.073559,14.7408783,121.0754957,13352,4316,"Residential Road (13352, 4316)"
jigejh,14.7064185,121.0703134,14.7064045,121.0704166,13355,13319,"Residential Road (13355, 13319)"
vukrg9,14.7065562,121.070337,14.7065657,121.0694289,13356,12001,"Residential Road (13356, 12001)"
vukrg9,14.7065448,121.070453,14.7065562,121.070337,13357,13356,"Residential Road (13357, 13356)"
n8yeho,14.6779108,121.0829056,14.6765595,121.0822183,13365,8642,"Residential Road (13365, 8642)"
n8yeho,14.6780613,121.0829773,14.6779108,121.0829056,13366,13365,"Residential Road (13366, 13365)"
mia5yq,14.6780613,121.0829773,14.678036,121.0828311,13366,12737,"Residential Road (13366, 12737)"
62siwm,14.665618,121.070473,14.6659317,121.0702695,13367,8795,"Residential Road (13367, 8795)"
1h1zvl,14.6332328,121.0448393,14.6332834,121.0448046,13368,2766,"Residential Road (13368, 2766)"
gs7ii2,14.6332328,121.0448393,14.6330079,121.0445936,13368,51,"Residential Road (13368, 51)"
wqqi5f,14.633242,121.0427486,14.6331735,121.0430342,13369,7734,"Residential Road (13369, 7734)"
wqqi5f,14.633242,121.0427486,14.6334311,121.0418618,13369,10990,"Residential Road (13369, 10990)"
wqqi5f,14.6335532,121.0412818,14.6339272,121.0395659,13370,438,"Residential Road (13370, 438)"
j165m7,14.6440934,121.0425305,14.6417687,121.0456185,13372,7728,"Residential Road (13372, 7728)"
lzi5sl,14.6489293,121.0284537,14.6479281,121.0282363,13395,13398,"Residential Road (13395, 13398)"
lzi5sl,14.6508561,121.0290028,14.6542867,121.0297961,13396,12765,"Residential Road (13396, 12765)"
fbqdr9,14.6463566,121.0278676,14.6456501,121.0277551,13397,7327,"Residential Road (13397, 7327)"
fbqdr9,14.6479281,121.0282363,14.6463566,121.0278676,13398,13397,"Residential Road (13398, 13397)"
4n7z7,14.6553205,121.0319099,14.6555622,121.0308057,13399,10082,"Residential Road (13399, 10082)"
4n7z7,14.6552289,121.0323319,14.6553205,121.0319099,13400,13399,"Residential Road (13400, 13399)"
nh8lpp,14.6485859,121.0510262,14.64717,121.0519752,13403,7262,"Residential Road (13403, 7262)"
ldgkx1,14.6212133,121.0501332,14.6197125,121.0507995,13410,11183,"Residential Road (13410, 11183)"
sc1xp1,14.6560603,121.0285123,14.6565794,121.0259657,13412,12561,"Residential Road (13412, 12561)"
cwh8x6,14.6238184,121.0742296,14.6233842,121.0740565,13414,7531,"Residential Road (13414, 7531)"
ib3e0m,14.6238184,121.0742296,14.6236775,121.0738186,13414,270,"Residential Road (13414, 270)"
e22z3p,14.6471546,121.0403282,14.652058,121.0388248,13425,9670,"Residential Road (13425, 9670)"
nh8lpp,14.6486207,121.0510719,14.6488181,121.0509507,13433,9701,"Residential Road (13433, 9701)"
nh8lpp,14.6486207,121.0510719,14.647287,121.0519439,13433,9700,"Residential Road (13433, 9700)"
nh8lpp,14.6486207,121.0510719,14.6485859,121.0510262,13433,13403,"Residential Road (13433, 13403)"
ku3mgd,14.6814606,121.0320817,14.6819219,121.0320692,13553,3791,"Residential Road (13553, 3791)"
4ctbsq,14.6521457,121.0455942,14.6513589,121.0465813,13569,9711,"Residential Road (13569, 9711)"
r4tsce,14.6522769,121.0456375,14.6524613,121.0448945,13570,7922,"Residential Road (13570, 7922)"
4psbb0,14.6324921,121.0743637,14.6328179,121.0743834,13608,1775,"Residential Road (13608, 1775)"
cyjjhk,14.6325012,121.0740839,14.6322017,121.0740799,13609,9616,"Residential Road (13609, 9616)"
u0el57,14.6525831,121.0742996,14.649449,121.0743076,13612,490,"Residential Road (13612, 490)"
