id_hash,source_lat,source_lon,target_lat,target_lon,road_name,highway_type,source,target
xqsspa,14.6293428,121.0409496,14.6286652,121.0386239,Kamuning Road,secondary,10,11
xqsspa,14.6293428,121.0409496,14.630081,121.0435496,Kamuning Road,secondary,10,9798
xqsspa,14.6286652,121.0386239,14.6293428,121.0409496,Kamuning Road,secondary,11,10
d0cpdd,14.6286652,121.0386239,14.6280248,121.0363848,Kamuning Road,secondary,11,261
d0cpdd,14.6274061,121.0342159,14.6274348,121.0343282,,,12,11864
oyztk8,14.6189479,121.0345854,14.6196356,121.0341627,Doña Hemady Street,secondary,13,310
s82vcw,14.6176762,121.0323437,14.6169562,121.0327721,Gilmore Avenue,secondary,14,304
gsp5pa,14.6232525,121.0289748,14.6239745,121.0314874,E. Rodriguez Sr. Avenue,secondary,15,9417
xeln5w,14.6232525,121.0289748,14.6231346,121.0286261,E. Rodriguez Sr. Avenue,secondary,15,22
35wov4,14.6232525,121.0289748,14.622441,121.0294274,Gilmore Avenue,secondary,15,314
u0cbyx,14.6287424,121.0339311,14.6290418,121.0325526,,,16,11934
twhsrw,14.6317069,121.0346417,14.6322421,121.0347659,Tomas Morato Avenue,secondary,18,667
twhsrw,14.6317069,121.0346417,14.6311967,121.0345264,Tomas Morato Avenue,secondary,18,653
s82vcw,14.6162288,121.0332221,14.6152845,121.0338076,Gilmore Avenue,secondary,21,301
xeln5w,14.6231346,121.0286261,14.6229476,121.0280265,E. Rodriguez Sr. Avenue,secondary,22,1092
xeln5w,14.6231346,121.0286261,14.6232525,121.0289748,E. Rodriguez Sr. Avenue,secondary,22,15
nu7qsg,14.6531486,121.0511626,14.6542794,121.0479995,Elliptical Road,primary,25,9817
i7o432,14.6549972,121.064311,14.6549568,121.0623338,University Avenue,tertiary,26,29
ebxb9z,14.6549972,121.064311,14.6548201,121.0643146,Osmeña Avenue,tertiary,26,163
hd112s,14.6561608,121.0727553,14.6561513,121.0716067,Osmeña Avenue,tertiary,27,197
echjo,14.6561608,121.0727553,14.657556,121.0727375,F. Maria Guerrero Street,unclassified,27,9463
iwdb2d,14.6538697,121.0686228,14.6539135,121.0716596,M. Roxas Avenue,tertiary,28,9605
i7o432,14.6549568,121.0623338,14.6549445,121.0615652,University Avenue,tertiary,29,9502
np3w5p,14.6146532,121.0705914,14.6145763,121.07016,,,32,10893
fhjw0r,14.6151175,121.0746538,14.6144519,121.0747982,,,33,10239
t8vei8,14.6323201,121.0776521,14.6324764,121.0754836,Marcos Highway,primary,34,495
83kuw9,14.6093639,121.0766579,14.6085692,121.0773845,E. Rodriguez Jr. Avenue,primary,35,8035
bvdemp,14.6273771,121.0620623,14.6270084,121.0613199,Aurora Boulevard,primary,36,395
4yrfmo,14.6494052,121.0477284,14.6490675,121.0481509,,,37,10028
u0el57,14.6535903,121.0742817,14.6525831,121.0742996,,,38,13612
ir33qn,14.6546178,121.0350919,14.6545175,121.035069,Mindanao Avenue,primary,39,2533
4n7z7,14.6546178,121.0350919,14.6551098,121.032873,,,39,12531
ir33qn,14.6611033,121.036506,14.6593423,121.0361532,Mindanao Avenue,primary,40,7420
pxpemt,14.6472663,121.0602408,14.6471743,121.0604847,,,41,10107
pxpemt,14.6472496,121.0678673,14.6479838,121.0659836,Carlos P. Garcia Avenue,secondary,42,9604
ra62r4,14.6472496,121.0678673,14.6472033,121.068968,Carlos P. Garcia Avenue,secondary,42,224
lnzxl1,14.5937043,121.0588375,14.5939703,121.0589336,EDSA,primary,43,8151
xqsspa,14.6306965,121.0456745,14.6304582,121.0448457,Kamuning Road,secondary,44,45
g1fcpp,14.6306965,121.0456745,14.630804,121.0460206,,,44,10121
kyqwyz,14.6306965,121.0456745,14.629316,121.0463201,EDSA,primary,44,8452
xqsspa,14.6304582,121.0448457,14.6306965,121.0456745,Kamuning Road,secondary,45,44
bc2ya6,14.628555,121.0470307,14.630804,121.0460206,,,46,10121
2812hz,14.628555,121.0470307,14.6351585,121.0435568,EDSA,trunk,46,7673
wqqi5f,14.6330079,121.0445936,14.6331536,121.0448912,"Primary Road (51, 2800)",primary,51,2800
unk0sd,14.6330079,121.0445936,14.632551,121.0448471,EDSA,primary,51,7424
n1ayjp,14.6327556,121.0451156,14.633502,121.0451558,"Primary Link Road (52, 2765)",primary_link,52,2765
1h1zvl,14.6327556,121.0451156,14.6331536,121.0448912,EDSA,primary,52,2800
cxv9v5,14.6548924,121.0584215,14.6552973,121.0557616,,,53,10162
x4tmsu,14.704652,121.0821882,14.7043515,121.0832236,Commonwealth Avenue,primary,54,60
dc662d,14.7035506,121.0845881,14.700998,121.0865187,Commonwealth Avenue,primary,55,4889
ovtgrn,14.7073813,121.0636143,14.7067709,121.0643072,Commonwealth Avenue,primary,56,4533
xymjot,14.7142386,121.0933359,14.7137857,121.0944137,Payatas Road,primary,59,57
x4tmsu,14.7043515,121.0832236,14.7041731,121.0835947,Commonwealth Avenue,primary,60,4890
wyx8bv,14.7008171,121.0885158,14.7007282,121.0884299,,,61,10528
c8ipep,14.6049763,121.0701396,14.606697,121.0703517,Katipunan Avenue,tertiary,67,1985
c8ipep,14.6049763,121.0701396,14.602291,121.0691309,Katipunan Avenue,tertiary,67,1941
h6e4fb,14.619109,121.0435303,14.6188713,121.0431327,,,68,11083
tubc2b,14.6341111,121.0729669,14.6347974,121.0707356,Xavierville Avenue,secondary,70,133
jtmlfi,14.6341111,121.0729669,14.6338012,121.0741428,Xavierville Avenue,secondary,70,124
xfvrhx,14.6110588,121.0708437,14.6082563,121.0705382,,,71,12839
2vucvm,14.6237414,121.074347,14.6245119,121.0748582,Major S. Dizon Street,tertiary,72,7532
varr6s,14.6237414,121.074347,14.6275925,121.0742358,Katipunan Avenue,primary,72,751
oyztk8,14.6151627,121.0368981,14.6158532,121.0364595,Doña Hemady Street,secondary,74,577
z6lsnt,14.6151627,121.0368981,14.6138851,121.0346595,Aurora Boulevard,primary,74,75
pymehd,14.6138851,121.0346595,14.6126741,121.0323848,Aurora Boulevard,primary,75,91
clnfip,14.6317342,121.0743251,14.6319065,121.074334,Katipunan Avenue,primary,76,746
hcytyt,14.6317342,121.0743251,14.6318146,121.0744739,,,76,12460
dl8m8j,14.6325141,121.0758115,14.6323519,121.0772868,Marcos Highway,primary,77,7674
xr1egn,14.6335595,121.0591403,14.6332745,121.0592506,Anonas Street,secondary,80,83
xr1egn,14.6335595,121.0591403,14.6339702,121.0590069,Anonas Street,secondary,80,316
tjb6kw,14.6332046,121.0543392,14.633739,121.0541882,Kalayaan Avenue,secondary,81,2563
bjuucq,14.6332046,121.0543392,14.633876,121.0565849,Kamias Road,secondary,81,2454
hg7nc4,14.6332046,121.0543392,14.6325515,121.0520719,Kamias Road,secondary,81,497
k502y0,14.6285807,121.06302,14.6292214,121.0624496,Anonas Street,secondary,82,84
k502y0,14.6285807,121.06302,14.628006,121.0632064,,,82,12464
xr1egn,14.6332745,121.0592506,14.6335595,121.0591403,Anonas Street,secondary,83,80
xr1egn,14.6332745,121.0592506,14.6328274,121.0596963,Anonas Street,secondary,83,501
k502y0,14.6292214,121.0624496,14.629608,121.0618817,Anonas Street,secondary,84,2561
k502y0,14.6292214,121.0624496,14.6285807,121.06302,Anonas Street,secondary,84,82
k502y0,14.6299795,121.0616301,14.6303914,121.061399,Anonas Street,secondary,85,512
k502y0,14.6299795,121.0616301,14.629608,121.0618817,Anonas Street,secondary,85,2561
bvdemp,14.6277985,121.0632222,14.6273771,121.0620623,Aurora Boulevard,primary,86,36
ibevbn,14.635628,121.0585146,14.6362142,121.0583403,Anonas Street Extension,tertiary,87,2909
bjuucq,14.6345204,121.0588455,14.633876,121.0565849,Kamias Road,secondary,88,2454
xr1egn,14.6345204,121.0588455,14.6339702,121.0590069,Anonas Street,secondary,88,316
k502y0,14.6312094,121.0609659,14.6316603,121.0607189,Anonas Street,secondary,89,517
k502y0,14.6312094,121.0609659,14.6308053,121.0611828,Anonas Street,secondary,89,514
6efvw5,14.6324816,121.0600654,14.634357,121.0619897,Chico Street,secondary,90,98
xr1egn,14.6324816,121.0600654,14.6328274,121.0596963,Anonas Street,secondary,90,501
k502y0,14.6324816,121.0600654,14.6320992,121.060436,Anonas Street,secondary,90,2534
rm63mh,14.6126741,121.0323848,14.6132818,121.0320084,Broadway Avenue,tertiary,91,300
100ivg,14.6126741,121.0323848,14.6123418,121.0313884,Aurora Boulevard,primary,91,2417
jezyyx,14.6218801,121.0267598,14.6211647,121.0271919,Broadway Avenue,tertiary,92,315
jezyyx,14.6218801,121.0267598,14.6222497,121.0265365,,,92,11067
jezyyx,14.6224433,121.0264195,14.6222497,121.0265365,E. Rodriguez Sr. Avenue,secondary,93,11067
wwi3ir,14.6224433,121.0264195,14.6223567,121.026126,,,93,11068
xeln5w,14.6224433,121.0264195,14.6229476,121.0280265,E. Rodriguez Sr. Avenue,secondary,93,1092
88txje,14.6117781,121.0359115,14.6127592,121.0383649,N. Domingo Street,primary,94,1093
q3oo8f,14.6117781,121.0359115,14.6110991,121.0333408,N. Domingo Street,secondary,94,97
hb9ma8,14.6117781,121.0359115,14.6112815,121.0361566,Senator Jose O. Vera Street,primary,94,1097
jaklst,14.7352905,121.0590524,14.7347812,121.0563575,Quirino Highway,primary,96,265
xh8blf,14.6110991,121.0333408,14.6099684,121.0347058,Valencia Street,residential,97,1096
z4ewvb,14.6110991,121.0333408,14.6118389,121.0328593,Broadway Avenue,tertiary,97,1094
q3oo8f,14.6110991,121.0333408,14.6117781,121.0359115,N. Domingo Street,secondary,97,94
6efvw5,14.634357,121.0619897,14.6324816,121.0600654,Chico Street,secondary,98,90
6efvw5,14.634357,121.0619897,14.6357375,121.0639437,Chico Street,secondary,98,251
x9mcmm,14.6200931,121.0594963,14.6198042,121.0586468,Pedro Tuazon Boulevard,secondary,99,1298
3tbg0d,14.6200931,121.0594963,14.6180513,121.0604844,15th Avenue,secondary,99,2946
bylr9a,14.6200931,121.0594963,14.6203079,121.0601767,Pedro Tuazon Boulevard,secondary,99,3137
owfw9m,14.6575654,121.0742237,14.6575633,121.0740987,,,101,12811
fx1u,14.6575654,121.0742237,14.6575699,121.0745141,Magsaysay Avenue,unclassified,101,8407
u0el57,14.6575654,121.0742237,14.6550232,121.074236,Katipunan Avenue,primary,101,8067
hg7nc4,14.6318953,121.0498081,14.6325515,121.0520719,Kamias Road,secondary,102,497
hg7nc4,14.6318953,121.0498081,14.6311855,121.0473446,Kamias Road,secondary,102,498
hd112s,14.6561265,121.0685919,14.6549972,121.064311,Osmeña Avenue,tertiary,104,26
ev2ghk,14.6393331,121.054832,14.6361718,121.0545444,Kalayaan Avenue,secondary,107,159
b5hwmz,14.6412587,121.0546535,14.6393331,121.054832,Kalayaan Avenue,secondary,109,107
1pwugr,14.6284967,121.0554626,14.6268657,121.056246,15th Avenue,tertiary,113,356
3k9nls,14.6284967,121.0554626,14.6284231,121.0547493,,,113,9957
sem8f5,14.6411853,121.074538,14.640539,121.0745138,Katipunan Avenue,primary,117,9349
pycz4o,14.6449853,121.0744723,14.6424481,121.0745932,Katipunan Avenue,primary,118,9577
cyjjhk,14.6317615,121.0740667,14.6316004,121.0740613,Katipunan Avenue,primary,121,168
hzmvg0,14.6317615,121.0740667,14.631631,121.0738146,,,121,12268
pycz4o,14.6463319,121.0742967,14.6449853,121.0744723,Katipunan Avenue,primary,123,118
jtmlfi,14.6338012,121.0741428,14.6341111,121.0729669,Xavierville Avenue,secondary,124,70
cyjjhk,14.6338012,121.0741428,14.6328232,121.0740977,Katipunan Avenue,primary,124,1774
pylg9h,14.6212776,121.072057,14.6209217,121.0729341,Tom Castro Street,tertiary,132,550
tubc2b,14.6347974,121.0707356,14.6341111,121.0729669,Xavierville Avenue,secondary,133,70
tubc2b,14.6347974,121.0707356,14.6355054,121.0683862,Xavierville Avenue,secondary,133,469
b5hwmz,14.6455864,121.0530027,14.6442621,121.0537121,,,138,10998
op6iin,14.6294506,121.0693075,14.6288116,121.0679253,Aurora Boulevard,primary,141,2532
me9aya,14.669213,121.0538765,14.6689109,121.0543374,Tandang Sora Avenue,secondary,142,7963
me9aya,14.669213,121.0538765,14.669632,121.0532248,Tandang Sora Avenue,secondary,142,9471
jzrlz8,14.628314,121.0134664,14.6298845,121.015126,Quezon Avenue,primary_link,143,7304
1tjxk0,14.6305057,121.0158131,14.6317267,121.0175271,,,144,13342
yztq06,14.6305057,121.0158131,14.6302306,121.0170348,Scout Chuatoco Street,secondary,144,7687
wxqdx8,14.6275667,121.0292689,14.6279967,121.0293671,Scout Tobias Street,tertiary,145,8057
2i12sa,14.6275667,121.0292689,14.6278013,121.0281663,Scout Chuatoco Street,tertiary,145,8049
inm3ma,14.6296523,121.0297457,14.6295586,121.0297238,Scout Tobias Street,tertiary,146,1025
ny3npi,14.6296523,121.0297457,14.6300986,121.0276829,Don Alejandro Roces Avenue,secondary,146,1042
o0y6s2,14.7228148,121.0507977,14.7213605,121.0520364,Commonwealth Avenue,primary,150,151
2r032a,14.6915154,121.0960077,14.6914629,121.0959516,,,152,11613
yhjp7s,14.7064238,121.0694319,14.7065657,121.0694289,,,153,12001
jigejh,14.7064238,121.0694319,14.7064185,121.0703134,,,153,13355
badb94,14.6375817,121.0480395,14.6376579,121.0476882,V. Luna Road,secondary,157,3526
badb94,14.6375817,121.0480395,14.6374433,121.0487291,V. Luna Road,secondary,157,2485
ibevbn,14.6378658,121.0580814,14.6372717,121.0580619,Anonas Street Extension,tertiary,158,2846
ibevbn,14.6378658,121.0580814,14.6384798,121.0581219,Anonas Street Extension,tertiary,158,2568
badb94,14.6361718,121.0545444,14.6363342,121.0538083,V. Luna Road,secondary,159,2843
np4ivo,14.6361718,121.0545444,14.633739,121.0541882,Kalayaan Avenue,secondary,159,2563
k0hgal,14.6379812,121.0462198,14.6380048,121.0461124,V. Luna Road,secondary,160,7737
badb94,14.6379812,121.0462198,14.6376579,121.0476882,V. Luna Road,secondary,160,3526
aks3ai,14.6379812,121.0462198,14.6408202,121.0468809,East Avenue,primary,160,2825
iwdb2d,14.6548201,121.0643146,14.653821,121.0649568,,,163,10097
rt7ypt,14.6547985,121.0623334,14.6548201,121.0643146,University Avenue,tertiary,164,163
rt7ypt,14.654732,121.0584235,14.6547853,121.0615716,,,165,10932
wum4h5,14.654732,121.0584235,14.6511367,121.0591362,,,165,10822
cs290t,14.5931803,121.0586597,14.5937043,121.0588375,EDSA,primary,166,43
cs290t,14.5931803,121.0586597,14.5930397,121.0586102,EDSA,primary,166,1859
y7c1a0,14.6316004,121.0740613,14.6317342,121.0743251,"Primary Road (168, 76)",primary,168,76
cyjjhk,14.6316004,121.0740613,14.6310943,121.0740455,,,168,13071
6v67hs,14.6360665,121.0743374,14.6355416,121.0743127,Katipunan Avenue,primary,169,8755
m2d3cp,14.6182005,121.0781009,14.6164511,121.0761226,Colonel Bonny Serrano Avenue,primary,176,2446
hd112s,14.6561513,121.0716067,14.6561433,121.0706345,Osmeña Avenue,tertiary,197,8523
pxpemt,14.6476905,121.0642904,14.6473546,121.0623758,,,215,13244
ra62r4,14.6472033,121.068968,14.6472782,121.0705185,Carlos P. Garcia Avenue,secondary,224,8965
ra62r4,14.6472033,121.068968,14.6472496,121.0678673,Carlos P. Garcia Avenue,secondary,224,42
pxpemt,14.6477267,121.0650291,14.6478019,121.0653881,Carlos P. Garcia Avenue,secondary,226,227
pxpemt,14.6477267,121.0650291,14.6476832,121.0646545,Carlos P. Garcia Avenue,secondary,226,9369
pxpemt,14.6478019,121.0653881,14.647959,121.0657812,,,227,11019
pxpemt,14.6478019,121.0653881,14.6477267,121.0650291,Carlos P. Garcia Avenue,secondary,227,226
pxpemt,14.6473416,121.0623229,14.64713,121.0608375,Carlos P. Garcia Avenue,secondary,238,9495
25b4oe,14.6357375,121.0639437,14.6358008,121.0642876,Xavierville Avenue,secondary,251,7336
6efvw5,14.6357375,121.0639437,14.634357,121.0619897,Chico Street,secondary,251,98
u0cbyx,14.6291947,121.0318496,14.6296523,121.0297457,Don Alejandro Roces Avenue,secondary,252,146
35wov4,14.6217416,121.0298642,14.621032,121.03029,Gilmore Avenue,secondary,255,569
mq1fr0,14.6279924,121.0571481,14.6280302,121.0578126,Ermin Garcia Street,tertiary,256,361
8wydjp,14.6279924,121.0571481,14.6287801,121.0560842,Ermin Garcia Street,tertiary,256,360
ggjotn,14.6194149,121.0577921,14.6196798,121.0576216,General Romulo Avenue,tertiary,258,8931
jezyyx,14.6204301,121.0276357,14.6211647,121.0271919,Broadway Avenue,tertiary,259,315
jezyyx,14.6204301,121.0276357,14.6197317,121.0280576,Broadway Avenue,tertiary,259,299
bzkucx,14.6244248,121.0374542,14.6244964,121.0382839,E. Rodriguez Sr. Avenue,secondary,260,9800
bzkucx,14.6244248,121.0374542,14.6243963,121.0370763,E. Rodriguez Sr. Avenue,secondary,260,9801
d0cpdd,14.6280248,121.0363848,14.6286652,121.0386239,Kamuning Road,secondary,261,11
d0cpdd,14.6280248,121.0363848,14.6274348,121.0343282,,,261,11864
1swfjm,14.6230241,121.0320797,14.6237155,121.0316525,Doña Hemady Street,secondary,262,313
3f5uay,14.6175101,121.0551616,14.6178862,121.0556878,Pedro Tuazon Boulevard,secondary,263,482
tnv95z,14.7347812,121.0563575,14.734383,121.0547435,,,265,12819
ry1blk,14.7342277,121.0556424,14.7329718,121.0555794,Belfast Avenue,secondary,266,269
vleqd9,14.7268113,121.0579474,14.7244952,121.0554343,Mindanao Avenue,secondary,267,1658
s9bpen,14.7298501,121.0612534,14.729751,121.0611451,,,268,10269
gew589,14.7298501,121.0612534,14.7302775,121.061256,Regalado Highway,primary,268,9451
ry1blk,14.7329718,121.0555794,14.7316919,121.0554709,Belfast Avenue,secondary,269,4654
ib3e0m,14.6236775,121.0738186,14.6236783,121.0737074,Pedro Tuazon Boulevard,secondary,270,271
ib3e0m,14.6236775,121.0738186,14.6233842,121.0740565,Pedro Tuazon Boulevard,secondary,270,7531
ib3e0m,14.6236783,121.0737074,14.6236775,121.0738186,Pedro Tuazon Boulevard,secondary,271,270
ib3e0m,14.6236783,121.0737074,14.6236128,121.0732759,Pedro Tuazon Boulevard,secondary,271,522
jgynt1,14.6231665,121.0715381,14.6230252,121.0709835,Pedro Tuazon Boulevard,secondary,272,1285
uqdbg2,14.6231665,121.0715381,14.6237197,121.0713657,Jose P. Rizal Street,tertiary,272,553
shw0ys,14.6231665,121.0715381,14.6223073,121.0717741,,,272,13033
jwl4q2,14.6231665,121.0715381,14.6234211,121.0725072,Pedro Tuazon Boulevard,secondary,272,1281
jgynt1,14.6225133,121.0688881,14.6225405,121.0673261,Pedro Tuazon Boulevard,secondary,273,274
jgynt1,14.6225133,121.0688881,14.6226358,121.0694075,Pedro Tuazon Boulevard,secondary,273,2479
bezacn,14.6225405,121.0673261,14.623127,121.0673635,Lakandula Street,tertiary,274,556
8v94g2,14.6225405,121.0673261,14.622169,121.0653637,Pedro Tuazon Boulevard,secondary,274,2476
jgynt1,14.6225405,121.0673261,14.6225133,121.0688881,Pedro Tuazon Boulevard,secondary,274,273
deqsgj,14.6734863,121.0489103,14.6745093,121.0469387,Tandang Sora Avenue,secondary,276,3654
a88ivm,14.6761268,121.043616,14.6749053,121.0435113,,,278,12110
u57r57,14.6082254,121.017184,14.6090338,121.0171297,,,279,10070
u57r57,14.6153268,121.0167442,14.6169781,121.0158976,Gregorio Araneta Avenue,primary,280,281
u57r57,14.6169781,121.0158976,14.6188255,121.014997,,,281,11964
fmr1sq,14.6393614,121.0066014,14.6391278,121.0067281,Gregorio Araneta Avenue,primary,292,1215
6ymi38,14.6358712,121.0086795,14.6329242,121.009004,Gregorio Araneta Avenue,primary,293,294
6ymi38,14.6329242,121.009004,14.632158,121.0093232,Gregorio Araneta Avenue,primary,294,8164
1t1rz8,14.6305049,121.0110259,14.6301007,121.0101067,Maria Clara Street,secondary,295,1517
4tu8qp,14.6305049,121.0110259,14.6291757,121.0123435,Gregorio Araneta Avenue,primary,295,1527
rm63mh,14.6156686,121.0305298,14.6149379,121.0309824,Broadway Avenue,tertiary,296,8679
rm63mh,14.6156686,121.0305298,14.6163822,121.0300851,Broadway Avenue,tertiary,296,8680
ctfjp7,14.6179373,121.0291462,14.618818,121.0286095,Broadway Avenue,tertiary,297,298
rm63mh,14.6179373,121.0291462,14.6170746,121.0296627,Broadway Avenue,tertiary,297,8681
1z3rfy,14.618818,121.0286095,14.6197317,121.0280576,Broadway Avenue,tertiary,298,299
ctfjp7,14.618818,121.0286095,14.6179373,121.0291462,Broadway Avenue,tertiary,298,297
jezyyx,14.6197317,121.0280576,14.6204301,121.0276357,Broadway Avenue,tertiary,299,259
1z3rfy,14.6197317,121.0280576,14.618818,121.0286095,Broadway Avenue,tertiary,299,298
rm63mh,14.6132818,121.0320084,14.6142059,121.0314359,Broadway Avenue,tertiary,300,8684
rm63mh,14.6132818,121.0320084,14.6126741,121.0323848,Broadway Avenue,tertiary,300,91
s82vcw,14.6152845,121.0338076,14.6145834,121.0342247,Gilmore Avenue,secondary,301,302
s82vcw,14.6145834,121.0342247,14.6138851,121.0346595,Gilmore Avenue,secondary,302,75
s82vcw,14.618373,121.0319125,14.6178739,121.0322177,,,303,13326
oyztk8,14.618373,121.0319125,14.6196356,121.0341627,8th Street,residential,303,310
s82vcw,14.6169562,121.0327721,14.6162288,121.0332221,Gilmore Avenue,secondary,304,21
s82vcw,14.6201089,121.0308499,14.6192393,121.0313887,Gilmore Avenue,secondary,305,306
s82vcw,14.6192393,121.0313887,14.618373,121.0319125,Gilmore Avenue,secondary,306,303
1swfjm,14.622309,121.0325193,14.6230241,121.0320797,Doña Hemady Street,secondary,307,262
1swfjm,14.6214072,121.0330737,14.622309,121.0325193,Doña Hemady Street,secondary,308,307
oyztk8,14.6205318,121.0336164,14.6214072,121.0330737,Doña Hemady Street,secondary,309,308
oyztk8,14.6196356,121.0341627,14.6205318,121.0336164,Doña Hemady Street,secondary,310,309
oyztk8,14.6182442,121.0350036,14.6189479,121.0345854,Doña Hemady Street,secondary,311,13
oyztk8,14.6175208,121.0354441,14.6182442,121.0350036,Doña Hemady Street,secondary,312,311
35wov4,14.622441,121.0294274,14.6217416,121.0298642,Gilmore Avenue,secondary,314,255
jezyyx,14.6211647,121.0271919,14.6218801,121.0267598,Broadway Avenue,tertiary,315,92
jezyyx,14.6211647,121.0271919,14.6204301,121.0276357,Broadway Avenue,tertiary,315,259
xr1egn,14.6339702,121.0590069,14.6335595,121.0591403,Anonas Street,secondary,316,80
xr1egn,14.6339702,121.0590069,14.6345204,121.0588455,Anonas Street,secondary,316,88
g060dj,14.6260378,121.0490802,14.6263138,121.049702,New York Avenue,tertiary,336,337
wifwck,14.6260378,121.0490802,14.6257257,121.048331,New York Avenue,tertiary,336,7834
g060dj,14.6263138,121.049702,14.6260378,121.0490802,New York Avenue,tertiary,337,336
g060dj,14.6263138,121.049702,14.6265728,121.050281,New York Avenue,tertiary,337,338
g060dj,14.6265728,121.050281,14.6267976,121.0507765,New York Avenue,tertiary,338,339
g060dj,14.6265728,121.050281,14.6263138,121.049702,New York Avenue,tertiary,338,337
g060dj,14.6267976,121.0507765,14.6270639,121.0513565,New York Avenue,tertiary,339,340
g060dj,14.6267976,121.0507765,14.6265728,121.050281,New York Avenue,tertiary,339,338
g060dj,14.6270639,121.0513565,14.627323,121.0519598,New York Avenue,tertiary,340,341
g060dj,14.6270639,121.0513565,14.6267976,121.0507765,New York Avenue,tertiary,340,339
g060dj,14.627323,121.0519598,14.6270639,121.0513565,New York Avenue,tertiary,341,340
g060dj,14.627323,121.0519598,14.6275371,121.0524326,New York Avenue,tertiary,341,342
g060dj,14.6275371,121.0524326,14.6277487,121.0529241,New York Avenue,tertiary,342,343
g060dj,14.6275371,121.0524326,14.627323,121.0519598,New York Avenue,tertiary,342,341
g060dj,14.6277487,121.0529241,14.6279936,121.0534899,New York Avenue,tertiary,343,344
g060dj,14.6277487,121.0529241,14.6275371,121.0524326,New York Avenue,tertiary,343,342
g060dj,14.6279936,121.0534899,14.6282465,121.0540665,New York Avenue,tertiary,344,345
g060dj,14.6279936,121.0534899,14.6277487,121.0529241,New York Avenue,tertiary,344,343
g060dj,14.6282465,121.0540665,14.6285005,121.0547032,New York Avenue,tertiary,345,346
g060dj,14.6282465,121.0540665,14.6279936,121.0534899,New York Avenue,tertiary,345,344
g060dj,14.6285005,121.0547032,14.6282465,121.0540665,New York Avenue,tertiary,346,345
1pwugr,14.6268657,121.056246,14.6249404,121.0571523,15th Avenue,tertiary,356,2465
8wydjp,14.627389,121.0574089,14.6279924,121.0571481,Albany Street,residential,358,256
o1ik5u,14.6287801,121.0560842,14.6284967,121.0554626,Ermin Garcia Street,tertiary,360,113
mq1fr0,14.6280302,121.0578126,14.6282818,121.0583988,Ermin Garcia Street,tertiary,361,848
mq1fr0,14.6280302,121.0578126,14.6279924,121.0571481,Ermin Garcia Street,tertiary,361,256
f2eahd,14.630071,121.0298429,14.6296523,121.0297457,Scout Tobias Street,tertiary,362,146
f2eahd,14.6305783,121.0299606,14.630071,121.0298429,Scout Tobias Street,tertiary,363,362
f2eahd,14.6310408,121.0300679,14.6305783,121.0299606,Scout Tobias Street,tertiary,364,363
f2eahd,14.6310408,121.0300679,14.6315729,121.0301914,Scout Tobias Street,tertiary,364,365
f2eahd,14.6315729,121.0301914,14.6310408,121.0300679,Scout Tobias Street,tertiary,365,364
f2eahd,14.6315729,121.0301914,14.6320993,121.0303136,Scout Tobias Street,tertiary,365,366
f2eahd,14.6320993,121.0303136,14.6315729,121.0301914,Scout Tobias Street,tertiary,366,365
f2eahd,14.6320993,121.0303136,14.6326169,121.0304337,Scout Tobias Street,tertiary,366,367
f2eahd,14.6326169,121.0304337,14.6320993,121.0303136,Scout Tobias Street,tertiary,367,366
f2eahd,14.6326169,121.0304337,14.6331584,121.0305706,Scout Tobias Street,tertiary,367,368
f2eahd,14.6331584,121.0305706,14.6326169,121.0304337,Scout Tobias Street,tertiary,368,367
f2eahd,14.6331584,121.0305706,14.6336744,121.0306791,Scout Tobias Street,tertiary,368,369
f2eahd,14.6336744,121.0306791,14.6331584,121.0305706,Scout Tobias Street,tertiary,369,368
f2eahd,14.6336744,121.0306791,14.6341993,121.0308009,Scout Tobias Street,tertiary,369,370
f2eahd,14.6341993,121.0308009,14.6349841,121.030983,Scout Tobias Street,tertiary,370,371
f2eahd,14.6341993,121.0308009,14.6336744,121.0306791,Scout Tobias Street,tertiary,370,369
f2eahd,14.6349841,121.030983,14.6341993,121.0308009,Scout Tobias Street,tertiary,371,370
f2eahd,14.6349841,121.030983,14.6357976,121.0311725,Scout Tobias Street,tertiary,371,372
f2eahd,14.6357976,121.0311725,14.6349841,121.030983,Scout Tobias Street,tertiary,372,371
t7o385,14.6357976,121.0311725,14.6353459,121.0332389,Timog Avenue,primary,372,393
ny3npi,14.6310331,121.0233637,14.6312819,121.0222138,Don Alejandro Roces Avenue,secondary,386,8578
ny3npi,14.6305635,121.0255343,14.6310331,121.0233637,Don Alejandro Roces Avenue,secondary,387,386
t7o385,14.6353459,121.0332389,14.6349868,121.0348321,,,393,9869
t7o385,14.6353459,121.0332389,14.6357976,121.0311725,Timog Avenue,primary,393,372
bvdemp,14.6270084,121.0613199,14.6267164,121.0607084,Aurora Boulevard,primary,395,2463
xtqvru,14.6222976,121.0516222,14.6216888,121.0502055,Aurora Boulevard,primary,397,7508
h470z0,14.6243539,121.0559611,14.6240649,121.0553566,Aurora Boulevard,primary,398,2466
e83z9h,14.6645461,121.0674542,14.6640496,121.0679914,,,403,10152
2mmy04,14.7328875,121.0504682,14.7323225,121.0496577,Quirino Highway,primary,404,5146
2mmy04,14.7328875,121.0504682,14.7335238,121.0522709,Quirino Highway,primary,404,7885
2mmy04,14.7316318,121.048711,14.7323225,121.0496577,Quirino Highway,primary,405,5146
kfdzki,14.7218699,121.0388384,14.7218771,121.0386377,General Luis Street,primary,408,5495
wqqi5f,14.6339272,121.0395659,14.6335532,121.0412818,,,438,13370
wqqi5f,14.6339272,121.0395659,14.6343343,121.0377448,,,438,12371
2wzltk,14.6403635,121.0265446,14.6424763,121.0270282,,,462,10095
2wzltk,14.6403635,121.0265446,14.6399223,121.0264449,West Avenue,primary,462,8157
hzmvg0,14.6302889,121.0710728,14.6294506,121.0693075,Aurora Boulevard,primary,465,141
tubc2b,14.6355054,121.0683862,14.6347974,121.0707356,Xavierville Avenue,secondary,469,133
uzfczs,14.6355054,121.0683862,14.6362191,121.0654052,Xavierville Avenue,secondary,469,473
uzfczs,14.6360073,121.0648156,14.6362191,121.0654052,Xavierville Avenue,secondary,472,473
27suib,14.6360073,121.0648156,14.6358008,121.0642876,Xavierville Avenue,secondary,472,7336
uzfczs,14.6362191,121.0654052,14.6355054,121.0683862,Xavierville Avenue,secondary,473,469
uzfczs,14.6362191,121.0654052,14.6360073,121.0648156,Xavierville Avenue,secondary,473,472
xtqvru,14.6213853,121.049539,14.6202634,121.0465828,,,478,10064
3f5uay,14.6178862,121.0556878,14.6182593,121.0562622,,,482,13045
1074zq,14.6235384,121.0556153,14.6239879,121.0554417,General Romulo Avenue,tertiary,483,488
1074zq,14.6208846,121.05678,14.6224542,121.0560839,,,487,12564
1vf8r9,14.6239879,121.0554417,14.6242553,121.0560089,Aurora Boulevard,primary,488,7530
u0el57,14.649449,121.0743076,14.6485112,121.0743059,,,490,12407
odmq3y,14.6494345,121.074476,14.6535093,121.0745134,Katipunan Avenue,primary,491,7274
odmq3y,14.6483357,121.0744934,14.6494345,121.074476,Katipunan Avenue,primary,492,491
uz5lj8,14.6463482,121.0744826,14.6469285,121.074471,,,493,11405
u14ofp,14.636667,121.0745626,14.6405336,121.0746486,Katipunan Avenue,primary,494,6890
p0pyjo,14.6324764,121.0754836,14.6319065,121.074334,Marcos Highway,primary,495,746
4psbb0,14.6333049,121.0744103,14.636667,121.0745626,Katipunan Avenue,primary,496,494
hg7nc4,14.6325515,121.0520719,14.6332046,121.0543392,Kamias Road,secondary,497,81
hg7nc4,14.6325515,121.0520719,14.6318953,121.0498081,Kamias Road,secondary,497,102
hg7nc4,14.6311855,121.0473446,14.6318953,121.0498081,Kamias Road,secondary,498,102
hg7nc4,14.6311855,121.0473446,14.6309842,121.046646,Kamias Road,secondary,498,2799
xr1egn,14.6328274,121.0596963,14.6324816,121.0600654,Anonas Street,secondary,501,90
xr1egn,14.6328274,121.0596963,14.6332745,121.0592506,Anonas Street,secondary,501,83
k502y0,14.6303914,121.061399,14.6299795,121.0616301,Anonas Street,secondary,512,85
k502y0,14.6303914,121.061399,14.6308053,121.0611828,Anonas Street,secondary,512,514
k502y0,14.6308053,121.0611828,14.6303914,121.061399,Anonas Street,secondary,514,512
k502y0,14.6308053,121.0611828,14.6312094,121.0609659,Anonas Street,secondary,514,89
k502y0,14.6316603,121.0607189,14.6312094,121.0609659,Anonas Street,secondary,517,89
k502y0,14.6316603,121.0607189,14.6320992,121.060436,Anonas Street,secondary,517,2534
y7c1a0,14.6298695,121.0705332,14.6304052,121.0716958,Aurora Boulevard,primary,520,2531
i9qjwa,14.6288325,121.0712111,14.6293219,121.0708912,Padre Burgos Street,tertiary,521,524
i9qjwa,14.6288325,121.0712111,14.627776,121.0717769,Padre Burgos Street,tertiary,521,1227
ib3e0m,14.6236128,121.0732759,14.6236783,121.0737074,Pedro Tuazon Boulevard,secondary,522,271
jwl4q2,14.6236128,121.0732759,14.6235165,121.0728777,Pedro Tuazon Boulevard,secondary,522,7384
i9qjwa,14.6236128,121.0732759,14.6256876,121.0725458,Padre Burgos Street,tertiary,522,523
i9qjwa,14.6256876,121.0725458,14.627776,121.0717769,Padre Burgos Street,tertiary,523,1227
i9qjwa,14.6293219,121.0708912,14.6288325,121.0712111,Padre Burgos Street,tertiary,524,521
uqdbg2,14.6286786,121.0695922,14.6281334,121.0697866,Jose P. Rizal Street,tertiary,525,527
uqdbg2,14.6286786,121.0695922,14.6293338,121.0693586,Jose P. Rizal Street,tertiary,525,2529
uqdbg2,14.6281334,121.0697866,14.6273102,121.0700801,Jose P. Rizal Street,tertiary,527,533
uqdbg2,14.6281334,121.0697866,14.6286786,121.0695922,Jose P. Rizal Street,tertiary,527,525
uqdbg2,14.6242305,121.0711723,14.6237197,121.0713657,Jose P. Rizal Street,tertiary,528,553
uqdbg2,14.6242305,121.0711723,14.6246987,121.0710114,Jose P. Rizal Street,tertiary,528,1280
uqdbg2,14.6273102,121.0700801,14.6259602,121.0705614,Jose P. Rizal Street,tertiary,533,1274
uqdbg2,14.6273102,121.0700801,14.6281334,121.0697866,Jose P. Rizal Street,tertiary,533,527
8t7jnc,14.6268965,121.0660505,14.6262141,121.0658319,F. Castillo Street,tertiary,537,1231
8t7jnc,14.6268965,121.0660505,14.6282469,121.0664777,F. Castillo Street,tertiary,537,1230
k133qp,14.6264571,121.0604418,14.6240535,121.061609,20th Avenue,secondary,538,3134
nwa5ol,14.6264571,121.0604418,14.6269233,121.0613666,Aurora Boulevard,primary,538,7535
bgumxs,14.6211903,121.0629711,14.6195904,121.0636724,20th Avenue,secondary,539,5394
bylr9a,14.6211903,121.0629711,14.6206507,121.061299,Pedro Tuazon Boulevard,secondary,539,3151
8v94g2,14.6211903,121.0629711,14.6215684,121.0639697,Pedro Tuazon Boulevard,secondary,539,2475
k133qp,14.6211903,121.0629711,14.6229413,121.0621377,20th Avenue,secondary,539,2851
pylg9h,14.6209217,121.0729341,14.6212776,121.072057,Tom Castro Street,tertiary,550,132
83sv33,14.6246038,121.0674228,14.6241222,121.0674095,Lakandula Street,tertiary,552,558
47goeu,14.6246038,121.0674228,14.6249875,121.0664499,Antonio Luna Street,tertiary,552,7542
uqdbg2,14.6237197,121.0713657,14.6231665,121.0715381,Jose P. Rizal Street,tertiary,553,272
uqdbg2,14.6237197,121.0713657,14.6242305,121.0711723,Jose P. Rizal Street,tertiary,553,528
bezacn,14.623127,121.0673635,14.6236166,121.0673965,Lakandula Street,tertiary,556,1289
bezacn,14.623127,121.0673635,14.6225405,121.0673261,Lakandula Street,tertiary,556,274
83sv33,14.6241222,121.0674095,14.6246038,121.0674228,Lakandula Street,tertiary,558,552
uqdbg2,14.6247613,121.0709906,14.6251968,121.070831,Jose P. Rizal Street,tertiary,563,1279
35wov4,14.621032,121.03029,14.6201089,121.0308499,Gilmore Avenue,secondary,569,305
ensfvh,14.6239126,121.0353112,14.6234867,121.0355696,Balete Drive,tertiary,570,597
ensfvh,14.6239126,121.0353112,14.6242483,121.0350906,Balete Drive,tertiary,570,580
mby5fh,14.6230289,121.0358443,14.6226921,121.0360431,Balete Drive,tertiary,571,596
ensfvh,14.6230289,121.0358443,14.6234867,121.0355696,Balete Drive,tertiary,571,597
mby5fh,14.6198303,121.0377651,14.6203086,121.037477,Balete Drive,tertiary,573,1072
mby5fh,14.6198303,121.0377651,14.6195782,121.0379244,Balete Drive,tertiary,573,1075
mby5fh,14.6198303,121.0377651,14.6194695,121.0371632,6th Street,residential,573,8179
oyztk8,14.6165302,121.0360479,14.6175208,121.0354441,Doña Hemady Street,secondary,575,312
mby5fh,14.6174617,121.0392013,14.6180516,121.0388478,Balete Drive,tertiary,576,2952
oyztk8,14.6158532,121.0364595,14.6165302,121.0360479,Doña Hemady Street,secondary,577,575
w1tev8,14.6167696,121.0396456,14.6151627,121.0368981,Aurora Boulevard,primary,578,74
mby5fh,14.6167696,121.0396456,14.6172852,121.0393107,Balete Drive,tertiary,578,2855
mby5fh,14.6221404,121.0363758,14.6226921,121.0360431,Balete Drive,tertiary,579,596
ensfvh,14.6242483,121.0350906,14.6239126,121.0353112,Balete Drive,tertiary,580,570
lgql45,14.6242483,121.0350906,14.6241635,121.0339789,,,580,12477
mby5fh,14.6182323,121.0387404,14.6187999,121.0383947,Balete Drive,tertiary,588,3008
mby5fh,14.6213021,121.0368764,14.6220491,121.0364307,Balete Drive,tertiary,592,594
mby5fh,14.6213021,121.0368764,14.6203086,121.037477,Balete Drive,tertiary,592,1072
mby5fh,14.6220491,121.0364307,14.6213021,121.0368764,Balete Drive,tertiary,594,592
mby5fh,14.6226921,121.0360431,14.6230289,121.0358443,Balete Drive,tertiary,596,571
mby5fh,14.6226921,121.0360431,14.6221404,121.0363758,Balete Drive,tertiary,596,579
bzkucx,14.6226921,121.0360431,14.6243963,121.0370763,Campanilla Street,residential,596,9801
ensfvh,14.6234867,121.0355696,14.6239126,121.0353112,Balete Drive,tertiary,597,570
ensfvh,14.6234867,121.0355696,14.6230289,121.0358443,Balete Drive,tertiary,597,571
i9gzj5,14.6198013,121.0148023,14.6189099,121.0147879,Gregorio Araneta Avenue,primary,598,1496
g6t3l4,14.6254792,121.0118329,14.6262165,121.0111362,R. Familara Street,residential,622,8927
twhsrw,14.6311967,121.0345264,14.6317069,121.0346417,Tomas Morato Avenue,secondary,653,18
twhsrw,14.6311967,121.0345264,14.6306719,121.0344054,Tomas Morato Avenue,secondary,653,674
twhsrw,14.6332952,121.0349915,14.6340468,121.0351628,Tomas Morato Avenue,secondary,657,660
twhsrw,14.6332952,121.0349915,14.6327602,121.0348685,Tomas Morato Avenue,secondary,657,664
twhsrw,14.6340468,121.0351628,14.6343026,121.035221,Tomas Morato Avenue,secondary,660,8669
twhsrw,14.6340468,121.0351628,14.6332952,121.0349915,Tomas Morato Avenue,secondary,660,657
twhsrw,14.6327602,121.0348685,14.6332952,121.0349915,Tomas Morato Avenue,secondary,664,657
twhsrw,14.6327602,121.0348685,14.6322421,121.0347659,Tomas Morato Avenue,secondary,664,667
twhsrw,14.6322421,121.0347659,14.6317069,121.0346417,Tomas Morato Avenue,secondary,667,18
twhsrw,14.6322421,121.0347659,14.6327602,121.0348685,Tomas Morato Avenue,secondary,667,664
twhsrw,14.6306719,121.0344054,14.6311967,121.0345264,Tomas Morato Avenue,secondary,674,653
twhsrw,14.6296622,121.0341711,14.6291511,121.0340544,Tomas Morato Avenue,secondary,676,678
twhsrw,14.6291511,121.0340544,14.6296622,121.0341711,Tomas Morato Avenue,secondary,678,676
twhsrw,14.6291511,121.0340544,14.6287424,121.0339311,Tomas Morato Avenue,secondary,678,16
oapsh0,14.6366659,121.027083,14.6368318,121.0265586,Timog Avenue,primary,683,7706
rm5ad2,14.6367382,121.0256049,14.6370382,121.026104,Quezon Avenue,primary,684,9355
rm5ad2,14.6367382,121.0256049,14.6367117,121.026628,"Primary Link Road (684, 7357)",primary_link,684,7357
oapsh0,14.6366273,121.0272668,14.6365586,121.0276022,Timog Avenue,primary,685,8
oapsh0,14.6366273,121.0272668,14.6366659,121.027083,Timog Avenue,primary,685,683
nu7qsg,14.6529623,121.0519732,14.6530534,121.0521109,Commonwealth Avenue,primary,728,9699
ajfo12,14.7214433,121.0521258,14.7213605,121.0520364,Mindanao Avenue,secondary,729,151
axtcvk,14.7214433,121.0521258,14.723807,121.0501526,,,729,10826
27z26a,14.7107061,121.0610596,14.7105854,121.0609158,,,730,11354
27z26a,14.7107061,121.0610596,14.7108253,121.0609609,,,730,10371
uo0a97,14.6870434,121.0874316,14.6872511,121.0872103,,,731,9890
2r032a,14.6950119,121.0961769,14.692936,121.0962544,Batasan Road,secondary,732,1219
2r032a,14.6958539,121.0953282,14.6950119,121.0961769,Batasan Road,secondary,733,732
8tus2i,14.6994575,121.0873781,14.6999736,121.0872363,Commonwealth Avenue,primary,734,9065
1y236x,14.6994575,121.0873781,14.6998731,121.0879585,,,734,10750
rwxwik,14.6867179,121.0870945,14.686825,121.087121,,,735,12406
beo5th,14.6867179,121.0870945,14.6867988,121.0873507,,,735,10817
21vrl8,14.6252352,121.0097772,14.6247218,121.0092094,Quezon Avenue,primary,736,9197
g1gzh3,14.6681802,121.075015,14.6693973,121.0765867,Commonwealth Avenue,primary,738,8822
g6t3l4,14.6247987,121.0095176,14.6259806,121.0108185,Quezon Avenue,primary,739,8750
g6t3l4,14.6241106,121.0087908,14.6245044,121.0091955,Quezon Avenue,primary,740,8176
g6t3l4,14.6234416,121.0080519,14.6241106,121.0087908,Quezon Avenue,primary,741,740
4psbb0,14.6319065,121.074334,14.6324921,121.0743637,,,746,13608
izul1q,14.6215848,121.0502586,14.6216888,121.0502055,EDSA,primary,747,7508
v9lbc4,14.6248429,121.0572034,14.6243904,121.0574312,15th Avenue,secondary,748,3018
7ocydr,14.6248429,121.0572034,14.6257139,121.0589342,Aurora Boulevard,primary,748,7533
cwh8x6,14.6275702,121.0741068,14.6238184,121.0742296,,,750,13414
9x48tl,14.6275925,121.0742358,14.6304109,121.0742973,Katipunan Avenue,primary,751,9370
cohv6q,14.6275925,121.0742358,14.636667,121.0745626,Katipunan Avenue,primary,751,494
dkvdfg,14.6055043,121.0791766,14.6070459,121.0787997,,,753,13081
dkvdfg,14.6094812,121.0767817,14.6096683,121.0766106,E. Rodriguez Jr. Avenue,primary,754,8379
uz5lj8,14.6425346,121.0747606,14.646275,121.074492,,,822,13273
cjggp5,14.6709268,121.0782105,14.6717115,121.0789913,Commonwealth Avenue,primary,825,2305
mq1fr0,14.6282818,121.0583988,14.6280302,121.0578126,Ermin Garcia Street,tertiary,848,361
mq1fr0,14.6282818,121.0583988,14.6284321,121.059067,Ermin Garcia Street,tertiary,848,849
mq1fr0,14.6284321,121.059067,14.6282818,121.0583988,Ermin Garcia Street,tertiary,849,848
mq1fr0,14.6284321,121.059067,14.6286441,121.0597286,Ermin Garcia Street,tertiary,849,850
e869k1,14.6286441,121.0597286,14.6267164,121.0607084,Pittsburgh Street,residential,850,2463
mq1fr0,14.6286441,121.0597286,14.6284321,121.059067,Ermin Garcia Street,tertiary,850,849
cizdae,14.6574299,121.0007195,14.6574258,120.9999357,EDSA,trunk,853,8515
sc1xp1,14.6560771,121.0285161,14.6566335,121.0260239,EDSA,trunk,857,9665
goazyb,14.6618556,121.0202055,14.6627276,121.0205364,Congressional Avenue,secondary,859,8349
t40kf2,14.6655192,121.0297593,14.6653358,121.0290869,Congressional Avenue,secondary,860,2632
e9gyg1,14.6639082,121.0363992,14.6627269,121.0365821,,,861,12065
ah4d04,14.6545872,121.03523,14.6546178,121.0350919,North Avenue,primary,862,39
2mdpyu,14.6545872,121.03523,14.6583098,121.0360995,Mindanao Avenue,primary,862,7568
y391xx,14.6610711,121.0366498,14.6624247,121.0367258,Mindanao Avenue,primary,863,9668
y391xx,14.6639353,121.0365192,14.6651191,121.0361046,Mindanao Avenue,primary,864,2620
40700i,14.6709693,121.0393516,14.6713983,121.0412151,Congressional Avenue,primary,865,3736
40700i,14.6718609,121.0433331,14.6718921,121.0434804,Congressional Avenue Extension,primary,866,7630
641btz,14.6718609,121.0433331,14.6715847,121.0433222,Visayas Avenue,secondary,866,2760
641btz,14.6719908,121.0433359,14.6718609,121.0433331,Visayas Avenue,secondary,867,866
d6yfmu,14.6719908,121.0433359,14.6719359,121.043091,Congressional Avenue,primary,867,7938
wauhiv,14.6710826,121.039322,14.6710503,121.039191,Congressional Avenue,primary,868,7404
yrku05,14.6918651,121.0265311,14.6920386,121.026172,Mindanao Avenue,primary,869,7401
oo0svm,14.6326861,121.0186373,14.6317523,121.0171419,,,894,9861
4wjq7l,14.6335441,121.0181341,14.6326861,121.0186373,Fernando Poe Jr. Avenue,secondary,901,894
pd5yic,14.639953,121.0131261,14.639821,121.0119947,Del Monte Avenue,secondary,920,3158
2v56ey,14.6416867,121.0229047,14.6418093,121.0233656,Del Monte Avenue,secondary,922,8168
n0b3nt,14.6416867,121.0229047,14.6411176,121.0216219,Del Monte Avenue,secondary,922,919
2v56ey,14.6420582,121.0242461,14.6421899,121.0246761,Del Monte Avenue,secondary,929,8172
2v56ey,14.6420582,121.0242461,14.6419332,121.0238083,Del Monte Avenue,secondary,929,8171
2v56ey,14.6423082,121.0250969,14.6424323,121.025538,Del Monte Avenue,secondary,932,8448
2v56ey,14.6423082,121.0250969,14.6421899,121.0246761,Del Monte Avenue,secondary,932,8172
wxqdx8,14.6295586,121.0297238,14.6290797,121.0296144,Scout Tobias Street,tertiary,1025,8972
inm3ma,14.6295586,121.0297238,14.6296523,121.0297457,Scout Tobias Street,tertiary,1025,146
4qohk2,14.6295586,121.0297238,14.6294045,121.0304423,Don Alejandro Roces Avenue,secondary,1025,7693
4qohk2,14.6291069,121.0318305,14.6289565,121.0325315,,,1026,11935
wxqdx8,14.6280922,121.0293889,14.6285879,121.0295021,Scout Tobias Street,tertiary,1027,1030
wxqdx8,14.6280922,121.0293889,14.6279967,121.0293671,Scout Tobias Street,tertiary,1027,8057
v88j8k,14.630004,121.0276605,14.6295586,121.0297238,Don Alejandro Roces Avenue,secondary,1028,1025
v13vxy,14.6280104,121.0271865,14.6278013,121.0281663,Scout Chuatoco Street,tertiary,1029,8049
v13vxy,14.6280104,121.0271865,14.6284631,121.0250824,Scout Chuatoco Street,tertiary,1029,1033
wxqdx8,14.6285879,121.0295021,14.6290797,121.0296144,Scout Tobias Street,tertiary,1030,8972
wxqdx8,14.6285879,121.0295021,14.6280922,121.0293889,Scout Tobias Street,tertiary,1030,1027
v88j8k,14.6304825,121.0255143,14.630004,121.0276605,Don Alejandro Roces Avenue,secondary,1032,1028
v13vxy,14.6284631,121.0250824,14.6288205,121.0234434,Scout Chuatoco Street,tertiary,1033,7690
v13vxy,14.6284631,121.0250824,14.6280104,121.0271865,Scout Chuatoco Street,tertiary,1033,1029
cozlat,14.633297,121.0200274,14.6323066,121.0206867,Don Alejandro Roces Avenue,unclassified,1039,1040
3lk4tc,14.633297,121.0200274,14.6343083,121.0216652,Quezon Avenue,primary,1039,7863
tqvaqs,14.6323066,121.0206867,14.6315486,121.0210267,,,1040,10023
ny3npi,14.6300986,121.0276829,14.6305635,121.0255343,Don Alejandro Roces Avenue,secondary,1042,387
x4mn52,14.6236501,121.0456655,14.6240722,121.0460796,New York Street,tertiary,1050,3067
x4mn52,14.6236501,121.0456655,14.6231089,121.045048,New York Street,tertiary,1050,1070
x4mn52,14.6249603,121.0470301,14.625313,121.0473963,New York Street,tertiary,1056,1063
x4mn52,14.6249603,121.0470301,14.6244543,121.0464877,New York Street,tertiary,1056,1066
x4mn52,14.625313,121.0473963,14.6249603,121.0470301,New York Street,tertiary,1063,1056
5j3vlw,14.625313,121.0473963,14.6256225,121.0481084,New York Street,tertiary,1063,1069
x4mn52,14.6244543,121.0464877,14.6240722,121.0460796,New York Street,tertiary,1066,3067
x4mn52,14.6244543,121.0464877,14.6249603,121.0470301,New York Street,tertiary,1066,1056
uk1xd9,14.6218851,121.0474561,14.6231089,121.045048,E. Rodriguez Sr. Avenue,secondary,1068,1070
uk1xd9,14.6218851,121.0474561,14.6215354,121.0481388,E. Rodriguez Sr. Avenue,secondary,1068,2436
5j3vlw,14.6256225,121.0481084,14.625313,121.0473963,New York Street,tertiary,1069,1063
xfuruu,14.6256225,121.0481084,14.6241771,121.0487909,EDSA,trunk,1069,7315
ttqs1r,14.6231089,121.045048,14.623761,121.043777,E. Rodriguez Sr. Avenue,secondary,1070,8971
uk1xd9,14.6231089,121.045048,14.6218851,121.0474561,E. Rodriguez Sr. Avenue,secondary,1070,1068
x4mn52,14.6231089,121.045048,14.6236501,121.0456655,New York Street,tertiary,1070,1050
mby5fh,14.6203086,121.037477,14.6198303,121.0377651,Balete Drive,tertiary,1072,573
mby5fh,14.6203086,121.037477,14.6213021,121.0368764,Balete Drive,tertiary,1072,592
mby5fh,14.6195782,121.0379244,14.6198303,121.0377651,Balete Drive,tertiary,1075,573
mby5fh,14.6195782,121.0379244,14.6190127,121.038266,,,1075,11936
gwuvdp,14.6240165,121.0320125,14.6239745,121.0314874,E. Rodriguez Sr. Avenue,secondary,1082,9417
gwuvdp,14.6240165,121.0320125,14.6240881,121.0329243,E. Rodriguez Sr. Avenue,secondary,1082,9803
wwi3ir,14.621947,121.0247365,14.6223567,121.026126,,,1085,11068
xeln5w,14.6229476,121.0280265,14.6224433,121.0264195,E. Rodriguez Sr. Avenue,secondary,1092,93
xeln5w,14.6229476,121.0280265,14.6231346,121.0286261,E. Rodriguez Sr. Avenue,secondary,1092,22
yym9ob,14.6127592,121.0383649,14.6144285,121.0373345,Doña Hemady Street,primary,1093,9685
z4ewvb,14.6118389,121.0328593,14.6110991,121.0333408,Broadway Avenue,tertiary,1094,97
z4ewvb,14.6118389,121.0328593,14.6126016,121.0324263,Broadway Avenue,tertiary,1094,1567
4uyafs,14.6131475,121.0351081,14.6117781,121.0359115,Gilmore Avenue,primary,1095,94
xh8blf,14.6099684,121.0347058,14.6110991,121.0333408,Valencia Street,residential,1096,97
tsjhrj,14.6099684,121.0347058,14.6100842,121.0368028,Valencia Street,residential,1096,1571
y70tuf,14.6112815,121.0361566,14.6099684,121.0347058,Castilla Street,residential,1097,1096
hb9ma8,14.6112815,121.0361566,14.6117781,121.0359115,Senator Jose O. Vera Street,primary,1097,94
ljat26,14.6112815,121.0361566,14.6104788,121.0365882,Senator Jose O. Vera Street,primary,1097,3318
bzkucx,14.6243232,121.0360773,14.6243963,121.0370763,E. Rodriguez Sr. Avenue,secondary,1098,9801
uk1xd9,14.6212867,121.0489373,14.6215354,121.0481388,E. Rodriguez Sr. Avenue,secondary,1120,2436
2ctmmu,14.620322,121.0471219,14.6206834,121.0480899,Aurora Boulevard,primary,1129,1134
12nd2z,14.620961,121.0488934,14.6210862,121.0492344,,,1130,13073
2ctmmu,14.6206834,121.0480899,14.620961,121.0488934,Aurora Boulevard,primary,1134,1130
wwi3ir,14.6217072,121.0240688,14.6219326,121.0246876,E. Rodriguez Sr. Avenue,secondary,1141,8644
t5no4q,14.6572753,121.0010388,14.6573199,121.0041495,,,1144,11288
1t1rz8,14.6293958,121.0085633,14.6297702,121.0093994,Maria Clara Street,secondary,1205,3212
1t1rz8,14.6293958,121.0085633,14.6285268,121.0066155,Maria Clara Street,secondary,1205,1438
iktbsr,14.6391611,121.0069299,14.6422703,121.0060617,Gregorio Araneta Avenue,primary,1214,2019
fmr1sq,14.6391278,121.0067281,14.6358712,121.0086795,Gregorio Araneta Avenue,primary,1215,293
fdnn1g,14.6909155,121.0953682,14.69018,121.0946283,,,1218,11329
2r032a,14.692936,121.0962544,14.6915154,121.0960077,Batasan Road,secondary,1219,152
cu8t3c,14.6863031,121.089904,14.6870815,121.0915898,Batasan Road,primary,1221,7759
jg2wv5,14.6310917,121.0743016,14.6315471,121.074313,,,1226,12461
i9qjwa,14.627776,121.0717769,14.6288325,121.0712111,Padre Burgos Street,tertiary,1227,521
i9qjwa,14.627776,121.0717769,14.6256876,121.0725458,Padre Burgos Street,tertiary,1227,523
e13p1s,14.6282469,121.0664777,14.6287044,121.067982,Aurora Boulevard,primary,1230,8378
8t7jnc,14.6282469,121.0664777,14.6268965,121.0660505,F. Castillo Street,tertiary,1230,537
8t7jnc,14.6262141,121.0658319,14.6268965,121.0660505,F. Castillo Street,tertiary,1231,537
tzcncg,14.6262141,121.0658319,14.6260174,121.0656804,F. Castillo Street,tertiary,1231,1232
uvbfl2,14.6260174,121.0656804,14.6255427,121.0660454,Antonio Luna Street,tertiary,1232,7545
tzcncg,14.6260174,121.0656804,14.6262141,121.0658319,F. Castillo Street,tertiary,1232,1231
bgumxs,14.6153193,121.0655614,14.616121,121.0652048,20th Avenue,secondary,1241,1313
bgumxs,14.6153193,121.0655614,14.613608,121.0663098,,,1241,10128
3tbg0d,14.6167035,121.0611307,14.6158446,121.0614823,15th Avenue,secondary,1250,1321
vgk9tt,14.616023,121.0593611,14.6193456,121.0578105,,,1251,13042
vgk9tt,14.6143017,121.0601599,14.616023,121.0593611,13th Avenue,residential,1252,1251
3f5uay,14.6171209,121.0545992,14.6174404,121.0550665,,,1261,12128
3f5uay,14.6171209,121.0545992,14.6164636,121.053576,Pedro Tuazon Boulevard,secondary,1261,9683
d4gz3s,14.611992,121.0547218,14.6130533,121.0541695,EDSA,secondary,1268,7342
uqdbg2,14.6259602,121.0705614,14.6255573,121.070705,Jose P. Rizal Street,tertiary,1274,7551
uqdbg2,14.6259602,121.0705614,14.6273102,121.0700801,Jose P. Rizal Street,tertiary,1274,533
uqdbg2,14.6251968,121.070831,14.6255573,121.070705,Jose P. Rizal Street,tertiary,1279,7551
uqdbg2,14.6251968,121.070831,14.6247613,121.0709906,Jose P. Rizal Street,tertiary,1279,563
uqdbg2,14.6246987,121.0710114,14.6242305,121.0711723,Jose P. Rizal Street,tertiary,1280,528
jwl4q2,14.6234211,121.0725072,14.6235165,121.0728777,Pedro Tuazon Boulevard,secondary,1281,7384
jwl4q2,14.6234211,121.0725072,14.6231665,121.0715381,Pedro Tuazon Boulevard,secondary,1281,272
jgynt1,14.6230252,121.0709835,14.6231665,121.0715381,Pedro Tuazon Boulevard,secondary,1285,272
jgynt1,14.6230252,121.0709835,14.6229108,121.0705206,Pedro Tuazon Boulevard,secondary,1285,2480
shw0ys,14.6215659,121.0719778,14.6223073,121.0717741,,,1286,13033
bezacn,14.6236166,121.0673965,14.623127,121.0673635,Lakandula Street,tertiary,1289,556
bezacn,14.6236166,121.0673965,14.624024,121.0674087,Lakandula Street,tertiary,1289,1290
bezacn,14.624024,121.0674087,14.6236166,121.0673965,Lakandula Street,tertiary,1290,1289
47goeu,14.6250604,121.0663942,14.6255427,121.0660454,Antonio Luna Street,tertiary,1291,7545
x9mcmm,14.6198042,121.0586468,14.6194732,121.0579442,,,1298,13041
x9mcmm,14.6198042,121.0586468,14.6200931,121.0594963,Pedro Tuazon Boulevard,secondary,1298,99
3tbg0d,14.6148831,121.0618681,14.6140073,121.0622367,15th Avenue,secondary,1301,1302
3tbg0d,14.6140073,121.0622367,14.613202,121.0625708,15th Avenue,secondary,1302,1307
3tbg0d,14.613202,121.0625708,14.6127492,121.0627345,15th Avenue,secondary,1307,9703
bgumxs,14.616121,121.0652048,14.6153193,121.0655614,20th Avenue,secondary,1313,1241
bgumxs,14.616121,121.0652048,14.6170982,121.0647728,20th Avenue,secondary,1313,3020
bgumxs,14.6187136,121.0640511,14.6170982,121.0647728,20th Avenue,secondary,1314,3020
bgumxs,14.6187136,121.0640511,14.6192076,121.0638418,20th Avenue,secondary,1314,7359
3tbg0d,14.6158446,121.0614823,14.614955,121.0618413,15th Avenue,secondary,1321,1270
a963ed,14.6109504,121.0552177,14.6108646,121.0548742,Colonel Bonny Serrano Avenue,secondary,1331,7440
d4gz3s,14.6109504,121.0552177,14.6112472,121.0550775,EDSA,secondary,1331,5242
1t1rz8,14.6285268,121.0066155,14.6293958,121.0085633,Maria Clara Street,secondary,1438,1205
ibfpb9,14.627465,121.0140457,14.6243249,121.015357,Gregorio Araneta Avenue,primary,1492,1495
qo440q,14.627465,121.0140457,14.6211458,121.0149994,,,1492,11172
g6t3l4,14.6281857,121.0133323,14.628314,121.0134664,Quezon Avenue,primary_link,1493,143
21vrl8,14.6283522,121.0131621,14.6265814,121.0112281,Quezon Avenue,primary_link,1494,8926
mxmund,14.6189099,121.0147879,14.6186999,121.0123094,E. Rodriguez Sr. Avenue,secondary,1496,610
dj2qrf,14.6165464,121.0159675,14.6153332,121.0165746,Gregorio Araneta Avenue,primary,1497,1498
frwwbv,14.6153332,121.0165746,14.6134483,121.0167459,Gregorio Araneta Avenue,primary,1498,1499
frwwbv,14.6134483,121.0167459,14.6114912,121.0168417,Gregorio Araneta Avenue,primary,1499,1500
ptyq45,14.6114912,121.0168417,14.6081193,121.016997,Gregorio Araneta Avenue,primary,1500,1501
df1veg,14.6081193,121.016997,14.606241,121.0179864,,,1501,10071
rsfdb6,14.6284789,121.0132986,14.6283522,121.0131621,Quezon Avenue,primary_link,1503,1494
1t1rz8,14.6301007,121.0101067,14.6297702,121.0093994,Maria Clara Street,secondary,1517,3212
1t1rz8,14.6301007,121.0101067,14.6305049,121.0110259,Maria Clara Street,secondary,1517,295
badb94,14.6370634,121.050473,14.637208,121.049823,V. Luna Road,secondary,1529,2483
badb94,14.6370634,121.050473,14.6368358,121.0514868,V. Luna Road,secondary,1529,2831
rm5ad2,14.6364973,121.0252101,14.6367382,121.0256049,Quezon Avenue,primary,1542,684
rm5ad2,14.634865,121.0225667,14.6351645,121.0230517,,,1543,12417
ck0do,14.6058036,121.0187201,14.605657,121.0185708,Aurora Boulevard,primary,1564,66
u57r57,14.6058036,121.0187201,14.6063774,121.0181257,Gregorio Araneta Avenue,primary,1564,2983
6h6gvz,14.6056923,121.0188367,14.608059,121.0212307,,,1565,11781
4uyafs,14.613805,121.034709,14.6131475,121.0351081,Gilmore Avenue,primary,1566,1095
lms8m4,14.613805,121.034709,14.6150754,121.0369468,,,1566,11001
z4ewvb,14.6126016,121.0324263,14.6118389,121.0328593,Broadway Avenue,tertiary,1567,1094
9j2fl0,14.6126016,121.0324263,14.613805,121.034709,Aurora Boulevard,primary,1567,1566
rhdnpk,14.6055461,121.0186831,14.6056923,121.0188367,Aurora Boulevard,primary,1568,1565
2z6zwy,14.6087541,121.0451961,14.6086802,121.0456728,,,1570,11495
2z6zwy,14.6087541,121.0451961,14.6095823,121.043249,Colonel Bonny Serrano Avenue,secondary,1570,7752
ljat26,14.6100842,121.0368028,14.6104788,121.0365882,Senator Jose O. Vera Street,primary,1571,3318
h39gn3,14.6100842,121.0368028,14.6089326,121.0376766,,,1571,12226
7zxnnr,14.6131413,121.0537984,14.6118555,121.0544198,EDSA,secondary,1572,1871
fmr1sq,14.6446152,121.0050889,14.6422284,121.0058852,,,1621,12232
ajfo12,14.7218996,121.0526222,14.7214433,121.0521258,Mindanao Avenue,secondary,1656,729
27z26a,14.719044,121.0541302,14.7213398,121.0522131,Commonwealth Avenue,primary,1657,1665
ajfo12,14.7244952,121.0554343,14.7218996,121.0526222,Mindanao Avenue,secondary,1658,1656
o0y6s2,14.725226,121.0487433,14.7248282,121.0490817,,,1659,12247
javw1i,14.7243949,121.0555208,14.7267096,121.0580344,Mindanao Avenue,secondary,1661,1662
uhd3fj,14.7267096,121.0580344,14.7268113,121.0579474,Belfast Avenue,secondary,1662,267
rhcga0,14.7267096,121.0580344,14.7293637,121.060926,Mindanao Avenue,secondary,1662,9449
qzoe1n,14.7217949,121.052698,14.7243949,121.0555208,Mindanao Avenue,secondary,1663,1661
lx2mfg,14.7212575,121.0521244,14.7213398,121.0522131,Mindanao Avenue,secondary,1664,1665
369k9p,14.7212575,121.0521244,14.718946,121.0540125,Commonwealth Avenue,primary,1664,8213
27z26a,14.7213398,121.0522131,14.7214433,121.0521258,Commonwealth Avenue,primary,1665,729
qzoe1n,14.7213398,121.0522131,14.7217949,121.052698,Mindanao Avenue,secondary,1665,1663
iktbsr,14.6359707,121.0088917,14.638948,121.0070925,Gregorio Araneta Avenue,primary,1715,7732
kw4wg3,14.6393042,121.008088,14.6395183,121.0097531,Del Monte Avenue,secondary,1717,1668
46ay89,14.6305837,121.0111754,14.6325807,121.0092901,Gregorio Araneta Avenue,primary,1725,284
rnq7rf,14.6125167,121.0069471,14.6128423,121.0071131,Bayani Road,tertiary,1748,2172
ck0do,14.6067568,121.0197187,14.6058036,121.0187201,Aurora Boulevard,primary,1749,1564
u57r57,14.6114986,121.0170043,14.6134503,121.016905,Gregorio Araneta Avenue,primary,1767,1765
cyjjhk,14.6328232,121.0740977,14.6325012,121.0740839,,,1774,13609
4psbb0,14.6328179,121.0743834,14.6333049,121.0744103,Katipunan Avenue,primary,1775,496
zb2weo,14.6187936,121.0431762,14.6190316,121.0435788,Aurora Boulevard,primary,1776,3037
l42xt5,14.6167019,121.0396953,14.6152238,121.040612,Balete Drive,tertiary,1777,3005
zb2weo,14.6167019,121.0396953,14.6182223,121.0422304,Aurora Boulevard,primary,1777,3322
wsvevd,14.6587479,121.0449298,14.6575701,121.0453866,Visayas Avenue,secondary,1802,7394
wsvevd,14.6597585,121.0446433,14.6587479,121.0449298,Visayas Avenue,secondary,1803,1802
su8wpz,14.6629532,121.0439136,14.6617106,121.0441997,Visayas Avenue,secondary,1804,7845
lgsrdr,14.5930397,121.0586102,14.5928399,121.0588332,Ortigas Avenue,primary,1859,7830
cs290t,14.5930397,121.0586102,14.5931803,121.0586597,EDSA,primary,1859,166
j664pq,14.6556223,121.0293904,14.6549334,121.0303425,EDSA,trunk,1860,7521
g3myxf,14.6556223,121.0293904,14.6543151,121.0296837,West Avenue,primary,1860,9655
4fiene,14.6537131,121.0385301,14.6536819,121.0386706,North Avenue,primary,1863,9672
s6np33,14.6537131,121.0385301,14.6534367,121.0384867,,,1863,10050
8q8p2n,14.614481,121.0532696,14.6140476,121.053468,EDSA,trunk,1864,9071
7zxnnr,14.613561,121.0536039,14.6131413,121.0537984,EDSA,secondary,1870,1572
7zxnnr,14.6118555,121.0544198,14.6115032,121.0545807,EDSA,secondary,1871,8667
1z1zt9,14.6102291,121.0523463,14.6103083,121.0526745,,,1874,10126
1z1zt9,14.6102291,121.0523463,14.6098262,121.0506784,,,1874,10234
pw9zu2,14.6629723,121.0440272,14.6646055,121.0436502,Visayas Avenue,secondary,1875,8671
lufa8k,14.6597857,121.0447715,14.661277,121.0444193,Visayas Avenue,secondary,1876,7846
c8ipep,14.602291,121.0691309,14.6049763,121.0701396,Katipunan Avenue,tertiary,1941,67
c8ipep,14.6082016,121.0705333,14.606697,121.0703517,Katipunan Avenue,tertiary,1979,1985
c8ipep,14.606697,121.0703517,14.6082016,121.0705333,Katipunan Avenue,tertiary,1985,1979
c8ipep,14.606697,121.0703517,14.6049763,121.0701396,Katipunan Avenue,tertiary,1985,67
fiyst,14.607205,121.0139822,14.6088356,121.013729,Santol Street,tertiary,2016,8944
iktbsr,14.6422703,121.0060617,14.643832,121.0058977,Gregorio Araneta Avenue,primary,2019,285
n8g0u2,14.6444215,121.0170462,14.6437615,121.0169363,Fernando Poe Jr. Avenue,secondary,2049,896
n0b3nt,14.6408798,121.019877,14.6411176,121.0216219,Del Monte Avenue,secondary,2069,919
n0b3nt,14.6407664,121.019098,14.6408798,121.019877,Del Monte Avenue,secondary,2071,2069
n0b3nt,14.6407664,121.019098,14.6406403,121.0181948,Del Monte Avenue,secondary,2071,921
1r6mgk,14.6574214,121.0109989,14.655515,121.0115466,Kaingin Road,tertiary,2082,2081
xk635l,14.6574214,121.0109989,14.6574678,121.0141658,,,2082,12328
j664pq,14.6556656,121.0291813,14.6556223,121.0293904,EDSA,trunk,2121,1860
juje2n,14.652993,121.0183606,14.654525,121.0186068,Fernando Poe Jr. Avenue,secondary,2146,2145
nmqgkq,14.6646046,121.0264061,14.6652207,121.0291207,Congressional Avenue,secondary,2148,7917
hg40dn,14.6637039,121.0223714,14.6628047,121.020428,Congressional Avenue,secondary,2149,2691
q73ieq,14.6638553,121.022995,14.6637039,121.0223714,Congressional Avenue,secondary,2151,2149
8983mp,14.6140779,121.0097532,14.6140557,121.0096569,Bayani Road,tertiary,2152,2409
8983mp,14.6140779,121.0097532,14.614148,121.0100625,Bayani Road,tertiary,2152,2161
8983mp,14.614148,121.0100625,14.6140779,121.0097532,Bayani Road,tertiary,2161,2152
8983mp,14.614148,121.0100625,14.61423,121.0104317,Bayani Road,tertiary,2161,2162
srodtf,14.61423,121.0104317,14.61414,121.0121971,Biak-na-Bato Street,tertiary,2162,2991
8983mp,14.61423,121.0104317,14.614148,121.0100625,Bayani Road,tertiary,2162,2161
8983mp,14.6139613,121.008493,14.6138894,121.0080743,Bayani Road,tertiary,2163,9358
8983mp,14.6139613,121.008493,14.6139945,121.0091141,Bayani Road,tertiary,2163,2412
8983mp,14.6136882,121.007714,14.6138599,121.0078868,Bayani Road,tertiary,2167,9357
8983mp,14.6131603,121.0072905,14.6132392,121.0073479,Bayani Road,tertiary,2169,2175
8983mp,14.6131603,121.0072905,14.6128423,121.0071131,Bayani Road,tertiary,2169,2172
rnq7rf,14.6128423,121.0071131,14.6118643,121.008362,Bagong Buhay Street,residential,2172,2173
rnq7rf,14.6128423,121.0071131,14.6125167,121.0069471,Bayani Road,tertiary,2172,1748
8983mp,14.6128423,121.0071131,14.6131603,121.0072905,Bayani Road,tertiary,2172,2169
8983mp,14.6132392,121.0073479,14.6131603,121.0072905,Bayani Road,tertiary,2175,2169
8983mp,14.6132392,121.0073479,14.613421,121.0074962,Bayani Road,tertiary,2175,2415
uf1eik,14.6760897,121.043758,14.6761268,121.043616,Tandang Sora Avenue,secondary,2184,278
d6yfmu,14.6720261,121.0434897,14.6719908,121.0433359,Congressional Avenue,primary,2185,867
9lcsxf,14.6720261,121.0434897,14.6722717,121.0435062,Visayas Avenue,secondary,2185,7937
rr51ga,14.6715685,121.0784395,14.6701758,121.0769463,Commonwealth Avenue,primary,2291,7047
xp1k0b,14.677761,121.0832922,14.6802144,121.0843622,Commonwealth Avenue,primary,2293,2296
xp1k0b,14.6802144,121.0843622,14.682755,121.0854659,,,2296,11548
cjggp5,14.6717115,121.0789913,14.6750777,121.0817044,,,2305,11053
mia5yq,14.6843366,121.0772932,14.6838331,121.0776978,Holy Spirit Drive,secondary,2345,2344
vwmph8,14.6849481,121.0771258,14.6843366,121.0772932,Holy Spirit Drive,secondary,2346,2345
frsedf,14.6849525,121.0745184,14.6849481,121.0771258,De Leon Street,secondary,2351,2346
ahfap0,14.6849531,121.074002,14.6849525,121.0745184,De Leon Street,tertiary,2352,2351
mia5yq,14.6808403,121.0802785,14.6784942,121.0820004,Holy Spirit Drive,secondary,2365,2342
mia5yq,14.6835582,121.0780144,14.6838331,121.0776978,Holy Spirit Drive,secondary,2368,2344
mia5yq,14.6834746,121.0781094,14.6835582,121.0780144,Holy Spirit Drive,secondary,2369,2368
pt0fb9,14.6125929,121.0126858,14.612324,121.0127606,Santol Street,tertiary,2404,2900
pt0fb9,14.6125929,121.0126858,14.6129429,121.0125748,Santol Street,tertiary,2404,8953
8983mp,14.6140557,121.0096569,14.6140779,121.0097532,Bayani Road,tertiary,2409,2152
8983mp,14.6140557,121.0096569,14.6139945,121.0091141,Bayani Road,tertiary,2409,2412
8983mp,14.6139945,121.0091141,14.6139613,121.008493,Bayani Road,tertiary,2412,2163
8983mp,14.6139945,121.0091141,14.6140557,121.0096569,Bayani Road,tertiary,2412,2409
8983mp,14.613421,121.0074962,14.6136682,121.007699,,,2415,11641
8983mp,14.613421,121.0074962,14.6132392,121.0073479,Bayani Road,tertiary,2415,2175
dj2qrf,14.6188001,121.0147964,14.6167047,121.0158757,Gregorio Araneta Avenue,primary,2428,2929
bzkucx,14.6246257,121.039841,14.6244964,121.0382839,E. Rodriguez Sr. Avenue,secondary,2435,9800
12nd2z,14.6215354,121.0481388,14.6213533,121.0483593,E. Rodriguez Sr. Avenue,secondary,2436,9684
uk1xd9,14.6215354,121.0481388,14.6218851,121.0474561,E. Rodriguez Sr. Avenue,secondary,2436,1068
a8z12x,14.7058189,121.0382299,14.7065391,121.0385466,,,2438,10449
ai9ygj,14.6164878,121.0515928,14.6159201,121.0506116,Pedro Tuazon Boulevard,secondary,2442,2892
ai9ygj,14.6164878,121.0515928,14.616466,121.0522781,Pedro Tuazon Boulevard,secondary,2442,7849
1dpy9l,14.6145629,121.0706053,14.6143265,121.0705957,,,2450,10895
bjuucq,14.633876,121.0565849,14.6345204,121.0588455,Kamias Road,secondary,2454,88
bjuucq,14.633876,121.0565849,14.6332046,121.0543392,Kamias Road,secondary,2454,81
p2xbxh,14.6345198,121.0454064,14.6379812,121.0462198,East Avenue,primary,2461,160
e869k1,14.6267164,121.0607084,14.6286441,121.0597286,Pittsburgh Street,residential,2463,850
bvdemp,14.6267164,121.0607084,14.6265444,121.0603954,Aurora Boulevard,primary,2463,7534
jj44fz,14.6252328,121.0577356,14.6249404,121.0571523,Aurora Boulevard,primary,2464,2465
h470z0,14.6249404,121.0571523,14.6246446,121.0565517,Aurora Boulevard,primary,2465,394
xtqvru,14.6240649,121.0553566,14.6238072,121.0548245,Aurora Boulevard,primary,2466,2471
e8o6q7,14.6264189,121.0601383,14.6260942,121.0594875,Aurora Boulevard,primary,2467,2468
e8o6q7,14.6260942,121.0594875,14.6258033,121.0588955,Aurora Boulevard,primary,2468,2469
e8o6q7,14.6258033,121.0588955,14.6255088,121.0583217,Aurora Boulevard,primary,2469,2470
8wydjp,14.6255088,121.0583217,14.627389,121.0574089,Albany Street,residential,2470,358
jj44fz,14.6255088,121.0583217,14.6252328,121.0577356,Aurora Boulevard,primary,2470,2464
xtqvru,14.6238072,121.0548245,14.6233562,121.0538617,Aurora Boulevard,primary,2471,2472
xtqvru,14.6233562,121.0538617,14.6230493,121.0532173,,,2472,12069
xtqvru,14.6227906,121.0526744,14.6225494,121.052175,Aurora Boulevard,primary,2473,2474
xtqvru,14.6225494,121.052175,14.6222976,121.0516222,Aurora Boulevard,primary,2474,397
8v94g2,14.6215684,121.0639697,14.6211903,121.0629711,Pedro Tuazon Boulevard,secondary,2475,539
8v94g2,14.6215684,121.0639697,14.622169,121.0653637,Pedro Tuazon Boulevard,secondary,2475,2476
8v94g2,14.622169,121.0653637,14.6225405,121.0673261,Pedro Tuazon Boulevard,secondary,2476,274
8v94g2,14.622169,121.0653637,14.6215684,121.0639697,Pedro Tuazon Boulevard,secondary,2476,2475
aenpia,14.6229205,121.0532206,14.6232658,121.053913,Aurora Boulevard,primary,2477,7529
jgynt1,14.6226358,121.0694075,14.6225133,121.0688881,Pedro Tuazon Boulevard,secondary,2479,273
jgynt1,14.6226358,121.0694075,14.6229108,121.0705206,Pedro Tuazon Boulevard,secondary,2479,2480
jgynt1,14.6229108,121.0705206,14.6226358,121.0694075,Pedro Tuazon Boulevard,secondary,2480,2479
jgynt1,14.6229108,121.0705206,14.6230252,121.0709835,Pedro Tuazon Boulevard,secondary,2480,1285
badb94,14.637208,121.049823,14.6370634,121.050473,V. Luna Road,secondary,2483,1529
badb94,14.637208,121.049823,14.6373236,121.0492544,V. Luna Road,secondary,2483,2484
badb94,14.6373236,121.0492544,14.637208,121.049823,V. Luna Road,secondary,2484,2483
badb94,14.6373236,121.0492544,14.6374433,121.0487291,V. Luna Road,secondary,2484,2485
badb94,14.6374433,121.0487291,14.6373236,121.0492544,V. Luna Road,secondary,2485,2484
badb94,14.6374433,121.0487291,14.6375817,121.0480395,V. Luna Road,secondary,2485,157
dc64i,14.6544868,121.0352072,14.6545872,121.03523,Mindanao Avenue,primary,2486,862
4fiene,14.6544868,121.0352072,14.654321,121.0359647,,,2486,12261
pmmiwi,14.7086312,121.0627727,14.7104833,121.061238,,,2494,10372
ovtgrn,14.7085296,121.0626451,14.7073813,121.0636143,Commonwealth Avenue,primary,2495,56
uqdbg2,14.6293338,121.0693586,14.6286786,121.0695922,Jose P. Rizal Street,tertiary,2529,525
j2lusb,14.6293338,121.0693586,14.6298695,121.0705332,Aurora Boulevard,primary,2529,520
y7c1a0,14.6304052,121.0716958,14.6312798,121.0734706,Aurora Boulevard,primary,2531,6949
op6iin,14.6288116,121.0679253,14.6283573,121.0665125,Aurora Boulevard,primary,2532,7557
586hqt,14.6545175,121.035069,14.6544868,121.0352072,North Avenue,primary,2533,2486
k502y0,14.6320992,121.060436,14.6316603,121.0607189,Anonas Street,secondary,2534,517
k502y0,14.6320992,121.060436,14.6324816,121.0600654,Anonas Street,secondary,2534,90
k502y0,14.629608,121.0618817,14.6292214,121.0624496,Anonas Street,secondary,2561,84
k502y0,14.629608,121.0618817,14.6299795,121.0616301,Anonas Street,secondary,2561,85
es5hg9,14.633739,121.0541882,14.6361487,121.0546426,Kalayaan Avenue,secondary,2563,7744
tjb6kw,14.633739,121.0541882,14.6332046,121.0543392,Kalayaan Avenue,secondary,2563,81
ibevbn,14.6384798,121.0581219,14.6378658,121.0580814,Anonas Street Extension,tertiary,2568,158
uarpuu,14.6384798,121.0581219,14.6391212,121.0580525,Anonas Street Extension,tertiary,2568,2818
mnk36o,14.6543395,121.0549191,14.654732,121.0584235,University Avenue,secondary,2572,165
lufa8k,14.6576182,121.0454984,14.6597857,121.0447715,Visayas Avenue,secondary,2573,1876
yhb51m,14.6651191,121.0361046,14.6662208,121.0354754,Mindanao Avenue,primary,2620,7057
t40kf2,14.6653358,121.0290869,14.6647362,121.0263731,Congressional Avenue,secondary,2632,2647
q73ieq,14.6647362,121.0263731,14.6638553,121.022995,Congressional Avenue,secondary,2647,2151
5mnqju,14.6643732,121.022208,14.6648099,121.0220951,Short Horn Street,tertiary,2669,2634
tl7k2i,14.6643732,121.022208,14.6637039,121.0223714,Short Horn Street,tertiary,2669,2149
6bhjz1,14.670228,121.0254336,14.6704789,121.0262488,Road 20,tertiary,2675,2654
6bhjz1,14.6712117,121.0293205,14.6715482,121.0298288,Road 20,tertiary,2677,2676
6bhjz1,14.6707474,121.0282619,14.6704789,121.0262488,Road 20,tertiary,2681,2654
518v7b,14.6711808,121.0251812,14.670228,121.0254336,General Avenue,tertiary,2683,2675
s1zf5s,14.6788501,121.0258558,14.6761598,121.0261752,General Avenue,tertiary,2685,2684
hg40dn,14.6628047,121.020428,14.6619483,121.0200794,Congressional Avenue,secondary,2691,3740
p3leyr,14.6722892,121.0312765,14.6715482,121.0298288,Road 20,tertiary,2719,2676
9pz32c,14.6716242,121.0323477,14.6770434,121.0321992,Mindanao Avenue,primary,2721,3316
mmxc13,14.6704441,121.0373826,14.6691214,121.0351736,Congressional Avenue,primary,2723,8832
wauhiv,14.6715152,121.0411862,14.6710826,121.039322,Congressional Avenue,primary,2748,868
641btz,14.6728565,121.043366,14.6723134,121.0433446,Visayas Avenue,secondary,2750,7936
g981x,14.6766301,121.0385462,14.6765905,121.0384067,Tandang Sora Avenue,secondary,2757,400
g981x,14.6766301,121.0385462,14.6767317,121.0389147,Tandang Sora Avenue,secondary,2757,399
jj4sy7,14.6724888,121.045464,14.6720896,121.0437887,Congressional Avenue Extension,primary,2758,7939
40700i,14.6718209,121.0430903,14.6715847,121.0433222,"Primary Link Road (2759, 2760)",primary_link,2759,2760
40700i,14.6718209,121.0430903,14.6718609,121.0433331,Congressional Avenue,primary,2759,866
me4ue8,14.6715847,121.0433222,14.671188,121.0433067,,,2760,10926
p2xbxh,14.633502,121.0451558,14.6345198,121.0454064,East Avenue,primary,2765,2461
1h1zvl,14.6332834,121.0448046,14.6335693,121.0446183,EDSA,primary,2766,9429
iwml5k,14.6332834,121.0448046,14.6331285,121.044514,"Primary Road (2766, 7749)",primary,2766,7749
squ6oe,14.63302,121.0442792,14.6330673,121.0435113,Timog Avenue,primary,2767,7735
hg7nc4,14.6309842,121.046646,14.6311855,121.0473446,Kamias Road,secondary,2799,498
fzpgaw,14.6309842,121.046646,14.630804,121.0460206,,,2799,10121
1h1zvl,14.6331536,121.0448912,14.6332328,121.0448393,,,2800,13368
n1ayjp,14.6331536,121.0448912,14.633502,121.0451558,East Avenue,primary,2800,2765
u327wu,14.7342607,121.054505,14.734383,121.0547435,,,2803,12819
u327wu,14.7342607,121.054505,14.7338883,121.0534411,Quirino Highway,primary,2803,8275
o0y6s2,14.7246025,121.0492742,14.7237126,121.0500325,,,2804,10825
c7mqms,14.7165082,121.0612233,14.7201353,121.0612274,Regalado Highway,primary,2805,4621
27z26a,14.7149637,121.0575344,14.7180856,121.0549289,,,2806,13101
369k9p,14.7148334,121.0573739,14.7117335,121.0599588,Commonwealth Avenue,primary,2807,2809
369k9p,14.7117335,121.0599588,14.7105854,121.0609158,,,2809,11354
4mpvu4,14.6393993,121.0569762,14.6393778,121.0563952,Matino Street,tertiary,2813,2817
4mpvu4,14.6393993,121.0569762,14.6394128,121.0575445,Matino Street,tertiary,2813,2814
4mpvu4,14.6394128,121.0575445,14.6391212,121.0580525,Matino Street,tertiary,2814,2818
4mpvu4,14.6394128,121.0575445,14.6393993,121.0569762,Matino Street,tertiary,2814,2813
4mpvu4,14.6393631,121.055739,14.6393778,121.0563952,Matino Street,tertiary,2816,2817
4mpvu4,14.6393631,121.055739,14.6393323,121.0549352,Matino Street,tertiary,2816,7747
4mpvu4,14.6393778,121.0563952,14.6393631,121.055739,Matino Street,tertiary,2817,2816
4mpvu4,14.6393778,121.0563952,14.6393993,121.0569762,Matino Street,tertiary,2817,2813
uarpuu,14.6391212,121.0580525,14.6384798,121.0581219,Anonas Street Extension,tertiary,2818,2568
4mpvu4,14.6391212,121.0580525,14.6394128,121.0575445,Matino Street,tertiary,2818,2814
badb94,14.6368358,121.0514868,14.6367108,121.0520508,V. Luna Road,secondary,2831,8127
badb94,14.6368358,121.0514868,14.6370634,121.050473,V. Luna Road,secondary,2831,1529
badb94,14.6365901,121.0526156,14.6364699,121.0531791,V. Luna Road,secondary,2839,2842
badb94,14.6365901,121.0526156,14.6367108,121.0520508,V. Luna Road,secondary,2839,8127
badb94,14.6364699,121.0531791,14.6363342,121.0538083,V. Luna Road,secondary,2842,2843
badb94,14.6364699,121.0531791,14.6365901,121.0526156,V. Luna Road,secondary,2842,2839
badb94,14.6363342,121.0538083,14.6364699,121.0531791,V. Luna Road,secondary,2843,2842
badb94,14.6363342,121.0538083,14.6361718,121.0545444,V. Luna Road,secondary,2843,159
ibevbn,14.6372717,121.0580619,14.6378658,121.0580814,Anonas Street Extension,tertiary,2846,158
ibevbn,14.6372717,121.0580619,14.6367249,121.0581896,Anonas Street Extension,tertiary,2846,3144
ksorpy,14.6176917,121.0447592,14.6180879,121.0448977,N. Domingo Street,secondary,2850,3107
ksorpy,14.6176917,121.0447592,14.6173168,121.0444437,N. Domingo Street,secondary,2850,2890
k133qp,14.6229413,121.0621377,14.6211903,121.0629711,20th Avenue,secondary,2851,539
k133qp,14.6229413,121.0621377,14.6240535,121.061609,20th Avenue,secondary,2851,3134
mby5fh,14.6172852,121.0393107,14.6167696,121.0396456,Balete Drive,tertiary,2855,578
iebjzw,14.6169377,121.0439412,14.6170245,121.044065,N. Domingo Street,secondary,2873,2908
iebjzw,14.6169377,121.0439412,14.6164668,121.0443959,Pedro Tuazon Boulevard,secondary,2873,3045
4ibtec,14.6169377,121.0439412,14.6166269,121.0431953,N. Domingo Street,secondary,2873,3072
iebjzw,14.6156353,121.0455806,14.6158865,121.0450485,Pedro Tuazon Boulevard,secondary,2882,2931
iebjzw,14.6156353,121.0455806,14.6152268,121.0464361,Pedro Tuazon Boulevard,secondary,2882,3036
ksorpy,14.6173168,121.0444437,14.6176917,121.0447592,N. Domingo Street,secondary,2890,2850
ksorpy,14.6173168,121.0444437,14.6170245,121.044065,N. Domingo Street,secondary,2890,2908
ai9ygj,14.6159201,121.0506116,14.61551,121.0500843,Pedro Tuazon Boulevard,secondary,2892,3099
ai9ygj,14.6159201,121.0506116,14.6164878,121.0515928,Pedro Tuazon Boulevard,secondary,2892,2442
4hc7yy,14.6991767,121.0874404,14.6994575,121.0873781,Commonwealth Avenue,primary,2893,734
ai9ygj,14.6149854,121.0469393,14.6150179,121.0494281,Pedro Tuazon Boulevard,secondary,2899,3016
pt0fb9,14.612324,121.0127606,14.6119686,121.0128705,Santol Street,tertiary,2900,3034
pt0fb9,14.612324,121.0127606,14.6125929,121.0126858,Santol Street,tertiary,2900,2404
iebjzw,14.6170245,121.044065,14.6169377,121.0439412,N. Domingo Street,secondary,2908,2873
ksorpy,14.6170245,121.044065,14.6173168,121.0444437,N. Domingo Street,secondary,2908,2890
ibevbn,14.6362142,121.0583403,14.6367249,121.0581896,Anonas Street Extension,tertiary,2909,3144
ibevbn,14.6362142,121.0583403,14.635628,121.0585146,Anonas Street Extension,tertiary,2909,87
fiyst,14.6100831,121.0133006,14.6096576,121.0133359,Santol Street,tertiary,2920,3062
fiyst,14.6100831,121.0133006,14.6104496,121.0132646,Santol Street,tertiary,2920,8950
fiyst,14.6113286,121.0130675,14.6108265,121.0132038,Santol Street,tertiary,2921,3082
pt0fb9,14.6113286,121.0130675,14.6119686,121.0128705,Santol Street,tertiary,2921,3034
1vf8r9,14.6245408,121.0566024,14.6248429,121.0572034,Aurora Boulevard,primary,2923,748
iebjzw,14.6158865,121.0450485,14.6164668,121.0443959,Pedro Tuazon Boulevard,secondary,2931,3045
iebjzw,14.6158865,121.0450485,14.6156353,121.0455806,Pedro Tuazon Boulevard,secondary,2931,2882
4hc7yy,14.6968016,121.0875252,14.6991767,121.0874404,Commonwealth Avenue,primary,2934,2893
9r2ldb,14.6989386,121.092081,14.6984335,121.0926083,,,2943,10554
3tbg0d,14.6180513,121.0604844,14.6167035,121.0611307,15th Avenue,secondary,2946,1250
mby5fh,14.6180516,121.0388478,14.6174617,121.0392013,Balete Drive,tertiary,2952,576
wio7bc,14.6301845,121.0172392,14.6298442,121.0187507,,,2956,12196
wio7bc,14.6301845,121.0172392,14.6302306,121.0170348,Scout Chuatoco Street,secondary,2956,7687
v9lbc4,14.6239162,121.0576599,14.6234711,121.0578665,15th Avenue,secondary,2958,3087
wwi3ir,14.6208788,121.0213248,14.6206378,121.0205629,E. Rodriguez Sr. Avenue,secondary,2962,6980
wwi3ir,14.6208788,121.0213248,14.6209621,121.0215883,E. Rodriguez Sr. Avenue,secondary,2962,6981
nh8lpp,14.6464234,121.052471,14.6461153,121.052666,Kalayaan Avenue,secondary,2963,8225
2j8xvo,14.6371169,121.0419839,14.63503,121.0433372,,,2972,11072
iw5fon,14.7111598,121.0612171,14.7135994,121.0612212,Regalado Highway,primary,2981,2808
u57r57,14.6063774,121.0181257,14.6082254,121.017184,Gregorio Araneta Avenue,primary,2983,279
pcxi18,14.6412266,121.0468488,14.6410973,121.0468185,East Avenue,primary,2984,8970
he4vh1,14.6412266,121.0468488,14.6418843,121.0456961,,,2984,11073
pt0fb9,14.61414,121.0121971,14.6129429,121.0125748,Santol Street,tertiary,2991,8953
omkwvq,14.61414,121.0121971,14.6146041,121.01205,Santol Street,tertiary,2991,6880
bylr9a,14.6204968,121.0607695,14.6203079,121.0601767,Pedro Tuazon Boulevard,secondary,2992,3137
bylr9a,14.6204968,121.0607695,14.6206507,121.061299,Pedro Tuazon Boulevard,secondary,2992,3151
v9lbc4,14.6230153,121.0580894,14.6225353,121.0583173,15th Avenue,secondary,2997,3050
v13vxy,14.6291865,121.0217646,14.6288205,121.0234434,Scout Chuatoco Street,tertiary,3000,7690
wio7bc,14.6291865,121.0217646,14.629388,121.0208408,Scout Chuatoco Street,tertiary,3000,3345
ttqs1r,14.6242479,121.0428284,14.6244073,121.0425092,E. Rodriguez Sr. Avenue,secondary,3001,9791
ttqs1r,14.6242479,121.0428284,14.623761,121.043777,E. Rodriguez Sr. Avenue,secondary,3001,8971
4ibtec,14.6152238,121.040612,14.616349,121.0425528,N. Domingo Street,secondary,3005,3044
l42xt5,14.6152238,121.040612,14.6167019,121.0396953,Balete Drive,tertiary,3005,1777
6aotwd,14.6152238,121.040612,14.6127856,121.0384148,N. Domingo Street,secondary,3005,3329
mby5fh,14.6187999,121.0383947,14.6182323,121.0387404,Balete Drive,tertiary,3008,588
ai9ygj,14.6150179,121.0494281,14.6149854,121.0469393,Pedro Tuazon Boulevard,secondary,3016,2899
ai9ygj,14.6150179,121.0494281,14.61551,121.0500843,Pedro Tuazon Boulevard,secondary,3016,3099
v9lbc4,14.6243904,121.0574312,14.6239162,121.0576599,15th Avenue,secondary,3018,2958
h6e4fb,14.6194217,121.0440909,14.619109,121.0435303,Aurora Boulevard,primary,3019,68
bgumxs,14.6170982,121.0647728,14.616121,121.0652048,20th Avenue,secondary,3020,1313
bgumxs,14.6170982,121.0647728,14.6187136,121.0640511,20th Avenue,secondary,3020,1314
pt0fb9,14.6119686,121.0128705,14.612324,121.0127606,Santol Street,tertiary,3034,2900
pt0fb9,14.6119686,121.0128705,14.6113286,121.0130675,Santol Street,tertiary,3034,2921
iebjzw,14.6152268,121.0464361,14.6150236,121.0468595,,,3036,12733
iebjzw,14.6152268,121.0464361,14.6156353,121.0455806,Pedro Tuazon Boulevard,secondary,3036,2882
zb2weo,14.6190316,121.0435788,14.619355,121.04413,Aurora Boulevard,primary,3037,9686
v88j8k,14.6311947,121.0221953,14.6304825,121.0255143,Don Alejandro Roces Avenue,secondary,3040,1032
4ibtec,14.616349,121.0425528,14.6166269,121.0431953,N. Domingo Street,secondary,3044,3072
4ibtec,14.616349,121.0425528,14.6152238,121.040612,N. Domingo Street,secondary,3044,3005
iebjzw,14.6164668,121.0443959,14.6169377,121.0439412,Pedro Tuazon Boulevard,secondary,3045,2873
iebjzw,14.6164668,121.0443959,14.6158865,121.0450485,Pedro Tuazon Boulevard,secondary,3045,2931
b5hwmz,14.6428463,121.0542395,14.6412587,121.0546535,Kalayaan Avenue,secondary,3046,109
jxxnn0,14.6179758,121.0516027,14.6166806,121.05218,,,3048,10814
v9lbc4,14.6225353,121.0583173,14.6212722,121.0589366,15th Avenue,secondary,3050,3171
gs7ii2,14.6374732,121.0459862,14.6371278,121.045905,East Avenue,primary,3056,7698
fiyst,14.6096576,121.0133359,14.6092402,121.0135715,Santol Street,tertiary,3062,8947
fiyst,14.6096576,121.0133359,14.6100831,121.0133006,Santol Street,tertiary,3062,2920
x4mn52,14.6240722,121.0460796,14.6236501,121.0456655,New York Street,tertiary,3067,1050
x4mn52,14.6240722,121.0460796,14.6244543,121.0464877,New York Street,tertiary,3067,1066
4ibtec,14.6166269,121.0431953,14.616349,121.0425528,N. Domingo Street,secondary,3072,3044
4ibtec,14.6166269,121.0431953,14.6169377,121.0439412,N. Domingo Street,secondary,3072,2873
wio7bc,14.6296087,121.0198284,14.6298302,121.0188127,,,3080,9883
wio7bc,14.6296087,121.0198284,14.629388,121.0208408,Scout Chuatoco Street,tertiary,3080,3345
fiyst,14.6108265,121.0132038,14.6105678,121.0132534,Santol Street,tertiary,3082,7662
fiyst,14.6108265,121.0132038,14.6113286,121.0130675,Santol Street,tertiary,3082,2921
v9lbc4,14.6234711,121.0578665,14.6230153,121.0580894,15th Avenue,secondary,3087,2997
ai9ygj,14.61551,121.0500843,14.6150179,121.0494281,Pedro Tuazon Boulevard,secondary,3099,3016
ai9ygj,14.61551,121.0500843,14.6159201,121.0506116,Pedro Tuazon Boulevard,secondary,3099,2892
ksorpy,14.6180879,121.0448977,14.61992,121.0459446,,,3107,10062
ksorpy,14.6180879,121.0448977,14.6176917,121.0447592,N. Domingo Street,secondary,3107,2850
k133qp,14.6240535,121.061609,14.6264571,121.0604418,20th Avenue,secondary,3134,538
k133qp,14.6240535,121.061609,14.6229413,121.0621377,20th Avenue,secondary,3134,2851
bylr9a,14.6203079,121.0601767,14.6200931,121.0594963,Pedro Tuazon Boulevard,secondary,3137,99
bylr9a,14.6203079,121.0601767,14.6204968,121.0607695,Pedro Tuazon Boulevard,secondary,3137,2992
ibevbn,14.6367249,121.0581896,14.6362142,121.0583403,Anonas Street Extension,tertiary,3144,2909
ibevbn,14.6367249,121.0581896,14.6372717,121.0580619,Anonas Street Extension,tertiary,3144,2846
bylr9a,14.6206507,121.061299,14.6204968,121.0607695,Pedro Tuazon Boulevard,secondary,3151,2992
bylr9a,14.6206507,121.061299,14.6211903,121.0629711,Pedro Tuazon Boulevard,secondary,3151,539
wfr4hu,14.6459836,121.0480507,14.648545,121.0493294,,,3154,10027
pd5yic,14.639821,121.0119947,14.639953,121.0131261,Del Monte Avenue,secondary,3158,920
kw4wg3,14.639821,121.0119947,14.6397219,121.011291,Del Monte Avenue,secondary,3158,1727
5u7o62,14.6521905,121.0182471,14.652993,121.0183606,Fernando Poe Jr. Avenue,secondary,3160,2146
5u7o62,14.6520035,121.0182171,14.6521905,121.0182471,Fernando Poe Jr. Avenue,secondary,3165,3160
v9lbc4,14.6209958,121.0582994,14.6212722,121.0589366,Velante Drive,residential,3170,3171
v9lbc4,14.6212722,121.0589366,14.6209958,121.0582994,Velante Drive,residential,3171,3170
v9lbc4,14.6212722,121.0589366,14.6207365,121.0591885,15th Avenue,secondary,3171,7556
2r032a,14.6966857,121.0944548,14.6966227,121.0945284,,,3174,10607
2v56ey,14.6425604,121.0260309,14.6426529,121.0264839,Del Monte Avenue,secondary,3206,3540
2v56ey,14.6425604,121.0260309,14.6424323,121.025538,Del Monte Avenue,secondary,3206,8448
1t1rz8,14.6297702,121.0093994,14.6293958,121.0085633,Maria Clara Street,secondary,3212,1205
1t1rz8,14.6297702,121.0093994,14.6301007,121.0101067,Maria Clara Street,secondary,3212,1517
n8o6pj,14.6697065,121.0247296,14.670228,121.0254336,Road 20,tertiary,3213,2675
n8o6pj,14.6697065,121.0247296,14.6694622,121.0243306,Road 20,tertiary,3213,2674
n8o6pj,14.6692992,121.0239231,14.6694622,121.0243306,Road 20,tertiary,3214,2674
me9aya,14.6681904,121.0556194,14.6682658,121.0554792,Tandang Sora Avenue,secondary,3228,7964
me9aya,14.6681904,121.0556194,14.6679087,121.0565091,Tandang Sora Avenue,secondary,3228,7962
cwpvyl,14.6735386,121.0558644,14.6733198,121.0571974,Congressional Avenue Extension,primary,3230,7353
4uq8hl,14.6669994,121.0696956,14.6676931,121.0693491,Luzon Avenue,primary,3245,8685
uo6w4m,14.669251,121.0686818,14.6695092,121.0686679,Luzon Avenue,primary,3251,8934
cwpvyl,14.6736305,121.0552289,14.6735386,121.0558644,Congressional Avenue Extension,primary,3266,3230
qtxk39,14.6643112,121.0719737,14.6640774,121.0726618,,,3272,10149
jc6k40,14.6721347,121.0651293,14.6721015,121.0653684,,,3290,10910
5nrxv5,14.6642209,121.0706123,14.6640238,121.0699281,,,3297,10146
5nrxv5,14.6642209,121.0706123,14.6644067,121.0712545,Tandang Sora Avenue,residential,3297,9716
e83z9h,14.6657403,121.0634368,14.6664424,121.0622414,Tandang Sora Avenue,secondary,3304,7354
e83z9h,14.6657403,121.0634368,14.6652457,121.0660671,Tandang Sora Avenue,secondary,3304,7957
qlnoqy,14.6929201,121.0298722,14.6923194,121.0293433,Quirino Highway,primary,3307,7478
4z2dy3,14.6921586,121.0358491,14.6917919,121.035506,Sauyo Road,secondary,3309,3313
4z2dy3,14.6921586,121.0358491,14.6923955,121.0375424,Sauyo Road,secondary,3309,6020
arv1os,14.6950952,121.0493516,14.6950966,121.0495621,,,3310,10177
sawvrf,14.6950952,121.0493516,14.6943245,121.0439213,Sauyo Road,secondary,3310,5847
ha3n1s,14.6934169,121.0564852,14.6930178,121.0593399,Sauyo Road,secondary,3311,5209
wwcdjk,14.6930355,121.0598388,14.6930178,121.0593399,Sauyo Road,secondary,3312,5209
buplsk,14.6930355,121.0598388,14.6930313,121.0603064,Republic Avenue,secondary,3312,5215
4z2dy3,14.6917919,121.035506,14.6915076,121.035021,Don Julio Gregorio Street,tertiary,3313,6045
4z2dy3,14.6917919,121.035506,14.6921586,121.0358491,Sauyo Road,secondary,3313,3309
jn9uuh,14.6879598,121.0311628,14.688968,121.0299877,Mindanao Avenue,primary,3315,3969
q2sxbf,14.6770434,121.0321992,14.6768743,121.0325645,Tandang Sora Avenue,secondary,3316,402
ku3mgd,14.6770434,121.0321992,14.6776601,121.0321831,Mindanao Avenue,primary,3316,3725
ljat26,14.6104788,121.0365882,14.6112815,121.0361566,Senator Jose O. Vera Street,primary,3318,1097
ljat26,14.6104788,121.0365882,14.6100842,121.0368028,Senator Jose O. Vera Street,primary,3318,1571
iwii5l,14.6069836,121.038506,14.6066134,121.038087,Santolan Road,secondary,3321,3324
iwii5l,14.6069836,121.038506,14.6071185,121.0386585,,,3321,12850
zb2weo,14.6182223,121.0422304,14.6187936,121.0431762,Aurora Boulevard,primary,3322,1776
h6e4fb,14.6182485,121.0420994,14.6167696,121.0396456,Aurora Boulevard,primary,3323,578
iwii5l,14.6066134,121.038087,14.6069836,121.038506,Santolan Road,secondary,3324,3321
6aotwd,14.6127856,121.0384148,14.6152238,121.040612,N. Domingo Street,secondary,3329,3005
wio7bc,14.629388,121.0208408,14.6296087,121.0198284,Scout Chuatoco Street,tertiary,3345,3080
wio7bc,14.629388,121.0208408,14.6291865,121.0217646,Scout Chuatoco Street,tertiary,3345,3000
ma1zm5,14.6812693,121.0695821,14.6810259,121.0695631,Luzon Avenue,secondary,3366,3365
9zldax,14.6843636,121.0698645,14.6840859,121.0698136,Luzon Avenue,secondary,3368,3367
6baqkv,14.7064212,121.0672232,14.7064225,121.069344,,,3429,10717
jigejh,14.7060351,121.0716051,14.7058543,121.0721415,Commonwealth Avenue,primary,3430,3487
j9fgy5,14.6991504,121.0676697,14.6999249,121.0677098,Regalado Avenue,secondary,3442,3485
yhjp7s,14.7022063,121.0682377,14.7043238,121.0690161,Regalado Avenue,secondary,3470,3475
yhjp7s,14.7043238,121.0690161,14.7056933,121.0693994,Regalado Avenue,secondary,3475,3479
j9fgy5,14.7016695,121.0680507,14.7022063,121.0682377,Regalado Avenue,secondary,3477,3470
yhjp7s,14.7056933,121.0693994,14.7064238,121.0694319,Regalado Avenue,secondary,3479,153
j9fgy5,14.6999249,121.0677098,14.7016695,121.0680507,Regalado Avenue,secondary,3485,3477
jigejh,14.7058543,121.0721415,14.7052974,121.0738486,,,3487,10794
wfr4hu,14.6449958,121.0478104,14.6456043,121.047958,East Avenue,primary,3522,3524
wfr4hu,14.6456043,121.047958,14.6459836,121.0480507,East Avenue,primary,3524,3154
badb94,14.6376579,121.0476882,14.6375817,121.0480395,V. Luna Road,secondary,3526,157
badb94,14.6376579,121.0476882,14.6379812,121.0462198,V. Luna Road,secondary,3526,160
a6afvo,14.6372654,121.0421727,14.6383998,121.0414337,EDSA,trunk,3528,9603
2v56ey,14.6426529,121.0264839,14.6425604,121.0260309,Del Monte Avenue,secondary,3540,3206
fbqdr9,14.6463301,121.0279829,14.647909,121.0283421,West Avenue,primary,3554,8166
me9aya,14.6708975,121.0518196,14.6721183,121.0503902,Tandang Sora Avenue,secondary,3620,3822
me9aya,14.6708975,121.0518196,14.669632,121.0532248,Tandang Sora Avenue,secondary,3620,9471
x1ffku,14.6715857,121.033024,14.6716242,121.0323477,Pluto Street,tertiary,3625,2721
uyujui,14.6715857,121.033024,14.6713733,121.0356695,Pluto Street,tertiary,3625,3222
uf1eik,14.6745093,121.0469387,14.6754189,121.0455205,Tandang Sora Avenue,secondary,3654,277
deqsgj,14.6745093,121.0469387,14.6734863,121.0489103,Tandang Sora Avenue,secondary,3654,276
afcpyp,14.6577024,121.0159895,14.6576737,121.0143313,EDSA,trunk,3659,7653
me4ue8,14.6690669,121.0432187,14.668629,121.0432031,,,3660,10924
ui19x1,14.6789581,121.0253036,14.6788501,121.0258558,Tandang Sora Avenue,secondary,3677,2685
afcpyp,14.6577329,121.0174683,14.6577024,121.0159895,EDSA,trunk,3714,3659
hi61cf,14.6820578,121.035069,14.6828657,121.0375849,Banlat Road,tertiary,3721,3663
4endy,14.6820578,121.035069,14.6815021,121.0349587,Banlat Road,tertiary,3721,3697
ku3mgd,14.6799174,121.0321237,14.6814606,121.0320817,,,3724,13553
ku3mgd,14.6776601,121.0321831,14.6792255,121.0321422,Mindanao Avenue,primary,3725,3818
unjqc9,14.6763096,121.042827,14.6761268,121.043616,Tandang Sora Avenue,secondary,3726,278
yn8lfl,14.6851247,121.0319344,14.6860644,121.0317931,Mindanao Avenue,primary,3728,4136
40700i,14.6713983,121.0412151,14.6718209,121.0430903,Congressional Avenue,primary,3736,2759
hg40dn,14.6619483,121.0200794,14.660479,121.0199414,,,3740,9851
xz0boi,14.6767473,121.0342905,14.6768743,121.0325645,Tandang Sora Avenue,secondary,3775,402
q2sxbf,14.6767473,121.0342905,14.6767316,121.034833,Tandang Sora Avenue,secondary,3775,2731
ku3mgd,14.6819219,121.0320692,14.6831656,121.0320477,Mindanao Avenue,primary,3791,8566
hi61cf,14.6829332,121.03828,14.6828657,121.0375849,Banlat Road,tertiary,3812,3663
ku3mgd,14.6792255,121.0321422,14.6795995,121.0321324,Mindanao Avenue,primary,3818,7859
obsums,14.6721183,121.0503902,14.6733064,121.0490987,Tandang Sora Avenue,secondary,3822,7349
me9aya,14.6721183,121.0503902,14.6708975,121.0518196,Tandang Sora Avenue,secondary,3822,3620
4endy,14.6792163,121.0345222,14.678722,121.0346308,Banlat Road,tertiary,3834,3780
n8o6pj,14.6690757,121.0234803,14.6692992,121.0239231,Road 20,tertiary,3846,3214
th9mqd,14.678062,121.0320068,14.678007,121.0320086,,,3866,13235
ucjk0y,14.6574973,121.0166013,14.6575269,121.0193436,EDSA,trunk,3868,7654
cizdae,14.6576217,121.0107948,14.6575613,121.0065799,EDSA,trunk,3885,8309
c9r5uc,14.667645,121.0432781,14.6685403,121.043331,,,3891,11058
6aqn68,14.6777096,121.0305955,14.6778639,121.0302564,Tandang Sora Avenue,secondary,3892,3668
4endy,14.6777848,121.0352845,14.678722,121.0346308,Banlat Road,tertiary,3905,3780
n8o6pj,14.6683228,121.0207999,14.668514,121.0225177,Road 20,tertiary,3915,2686
n8o6pj,14.6683228,121.0207999,14.6682797,121.0203754,Road 20,tertiary,3915,2672
o6pg2w,14.6852035,121.0317392,14.6836347,121.0318641,Mindanao Avenue,primary,3932,4041
szmnxe,14.6499535,121.0336241,14.647009,121.0355544,EDSA,trunk,3936,7733
t40kf2,14.6664625,121.0323997,14.6660104,121.0313975,Congressional Avenue,secondary,3942,7856
lzi5sl,14.6508801,121.0289004,14.6489293,121.0284537,,,3946,13395
kwd6nk,14.6767044,121.0463171,14.6763368,121.0466387,Corina Avenue,residential,3949,3816
6aqn68,14.6780868,121.0297167,14.6778639,121.0302564,Tandang Sora Avenue,secondary,3964,3668
jn9uuh,14.688968,121.0299877,14.6891074,121.0297323,Mindanao Avenue,primary,3969,7558
6bhjz1,14.6710163,121.0289959,14.6712117,121.0293205,Road 20,tertiary,3977,2677
6bhjz1,14.6710163,121.0289959,14.6707474,121.0282619,Road 20,tertiary,3977,2681
5u7o62,14.6505551,121.0179887,14.6520035,121.0182171,Fernando Poe Jr. Avenue,secondary,4005,3165
5u7o62,14.6505551,121.0179887,14.6466674,121.0174004,Fernando Poe Jr. Avenue,secondary,4005,897
6aqn68,14.6782188,121.0294306,14.6780868,121.0297167,Tandang Sora Avenue,secondary,4017,3964
s1zf5s,14.6744714,121.0260372,14.6761598,121.0261752,General Avenue,tertiary,4022,2684
4endy,14.6810817,121.0349295,14.6815021,121.0349587,Banlat Road,tertiary,4025,3697
4endy,14.6810817,121.0349295,14.6804579,121.0347242,Banlat Road,tertiary,4025,3750
jhcu0w,14.6736067,121.0510547,14.6738073,121.0537102,Congressional Avenue Extension,primary,4027,8675
kwd6nk,14.6772353,121.0460998,14.6767044,121.0463171,Himlayan Road,tertiary,4036,3949
o6pg2w,14.6836347,121.0318641,14.6831643,121.0318751,Mindanao Avenue,primary,4041,8567
g981x,14.6767189,121.0351385,14.6767008,121.0354323,Tandang Sora Avenue,secondary,4042,401
q2sxbf,14.6767189,121.0351385,14.6767316,121.034833,Tandang Sora Avenue,secondary,4042,2731
th9mqd,14.6803386,121.0319393,14.6802943,121.0319407,,,4051,13237
g981x,14.6765295,121.0372101,14.6767008,121.0354323,Tandang Sora Avenue,secondary,4092,401
g981x,14.6765295,121.0372101,14.6764674,121.0378245,Tandang Sora Avenue,secondary,4092,2734
sawvrf,14.6931119,121.0421281,14.6930299,121.0412067,,,4108,12493
sawvrf,14.6931119,121.0421281,14.6943528,121.0430811,Sauyo Road,secondary,4108,5849
yn8lfl,14.6860644,121.0317931,14.6865702,121.0317062,,,4136,12362
r47yy1,14.6930188,121.0633782,14.6930313,121.0603064,Republic Avenue,secondary,4147,5215
ollh9m,14.6930686,121.0669996,14.6935586,121.0674072,Republic Avenue,secondary,4148,4149
r47yy1,14.6930686,121.0669996,14.6930278,121.0661133,,,4148,10881
ollh9m,14.6935586,121.0674072,14.693778,121.0675907,Regalado Avenue,secondary,4149,4427
ollh9m,14.6935586,121.0674072,14.6930686,121.0669996,Republic Avenue,secondary,4149,4148
p00ucy,14.7051721,121.0755004,14.7054931,121.0736743,,,4152,12085
dekqcp,14.7050861,121.0818816,14.7050947,121.0818245,,,4154,10754
yo6zee,14.7018658,121.0347582,14.7007999,121.0349215,Pablo dela Cruz Street,tertiary,4234,2437
unjqc9,14.6763383,121.0426995,14.6763096,121.042827,Tandang Sora Avenue,secondary,4251,3726
unjqc9,14.6765084,121.0419235,14.6765989,121.0415294,Tandang Sora Avenue,secondary,4255,3976
unjqc9,14.6767541,121.0407923,14.6767317,121.0389147,Tandang Sora Avenue,secondary,4260,399
unjqc9,14.6767541,121.0407923,14.6765989,121.0415294,Tandang Sora Avenue,secondary,4260,3976
j9fgy5,14.6971308,121.0676738,14.6991504,121.0676697,Regalado Avenue,secondary,4287,3442
mfzbti,14.7474591,121.0817411,14.7490758,121.0830311,,,4305,12166
cwegsg,14.7408783,121.0754957,14.7445126,121.0779397,Quirino Highway,primary,4316,8882
mfzbti,14.7447742,121.0779586,14.7457138,121.0789173,Quirino Highway,primary,4329,9365
p00ucy,14.7051435,121.0812337,14.7051678,121.0782785,Commonwealth Avenue,primary,4333,4481
bhruvv,14.6960304,121.0676719,14.6966133,121.0676716,Regalado Avenue,secondary,4341,4529
vukrg9,14.7059922,121.0721858,14.7061874,121.071603,Commonwealth Avenue,primary,4356,4367
vho2l4,14.6228354,121.0739549,14.6237414,121.074347,Katipunan Avenue,primary,4358,72
vukrg9,14.7061874,121.071603,14.7065448,121.070453,,,4367,13357
ollh9m,14.693778,121.0675907,14.6935586,121.0674072,Regalado Avenue,secondary,4427,4149
ollh9m,14.693778,121.0675907,14.6939635,121.0676185,,,4427,10878
p00ucy,14.7051678,121.0782785,14.7051721,121.0755004,Commonwealth Avenue,primary,4481,4152
bhruvv,14.6954295,121.0676727,14.6960304,121.0676719,Regalado Avenue,secondary,4488,4341
g78v7q,14.6905577,121.0871414,14.6881295,121.087051,Commonwealth Avenue,primary,4518,9384
bhruvv,14.6966133,121.0676716,14.6971308,121.0676738,Regalado Avenue,secondary,4529,4287
ovtgrn,14.7067709,121.0643072,14.706415,121.065424,,,4533,10797
p9qmiq,14.7065666,121.0672017,14.7067701,121.0646692,Commonwealth Avenue,primary,4551,9483
uhd3fj,14.7273265,121.0575655,14.7268113,121.0579474,Belfast Avenue,secondary,4570,267
gew589,14.7348269,121.0612088,14.7353341,121.0612074,,,4575,10274
8bexp8,14.7298036,121.0674226,14.7295118,121.0678852,Ascencion Avenue,tertiary,4576,4601
sswrii,14.7298036,121.0674226,14.7334492,121.0674381,Ascencion Avenue,tertiary,4576,4636
fpi6tr,14.721087,121.0670881,14.7215286,121.0670862,Ascencion Avenue,tertiary,4586,4769
fpi6tr,14.721087,121.0670881,14.7206448,121.0670901,Ascencion Avenue,tertiary,4586,9527
h1x1zk,14.7287675,121.06007,14.7277195,121.0589328,Mindanao Avenue,secondary,4594,4734
j5gshs,14.7288093,121.0612469,14.7296727,121.0612523,,,4597,10268
gew589,14.7307623,121.0612591,14.7316228,121.0612644,,,4598,12249
8bexp8,14.7295118,121.0678852,14.7298036,121.0674226,Ascencion Avenue,tertiary,4601,4576
8bexp8,14.7295118,121.0678852,14.7290373,121.0678927,Ascencion Avenue,tertiary,4601,4640
j5gshs,14.7275832,121.0612444,14.7276884,121.0612451,,,4615,12891
st6piv,14.7201353,121.0612274,14.7201417,121.0617767,Bristol Street,tertiary,4621,4675
kdc6c8,14.7201353,121.0612274,14.7224861,121.0612301,Regalado Highway,primary,4621,4720
sswrii,14.7334492,121.0674381,14.7298036,121.0674226,Ascencion Avenue,tertiary,4636,4576
6ccu6t,14.7334492,121.0674381,14.7337273,121.0674351,Ascencion Avenue,tertiary,4636,7637
ce3nvr,14.7201412,121.0658553,14.7201309,121.0670923,Bristol Street,tertiary,4638,9526
ce3nvr,14.7201412,121.0658553,14.7201413,121.0650208,Bristol Street,tertiary,4638,4733
8bexp8,14.7290373,121.0678927,14.7295118,121.0678852,Ascencion Avenue,tertiary,4640,4601
8bexp8,14.7290373,121.0678927,14.7269905,121.0671633,Ascencion Avenue,tertiary,4640,4760
p1564c,14.7230691,121.0612305,14.724543,121.0612325,Regalado Highway,primary,4650,4591
ry1blk,14.7316919,121.0554709,14.7316034,121.05547,Belfast Avenue,secondary,4654,8736
xknnnf,14.7201417,121.0617767,14.7201413,121.0650208,Bristol Street,tertiary,4675,4733
st6piv,14.7201417,121.0617767,14.7201353,121.0612274,Bristol Street,tertiary,4675,4621
yhn7ha,14.7355408,121.0694447,14.735626,121.0695511,,,4676,12239
8bexp8,14.7265789,121.0668998,14.7269905,121.0671633,Ascencion Avenue,tertiary,4681,4760
8bexp8,14.7265789,121.0668998,14.7261643,121.0666863,Ascencion Avenue,tertiary,4681,4719
fpi6tr,14.7261643,121.0666863,14.7256967,121.0666141,Ascencion Avenue,tertiary,4719,4731
8bexp8,14.7261643,121.0666863,14.7265789,121.0668998,Ascencion Avenue,tertiary,4719,4681
p8xumq,14.7224861,121.0612301,14.7230691,121.0612305,Regalado Highway,primary,4720,4650
uhd3fj,14.7308989,121.0554658,14.7295817,121.0560071,Belfast Avenue,secondary,4727,6892
fpi6tr,14.7256967,121.0666141,14.7261643,121.0666863,Ascencion Avenue,tertiary,4731,4719
fpi6tr,14.7256967,121.0666141,14.7238552,121.0670737,Ascencion Avenue,tertiary,4731,9528
ce3nvr,14.7201413,121.0650208,14.7201412,121.0658553,Bristol Street,tertiary,4733,4638
xknnnf,14.7201413,121.0650208,14.7201417,121.0617767,Bristol Street,tertiary,4733,4675
h1x1zk,14.7277195,121.0589328,14.727629,121.0588346,Mindanao Avenue,secondary,4734,9635
369k9p,14.7179646,121.0548063,14.7148334,121.0573739,Commonwealth Avenue,primary,4736,2807
j5gshs,14.7253427,121.0612359,14.7275832,121.0612444,Regalado Highway,primary,4759,4615
8bexp8,14.7269905,121.0671633,14.7265789,121.0668998,Ascencion Avenue,tertiary,4760,4681
8bexp8,14.7269905,121.0671633,14.7290373,121.0678927,Ascencion Avenue,tertiary,4760,4640
uhd3fj,14.7274944,121.0574485,14.7273265,121.0575655,Belfast Avenue,secondary,4762,4570
6ccu6t,14.7354341,121.0674415,14.7347485,121.0674305,Ascencion Avenue,tertiary,4765,9744
yhn7ha,14.7354341,121.0674415,14.7354476,121.0680932,Quirino Highway,primary,4765,4306
fpi6tr,14.7215286,121.0670862,14.7238552,121.0670737,Ascencion Avenue,tertiary,4769,9528
fpi6tr,14.7215286,121.0670862,14.721087,121.0670881,Ascencion Avenue,tertiary,4769,4586
w4ybam,14.6014252,121.0789124,14.6011169,121.0792595,"Primary Link Road (4774, 6984)",primary_link,4774,6984
st6pug,14.5907199,121.0612879,14.5906352,121.0613883,Ortigas Avenue,primary,4781,4782
g1gzh3,14.6675541,121.0740862,14.6681802,121.075015,Commonwealth Avenue,primary,4834,738
yz4fuq,14.7050367,121.0782789,14.7047393,121.0817377,,,4838,10757
cfo1rh,14.6968061,121.0871697,14.6928417,121.0871679,Commonwealth Avenue,primary,4863,8116
1mfv4f,14.7003041,121.0867971,14.6979571,121.0871565,Commonwealth Avenue,primary,4877,7579
dc662d,14.700998,121.0865187,14.7003041,121.0867971,Commonwealth Avenue,primary,4889,4877
x4tmsu,14.7041731,121.0835947,14.704016,121.0838948,,,4890,12072
x4tmsu,14.7041731,121.0835947,14.7022653,121.0828502,2nd Street,residential,4890,4891
yz4fuq,14.7051119,121.0746957,14.7050424,121.0755012,Commonwealth Avenue,primary,4904,6915
qg3cnm,14.7001238,121.0889791,14.7001342,121.0906334,Batasan Road,secondary,4960,4964
qg3cnm,14.7001342,121.0906334,14.699728,121.0913063,Batasan Road,secondary,4964,6641
fivhz6,14.693513,121.0964149,14.6951169,121.0963281,Batasan Road,secondary,5053,8430
83kuw9,14.6072723,121.0785177,14.6068889,121.0786941,E. Rodriguez Jr. Avenue,primary,5109,6975
1e8e7k,14.7092711,121.0907465,14.7085047,121.0904348,Payatas Road,primary,5117,5116
kokxrw,14.7058778,121.0880922,14.7064466,121.0883329,Payatas Road,primary,5126,5125
2mmy04,14.7323225,121.0496577,14.7316318,121.048711,Quirino Highway,primary,5146,405
2mmy04,14.7323225,121.0496577,14.7328875,121.0504682,Quirino Highway,primary,5146,404
n206lh,14.7343591,121.0481173,14.7353011,121.0479122,Zabarte Road,secondary,5154,5151
wwcdjk,14.6930178,121.0593399,14.6930355,121.0598388,Sauyo Road,secondary,5209,3312
ha3n1s,14.6930178,121.0593399,14.6934169,121.0564852,Sauyo Road,secondary,5209,3311
buplsk,14.6930313,121.0603064,14.6930355,121.0598388,Republic Avenue,secondary,5215,3312
r47yy1,14.6930313,121.0603064,14.6930188,121.0633782,Republic Avenue,secondary,5215,4147
bzkucx,14.6246535,121.0416551,14.6246462,121.0400846,E. Rodriguez Sr. Avenue,secondary,5241,9799
bzkucx,14.6246535,121.0416551,14.6244073,121.0425092,E. Rodriguez Sr. Avenue,secondary,5241,9791
d4gz3s,14.6112472,121.0550775,14.6116238,121.0549016,EDSA,secondary,5242,8666
7zxnnr,14.6111089,121.0547637,14.6108646,121.0548742,EDSA,secondary,5243,7440
bgumxs,14.6195904,121.0636724,14.6192076,121.0638418,20th Avenue,secondary,5394,7359
bgumxs,14.6195904,121.0636724,14.6211903,121.0629711,20th Avenue,secondary,5394,539
rii625,14.7195174,121.0398731,14.7195936,121.0402092,Sarmiento Street,tertiary,5398,7008
1x5br6,14.7220192,121.0412305,14.7222561,121.0416665,Quirino Highway,primary,5407,407
m2li8,14.7218946,121.0370905,14.7218957,121.0366198,General Luis Street,primary,5421,5410
m2li8,14.7218946,121.0370905,14.721893,121.0378336,General Luis Street,primary,5421,409
2abepi,14.7254241,121.0412372,14.7259569,121.0412123,Quirino Highway,primary,5425,406
ygtikv,14.7194272,121.0391006,14.7195174,121.0398731,Sarmiento Street,primary,5473,5398
m2li8,14.7218666,121.0355118,14.7218354,121.0346617,General Luis Street,primary,5490,410
m2li8,14.7218666,121.0355118,14.7218957,121.0366198,General Luis Street,primary,5490,5410
78d8ff,14.7218771,121.0386377,14.7206043,121.0389004,Buenamar Street,primary,5495,5688
m2li8,14.7218771,121.0386377,14.721893,121.0378336,General Luis Street,primary,5495,409
2abepi,14.7288496,121.0423763,14.7259569,121.0412123,Quirino Highway,primary,5541,406
jx64w3,14.7162277,121.0404124,14.7171332,121.0402857,Quirino Highway,primary,5566,5504
jx64w3,14.7162277,121.0404124,14.714969,121.040407,Quirino Highway,primary,5566,2439
g0ua3q,14.710702,121.0395305,14.7102838,121.0394337,Quirino Highway,primary,5608,5443
jx64w3,14.7180906,121.0401258,14.7195174,121.0398731,Quirino Highway,primary,5664,5398
jx64w3,14.7180906,121.0401258,14.7171332,121.0402857,Quirino Highway,primary,5664,5504
mcez6h,14.7288915,121.0372821,14.7281085,121.0377221,Susano Road,secondary,5677,5585
8stcu3,14.7206043,121.0389004,14.7194272,121.0391006,Buenamar Street,primary,5688,5473
hll3uz,14.7036391,121.0370133,14.7012832,121.035264,Quirino Highway,primary,5717,4237
g0ua3q,14.7094781,121.0392276,14.7090816,121.0391371,Quirino Highway,primary,5747,5551
g0ua3q,14.7094781,121.0392276,14.7098801,121.0393382,Quirino Highway,primary,5747,5579
jx64w3,14.7145137,121.0403205,14.714969,121.040407,Quirino Highway,primary,5758,2439
g0ua3q,14.7118887,121.0397985,14.710702,121.0395305,Quirino Highway,primary,5783,5608
g0ua3q,14.7118887,121.0397985,14.7145137,121.0403205,Quirino Highway,primary,5783,5758
g0ua3q,14.7100758,121.0393791,14.7098801,121.0393382,Quirino Highway,primary,5787,5579
g0ua3q,14.7100758,121.0393791,14.7102838,121.0394337,Quirino Highway,primary,5787,5443
52i85u,14.7079694,121.0319129,14.707919,121.0316489,Pablo dela Cruz Street,tertiary,5800,4235
hll3uz,14.7039744,121.0372217,14.7036391,121.0370133,Quirino Highway,primary,5812,5717
a8z12x,14.7039744,121.0372217,14.7058189,121.0382299,Quirino Highway,primary,5812,2438
reflc2,14.7045331,121.0348272,14.7079694,121.0319129,Pablo dela Cruz Street,tertiary,5813,5800
8st1go,14.7095909,121.0291655,14.7099598,121.0288525,Pablo dela Cruz Street,tertiary,5814,5796
8st1go,14.7095909,121.0291655,14.7089896,121.0295101,Pablo dela Cruz Street,tertiary,5814,4236
sawvrf,14.6943245,121.0439213,14.6943528,121.0430811,Sauyo Road,secondary,5847,5849
sawvrf,14.6943245,121.0439213,14.6950952,121.0493516,Sauyo Road,secondary,5847,3310
sawvrf,14.6943528,121.0430811,14.6931119,121.0421281,Sauyo Road,secondary,5849,4108
sawvrf,14.6943528,121.0430811,14.6943245,121.0439213,Sauyo Road,secondary,5849,5847
47vrfq,14.7108604,121.0210222,14.7114154,121.0209674,Katipunan Avenue,secondary,5874,4198
uwiva7,14.7108604,121.0210222,14.7105828,121.0210496,Katipunan Avenue,secondary,5874,5873
y4gi2d,14.7108448,121.0249409,14.7112236,121.0243467,East Berkely Street,tertiary,5876,5875
y4gi2d,14.7103921,121.0264342,14.7108448,121.0249409,East Berkely Street,tertiary,5877,5876
qrckdk,14.7104992,121.0278028,14.7105423,121.0282491,Magsaysay Avenue,tertiary,5879,5878
mdxjwt,14.7116752,121.0209417,14.7114154,121.0209674,Katipunan Avenue,secondary,5885,4198
jumipj,14.7110719,121.0229516,14.7108604,121.0210222,East Berkely Street,tertiary,5886,5874
3sigs6,14.6963026,121.0323261,14.6966075,121.0325083,Quirino Highway,primary,5934,7201
o6pg2w,14.6996251,121.0343037,14.7007999,121.0349215,Quirino Highway,primary,5936,2437
rs0tq3,14.6833099,121.0417338,14.6842687,121.0426433,Banlat Road,tertiary,5982,3873
rs0tq3,14.6850744,121.0429344,14.6842687,121.0426433,Banlat Road,tertiary,5984,3873
rs0tq3,14.6827955,121.0403546,14.6828919,121.0398751,Banlat Road,tertiary,5990,3870
rs0tq3,14.6830493,121.0458731,14.6826681,121.0462787,Banlat Road,tertiary,5992,4074
rs0tq3,14.6830493,121.0458731,14.6834616,121.0454942,Banlat Road,tertiary,5992,5991
rs0tq3,14.6849439,121.0441002,14.6834616,121.0454942,Banlat Road,tertiary,5996,5991
4z2dy3,14.6923955,121.0375424,14.6921586,121.0358491,Sauyo Road,secondary,6020,3309
4z2dy3,14.6923955,121.0375424,14.6930319,121.0411011,,,6020,12494
4z2dy3,14.6915076,121.035021,14.6917919,121.035506,Don Julio Gregorio Street,tertiary,6045,3313
nxy5sz,14.6912992,121.0343643,14.6912799,121.0341896,Don Julio Gregorio Street,tertiary,6049,6047
nxy5sz,14.6912992,121.0343643,14.6915076,121.035021,Don Julio Gregorio Street,tertiary,6049,6045
nxy5sz,14.6915267,121.0330914,14.6912799,121.0341896,Don Julio Gregorio Street,tertiary,6054,6047
crpkbs,14.7405719,121.0467748,14.7406753,121.0467537,Zabarte Road,secondary,6060,5153
27c94u,14.7384492,121.0472269,14.7395604,121.0469846,Zabarte Road,secondary,6070,5148
n206lh,14.736548,121.0476408,14.7353011,121.0479122,Zabarte Road,secondary,6171,5151
a991bc,14.7317765,121.035636,14.7321292,121.0354357,Susano Road,secondary,6175,6173
ypv723,14.7335815,121.0524542,14.7335385,121.052318,,,6246,12865
u327wu,14.7335815,121.0524542,14.7337212,121.0529089,,,6246,12284
mcez6h,14.7290786,121.0371691,14.7288915,121.0372821,Susano Road,secondary,6251,5677
a991bc,14.7308663,121.0361528,14.7313162,121.0358974,Susano Road,secondary,6252,6179
mcez6h,14.7308663,121.0361528,14.7290786,121.0371691,Susano Road,secondary,6252,6251
a991bc,14.7342329,121.0342331,14.7326774,121.0351245,Susano Road,secondary,6259,6189
8nhpju,14.7217058,121.0319168,14.7211147,121.0295711,General Luis Street,primary,6308,5754
409qdi,14.7217058,121.0319168,14.7217596,121.0325162,General Luis Street,primary,6308,5581
m2li8,14.7218073,121.0338986,14.7218354,121.0346617,General Luis Street,primary,6309,410
uuh1ck,14.7231125,121.0316091,14.7217058,121.0319168,Llano Road,secondary,6314,6308
m2li8,14.7217907,121.0333816,14.7218073,121.0338986,General Luis Street,primary,6324,6309
m2li8,14.721773,121.0328179,14.7217596,121.0325162,General Luis Street,primary,6325,5581
m2li8,14.721773,121.0328179,14.7217907,121.0333816,General Luis Street,primary,6325,6324
7ojahc,14.7243939,121.0270506,14.7244625,121.0268324,Llano Road,secondary,6357,6356
8tus2i,14.7013873,121.0866926,14.7044133,121.0838822,Commonwealth Avenue,primary,6384,8222
xymjot,14.7120713,121.0905965,14.7134459,121.0902325,Payatas Road,primary,6468,6427
c8y6d1,14.7221795,121.1093105,14.7215419,121.1113583,Payatas Road,primary,6618,62
qg3cnm,14.699728,121.0913063,14.69937,121.0916549,Batasan Road,secondary,6641,9224
kokxrw,14.7033333,121.088917,14.7058778,121.0880922,Payatas Road,primary,6648,5126
9r2ldb,14.6972244,121.0938795,14.6966857,121.0944548,Batasan Road,secondary,6741,3174
fdnn1g,14.6891141,121.0935182,14.6886831,121.0930497,Batasan Road,primary,6794,6795
y6p2d1,14.6886831,121.0930497,14.6878667,121.0922015,Batasan Road,primary,6795,9243
qr7b9l,14.6926703,121.0874759,14.6945266,121.0875097,Commonwealth Avenue,primary,6797,7681
y6p2d1,14.687104,121.0914043,14.6868877,121.091156,Batasan Road,primary,6803,6806
y6p2d1,14.6868877,121.091156,14.6864564,121.089874,,,6806,11328
y6p2d1,14.6875939,121.0919272,14.687104,121.0914043,Batasan Road,primary,6810,6803
rwxwik,14.685065,121.0864769,14.6858718,121.0867939,Commonwealth Avenue,primary,6841,9068
kzjdiu,14.6146041,121.01205,14.61423,121.0104317,Bayani Road,tertiary,6880,2162
w4ybam,14.6014407,121.0792417,14.6011169,121.0792595,E. Rodriguez Jr. Avenue,primary,6881,6984
zhuw53,14.5964577,121.079505,14.5944416,121.0796102,E. Rodriguez Jr. Avenue,primary,6882,7290
qq6fnw,14.5906715,121.0616022,14.5914625,121.0606739,Ortigas Avenue,primary,6889,7332
osisu8,14.6405336,121.0746486,14.6425346,121.0747606,Katipunan Avenue,primary,6890,822
uhd3fj,14.7295817,121.0560071,14.7295234,121.05605,Belfast Avenue,secondary,6892,8735
k3898x,14.6857239,121.0745149,14.6849525,121.0745184,Cirillo Street,secondary,6910,2351
en9wbg,14.6864374,121.0732541,14.6864367,121.0712538,Sampaguita Avenue,secondary,6912,2354
yz4fuq,14.7050424,121.0755012,14.7050367,121.0782789,Commonwealth Avenue,primary,6915,4838
ys6mi,14.6457439,121.04032,14.6458442,121.0404845,,,6916,10090
g5bojs,14.6442044,121.0377379,14.644394,121.0376169,EDSA,primary,6917,6918
ul80f8,14.6442044,121.0377379,14.6457439,121.04032,Quezon Avenue,primary,6917,6916
g5bojs,14.644394,121.0376169,14.6444628,121.0375731,,,6918,10939
p8412i,14.644394,121.0376169,14.6442217,121.0373346,,,6918,12456
ssstwk,14.6446657,121.0379134,14.6444628,121.0375731,,,6919,10939
g5bojs,14.6446657,121.0379134,14.6449157,121.0372773,"Primary Link Road (6919, 6957)",primary_link,6919,6957
he0s08,14.6437595,121.0371639,14.6439342,121.0374609,,,6920,9929
jnn9fv,14.6437595,121.0371639,14.6437225,121.0376029,"Primary Link Road (6920, 6952)",primary_link,6920,6952
o07kzr,14.6451774,121.0366503,14.6450153,121.0367585,EDSA,primary,6921,9675
xfwcda,14.6451774,121.0366503,14.6454251,121.0369444,,,6921,11309
q1dlrf,14.6430325,121.0380583,14.642125,121.038648,EDSA,primary,6922,8521
d3mjif,14.6417155,121.0390017,14.6396144,121.0403642,EDSA,trunk,6923,9602
8sr8mc,14.6425872,121.03468,14.6424896,121.0345837,Quezon Avenue,primary,6924,9574
b7zjlk,14.6441063,121.0369806,14.6430984,121.0353767,Quezon Avenue,primary,6925,9497
en9wbg,14.6864382,121.0739466,14.6864374,121.0732541,Sampaguita Avenue,secondary,6926,6912
en9wbg,14.6864362,121.0704725,14.6864367,121.0712538,Sampaguita Avenue,secondary,6928,2354
fh5i1s,14.6150979,121.073087,14.6147763,121.0726532,Colonel Bonny Serrano Avenue,primary,6944,8090
fu6qyl,14.6864359,121.0698704,14.6864362,121.0704725,Sampaguita Avenue,secondary,6946,6928
y7c1a0,14.6312798,121.0734706,14.6316004,121.0740613,Aurora Boulevard,primary,6949,168
9x48tl,14.6308028,121.0740353,14.6305609,121.0740375,Katipunan Avenue,primary,6950,6951
9x48tl,14.6305609,121.0740375,14.6304015,121.0740387,Katipunan Avenue,primary,6951,7754
q1dlrf,14.6437225,121.0376029,14.6430864,121.0380242,EDSA,primary,6952,9653
cr49f1,14.6494834,121.0342732,14.6504981,121.0336193,,,6953,11985
wsvevd,14.6551018,121.0467699,14.6535818,121.0470085,Visayas Avenue,secondary,6956,9669
xfwcda,14.6449157,121.0372773,14.6452067,121.0370846,EDSA,primary,6957,9674
jnn9fv,14.6448874,121.0368409,14.6442638,121.0372426,,,6958,10940
jnn9fv,14.6448874,121.0368409,14.6441063,121.0369806,"Primary Link Road (6958, 6925)",primary_link,6958,6925
jnn9fv,14.6448874,121.0368409,14.6442919,121.0372893,,,6958,12457
jnn9fv,14.6440036,121.037414,14.6439342,121.0374609,,,6959,9929
2xhycr,14.6440036,121.037414,14.6442044,121.0377379,Quezon Avenue,primary,6959,6917
x9asg3,14.5925444,121.0591698,14.5918398,121.0600189,Ortigas Avenue,primary,6962,7596
hyub0n,14.5925444,121.0591698,14.5918398,121.0600189,Ortigas Avenue,primary,6962,7596
pbzvoj,14.6013154,121.0594887,14.6046476,121.0580497,EDSA,trunk,6965,7291
my6k27,14.7496051,121.0833806,14.7528954,121.084865,Quirino Highway,primary,6966,6969
mfzbti,14.7459341,121.0796054,14.7474591,121.0817411,Quirino Highway,primary,6967,4305
my6k27,14.7536924,121.0849227,14.7541777,121.084951,Quirino Highway,primary,6968,6970
my6k27,14.7528954,121.084865,14.7536924,121.0849227,Quirino Highway,primary,6969,6968
my6k27,14.7541777,121.084951,14.7556679,121.0851001,Quirino Highway,primary,6970,58
83kuw9,14.6101036,121.0760315,14.6093639,121.0766579,E. Rodriguez Jr. Avenue,primary,6977,35
wwi3ir,14.6203396,121.01962,14.6206109,121.0204779,,,6979,11801
wwi3ir,14.6206378,121.0205629,14.6206109,121.0204779,,,6980,11801
wwi3ir,14.6206378,121.0205629,14.6208788,121.0213248,E. Rodriguez Sr. Avenue,secondary,6980,2962
wwi3ir,14.6209621,121.0215883,14.6208788,121.0213248,E. Rodriguez Sr. Avenue,secondary,6981,2962
wwi3ir,14.6209621,121.0215883,14.6212228,121.0224057,,,6981,12174
w4ybam,14.6011169,121.0792595,14.5996153,121.079341,E. Rodriguez Jr. Avenue,primary,6984,7000
gbdlhh,14.601829,121.0792221,14.6014407,121.0792417,E. Rodriguez Jr. Avenue,primary,6985,6881
gbdlhh,14.601829,121.0792221,14.6014252,121.0789124,"Primary Link Road (6985, 4774)",primary_link,6985,4774
ubu90n,14.612948,121.0751704,14.6117091,121.0754503,E. Rodriguez Jr. Avenue,primary,6987,8085
f4jef6,14.6145061,121.0750163,14.615094,121.0749013,E. Rodriguez Jr. Avenue,primary,6988,8087
nirm1q,14.6287874,121.0466633,14.6281532,121.0469454,EDSA,trunk,6989,7841
wum4h5,14.6473967,121.0600849,14.6511367,121.0591362,,,6997,10822
z6atj5,14.6532085,121.0518465,14.6531486,121.0511626,Commonwealth Avenue,primary,6998,25
pycz4o,14.6480544,121.0743035,14.647654,121.0742947,,,6999,10109
w4ybam,14.5996153,121.079341,14.5964577,121.079505,E. Rodriguez Jr. Avenue,primary,7000,6882
h3kp8n,14.5996153,121.079341,14.599616,121.0795021,"Primary Link Road (7000, 7001)",primary_link,7000,7001
h3kp8n,14.599616,121.0795021,14.5996153,121.079341,"Primary Link Road (7001, 7000)",primary_link,7001,7000
h3kp8n,14.599616,121.0795021,14.6014483,121.0794019,E. Rodriguez Jr. Avenue,primary,7001,9347
k3898x,14.684325,121.0745238,14.6849525,121.0745184,Cirillo Street,residential,7013,2351
rr51ga,14.6701758,121.0769463,14.6691881,121.0757661,Commonwealth Avenue,primary,7047,9453
yhb51m,14.6662208,121.0354754,14.6664584,121.0353078,,,7057,11056
1joi42,14.6637335,121.0230302,14.6646046,121.0264061,Congressional Avenue,secondary,7062,2148
yhn7ha,14.7365007,121.0704895,14.7386467,121.0734989,Quirino Highway,primary,7065,4307
elwyjo,14.6800897,121.0189261,14.6806459,121.0157121,Tandang Sora Avenue Extension,secondary,7093,6373
b7awg4,14.6800897,121.0189261,14.6790288,121.018027,Quirino Highway,primary,7093,3712
g5bojs,14.64391,121.0379269,14.6441288,121.0377878,,,7106,9928
vho2l4,14.6208096,121.0730315,14.6228354,121.0739549,Katipunan Avenue,primary,7107,4358
8nhpju,14.7209028,121.0289928,14.7205244,121.0281193,General Luis Street,primary,7111,411
8nhpju,14.7201859,121.0274612,14.7205244,121.0281193,General Luis Street,primary,7156,411
h6m7qe,14.7191983,121.0241835,14.7193131,121.0232376,General Luis Street,primary,7157,6355
h6m7qe,14.7191983,121.0241835,14.7201859,121.0274612,General Luis Street,primary,7157,7156
3sigs6,14.6966075,121.0325083,14.6982567,121.0335276,,,7201,12548
yrku05,14.6915487,121.0269201,14.6918651,121.0265311,Mindanao Avenue,primary,7210,869
hhpqg5,14.6914627,121.0266574,14.6910793,121.0270682,Mindanao Avenue,primary,7217,9107
u2q0mz,14.6143348,121.0691956,14.6138649,121.0673894,Colonel Bonny Serrano Avenue,secondary,7254,7707
8tus2i,14.6999409,121.0877497,14.6999736,121.0872363,Batasan Road,primary,7258,9065
mo8ykj,14.618468,121.0104904,14.6188001,121.0147964,E. Rodriguez Sr. Avenue,secondary,7259,2428
5u7o62,14.6451419,121.0171609,14.6466674,121.0174004,Fernando Poe Jr. Avenue,secondary,7261,897
n8g0u2,14.6451419,121.0171609,14.6444215,121.0170462,Fernando Poe Jr. Avenue,secondary,7261,2049
nh8lpp,14.64717,121.0519752,14.6470183,121.0520744,Kalayaan Avenue,secondary,7262,8664
1mhdkx,14.6234581,121.0490754,14.6217479,121.0498655,EDSA,primary,7265,7509
3tgqxh,14.6147468,121.0729691,14.6156452,121.0737886,Colonel Bonny Serrano Avenue,primary,7271,9072
odmq3y,14.6535093,121.0745134,14.6535989,121.0745171,,,7274,11201
6bum3u,14.6161699,121.0748148,14.6163311,121.0761375,Colonel Bonny Serrano Avenue,primary,7278,7279
6bum3u,14.6163311,121.0761375,14.6181381,121.0782067,Colonel Bonny Serrano Avenue,primary,7279,6986
cs290t,14.5926507,121.0584746,14.5930397,121.0586102,EDSA,primary,7280,1859
lgsrdr,14.5926507,121.0584746,14.5928047,121.0588768,"Primary Link Road (7280, 7281)",primary_link,7280,7281
st6pug,14.5928047,121.0588768,14.5925444,121.0591698,Ortigas Avenue,primary,7281,6962
cs290t,14.5922766,121.0583506,14.5926507,121.0584746,EDSA,primary,7283,7280
ra62r4,14.6482663,121.0731243,14.6480544,121.0743035,Carlos P. Garcia Avenue,secondary,7284,6999
ra62r4,14.6482663,121.0731243,14.6472782,121.0705185,Carlos P. Garcia Avenue,secondary,7284,8965
pxpemt,14.6476804,121.0643844,14.6476905,121.0642904,Carlos P. Garcia Avenue,secondary,7285,215
pxpemt,14.6476804,121.0643844,14.6476832,121.0646545,Carlos P. Garcia Avenue,secondary,7285,9369
zhuw53,14.5940876,121.0797793,14.599616,121.0795021,E. Rodriguez Jr. Avenue,primary,7289,7001
lnzxl1,14.5956184,121.0602561,14.5961834,121.0595758,D. V. Madrigal Avenue,residential,7292,9704
uex9qp,14.6088721,121.0377251,14.6079113,121.0387494,,,7296,11142
dkvdfg,14.6073796,121.0786378,14.6086903,121.0775225,E. Rodriguez Jr. Avenue,primary,7303,8034
pbzobt,14.6298845,121.015126,14.6305057,121.0158131,Quezon Avenue,primary,7304,144
5q29p7,14.630024,121.0150215,14.6284789,121.0132986,Quezon Avenue,primary_link,7305,1503
yztq06,14.630024,121.0150215,14.6260694,121.0106981,Quezon Avenue,primary,7305,8517
8q8p2n,14.614891,121.0530802,14.614481,121.0532696,EDSA,trunk,7313,1864
h70lzd,14.6149876,121.0532988,14.6240427,121.0490754,EDSA,trunk,7314,7847
yih268,14.6149876,121.0532988,14.6160698,121.0528257,EDSA,primary,7314,9336
1ydofs,14.6241771,121.0487909,14.6234581,121.0490754,EDSA,primary,7315,7265
w6ila5,14.6241771,121.0487909,14.614891,121.0530802,EDSA,trunk,7315,7313
2wzltk,14.6427818,121.0271003,14.6427077,121.0270851,West Avenue,primary,7326,9708
fbqdr9,14.6427818,121.0271003,14.6447824,121.0275624,,,7326,10946
g29kmq,14.6427818,121.0271003,14.6427615,121.0267758,"Primary Link Road (7326, 9663)",primary_link,7326,9663
fbqdr9,14.6456501,121.0277551,14.6458731,121.0278742,West Avenue,primary,7327,9709
fbqdr9,14.6456501,121.0277551,14.6447824,121.0275624,,,7327,10946
xx5ih1,14.5914625,121.0606739,14.5928329,121.0590686,Ortigas Avenue,primary,7332,9696
25b4oe,14.6358008,121.0642876,14.6357375,121.0639437,Xavierville Avenue,secondary,7336,251
27suib,14.6358008,121.0642876,14.6360073,121.0648156,Xavierville Avenue,secondary,7336,472
aa9j02,14.6013753,121.0667453,14.6006518,121.0637056,,,7337,11045
9kj37n,14.6091604,121.0559711,14.6108023,121.0552855,,,7341,12435
m2ojj0,14.6091604,121.0559711,14.6130533,121.0541695,EDSA,trunk,7341,7342
m2ojj0,14.6130533,121.0541695,14.6136872,121.0538758,EDSA,trunk,7342,7455
12hp2q,14.6373179,121.0265469,14.6381209,121.0278306,,,7345,12250
7atzb5,14.6728028,121.0614371,14.6730172,121.0600778,,,7348,10915
obsums,14.6733064,121.0490987,14.6721183,121.0503902,Tandang Sora Avenue,secondary,7349,3822
jhcu0w,14.6733064,121.0490987,14.6736067,121.0510547,Congressional Avenue Extension,primary,7349,4027
cwpvyl,14.6733198,121.0571974,14.6728851,121.0600585,,,7353,10914
e83z9h,14.6664424,121.0622414,14.6657403,121.0634368,Tandang Sora Avenue,secondary,7354,3304
f4jef6,14.6117388,121.0756099,14.6129199,121.0753289,E. Rodriguez Jr. Avenue,primary,7356,8086
q1pki0,14.6367117,121.026628,14.6366659,121.027083,Timog Avenue,primary,7357,683
bgumxs,14.6192076,121.0638418,14.6195904,121.0636724,20th Avenue,secondary,7359,5394
bgumxs,14.6192076,121.0638418,14.6187136,121.0640511,20th Avenue,secondary,7359,1314
qooc1s,14.7196607,121.1003879,14.7193945,121.100497,Payatas Road,primary,7374,7366
jwl4q2,14.6235165,121.0728777,14.6234211,121.0725072,Pedro Tuazon Boulevard,secondary,7384,1281
jwl4q2,14.6235165,121.0728777,14.6236128,121.0732759,Pedro Tuazon Boulevard,secondary,7384,522
5kp6be,14.6019927,121.079369,14.6055043,121.0791766,E. Rodriguez Jr. Avenue,primary,7385,753
fdnn1g,14.6901078,121.0945557,14.6891141,121.0935182,Batasan Road,primary,7389,6794
1e8e7k,14.7112135,121.0906968,14.7120713,121.0905965,Payatas Road,primary,7392,6468
wsvevd,14.6575701,121.0453866,14.6551973,121.0467055,Visayas Avenue,secondary,7394,7748
pycz4o,14.6470871,121.0742847,14.6463319,121.0742967,Katipunan Avenue,primary,7399,123
j664pq,14.6560816,121.0273055,14.6556656,121.0291813,EDSA,trunk,7400,2121
yrku05,14.6920386,121.026172,14.6922555,121.0249615,Mindanao Avenue,primary,7401,7606
vkebaj,14.6888846,121.0297696,14.6881866,121.0307442,Mindanao Avenue,primary,7402,7403
o6pg2w,14.6881866,121.0307442,14.6866458,121.0314964,Mindanao Avenue,primary,7403,9113
wauhiv,14.6710503,121.039191,14.6704441,121.0373826,Congressional Avenue,primary,7404,2723
6aqn68,14.6771159,121.0320391,14.6777096,121.0305955,Tandang Sora Avenue,secondary,7405,3892
x5fmoj,14.6771159,121.0320391,14.6718056,121.0321894,Mindanao Avenue,primary,7405,7406
p3leyr,14.6718056,121.0321894,14.6722892,121.0312765,Road 20,tertiary,7406,2719
46kv3z,14.6718056,121.0321894,14.6702898,121.03238,Mindanao Avenue,primary,7406,7417
wu7vfd,14.6690328,121.0352385,14.6703214,121.037438,,,7407,10922
nmqgkq,14.6663489,121.0324705,14.6664286,121.03259,,,7408,11054
v77meu,14.6677128,121.0342492,14.6679427,121.0340442,Mindanao Avenue,primary,7409,8423
v77meu,14.6677128,121.0342492,14.6681471,121.0342348,"Primary Link Road (7409, 7410)",primary_link,7409,7410
wu7vfd,14.6681471,121.0342348,14.6690328,121.0352385,Congressional Avenue,primary,7410,7407
mmxc13,14.6682491,121.0341836,14.6680306,121.0339641,Congressional Avenue,primary,7411,8536
v77meu,14.6682491,121.0341836,14.6682676,121.0337538,"Primary Link Road (7411, 7412)",primary_link,7411,7412
faxflv,14.6682676,121.0337538,14.6699532,121.0326729,Mindanao Avenue,primary,7412,3223
46kv3z,14.6681283,121.0336476,14.6679042,121.0338444,Mindanao Avenue,primary,7413,8728
46kv3z,14.6681283,121.0336476,14.6676039,121.0335951,"Primary Link Road (7413, 7414)",primary_link,7413,7414
t40kf2,14.6676039,121.0335951,14.6665332,121.0325043,,,7414,11055
nmqgkq,14.6675378,121.033661,14.6678154,121.0339265,Congressional Avenue,secondary,7415,8535
nmqgkq,14.6675378,121.033661,14.6676039,121.0341164,"Primary Link Road (7415, 7416)",primary_link,7415,7416
b8qube,14.6676039,121.0341164,14.6663897,121.0351837,,,7416,11057
46kv3z,14.6702898,121.03238,14.6681283,121.0336476,Mindanao Avenue,primary,7417,7413
faxflv,14.6703309,121.0325449,14.6716242,121.0323477,Mindanao Avenue,primary,7418,2721
e9gyg1,14.6624297,121.0365962,14.6611033,121.036506,Mindanao Avenue,primary,7419,40
ir33qn,14.6593423,121.0361532,14.658668,121.0360028,Mindanao Avenue,primary,7420,7569
6m24vg,14.6382662,121.0277212,14.6374637,121.0263935,Quezon Avenue,primary,7422,8155
hxvjrw,14.632551,121.0448471,14.6306965,121.0456745,EDSA,primary,7424,44
ir33qn,14.6577004,121.0357846,14.6554348,121.0352755,Mindanao Avenue,primary,7433,9296
1z1zt9,14.6108646,121.0548742,14.6108209,121.0547141,,,7440,13059
hll3uz,14.7012217,121.0352175,14.7007999,121.0349215,Quirino Highway,primary,7453,2437
h70lzd,14.6136872,121.0538758,14.6149876,121.0532988,EDSA,trunk,7455,7314
hhpqg5,14.6919187,121.0260267,14.6917798,121.0262386,,,7474,13242
z3zbi1,14.6919187,121.0260267,14.6890716,121.0294396,Mindanao Avenue,primary,7474,7559
qlnoqy,14.6923194,121.0293433,14.6906334,121.0278537,Quirino Highway,primary,7478,9580
nxy5sz,14.6917776,121.0322934,14.6915267,121.0330914,Don Julio Gregorio Street,tertiary,7484,6054
z6atj5,14.6532848,121.051969,14.6532085,121.0518465,Commonwealth Avenue,primary,7486,6998
lg9j2z,14.6615087,121.0643376,14.657443,121.058196,Commonwealth Avenue,primary,7487,9702
o32j0c,14.6274646,121.0475365,14.628555,121.0470307,EDSA,trunk,7488,46
ldgkx1,14.6214709,121.0500025,14.6213298,121.0500806,EDSA,primary,7506,9031
wlln73,14.6218427,121.050132,14.6240427,121.0490754,EDSA,primary,7507,7847
wlln73,14.6216888,121.0502055,14.6218427,121.050132,EDSA,primary,7508,7507
1mhdkx,14.6217479,121.0498655,14.6215736,121.0499577,EDSA,primary,7509,170
hg40dn,14.6582106,121.0197314,14.6577689,121.0193829,Congressional Avenue,secondary,7514,7515
afcpyp,14.6577689,121.0193829,14.6577329,121.0174683,EDSA,trunk,7515,3714
juje2n,14.6551282,121.0187444,14.654525,121.0186068,Fernando Poe Jr. Avenue,secondary,7518,2145
juje2n,14.6563108,121.0191642,14.6567722,121.0193779,,,7520,11157
mu7ohe,14.6549334,121.0303425,14.6499959,121.0335962,,,7521,13321
aenpia,14.6232658,121.053913,14.6239589,121.0553812,,,7529,13039
1vf8r9,14.6242553,121.0560089,14.6245408,121.0566024,Aurora Boulevard,primary,7530,2923
445fnx,14.6233842,121.0740565,14.6209217,121.0729341,Katipunan Avenue,primary,7531,550
2vucvm,14.6245119,121.0748582,14.6237414,121.074347,Major S. Dizon Street,tertiary,7532,72
wte3xl,14.6257139,121.0589342,14.6260124,121.0595286,Aurora Boulevard,primary,7533,8177
e8o6q7,14.6265444,121.0603954,14.6264189,121.0601383,Aurora Boulevard,primary,7534,2467
nwa5ol,14.6269233,121.0613666,14.6272812,121.0621187,,,7535,12124
g0ua3q,14.7086767,121.0390501,14.7084887,121.039013,Quirino Highway,primary,7536,5575
g0ua3q,14.7086767,121.0390501,14.7090816,121.0391371,Quirino Highway,primary,7536,5551
47goeu,14.6249875,121.0664499,14.6246038,121.0674228,Antonio Luna Street,tertiary,7542,552
47goeu,14.6255427,121.0660454,14.6250604,121.0663942,Antonio Luna Street,tertiary,7545,1291
uvbfl2,14.6255427,121.0660454,14.6260174,121.0656804,Antonio Luna Street,tertiary,7545,1232
uqdbg2,14.6255573,121.070705,14.6259602,121.0705614,Jose P. Rizal Street,tertiary,7551,1274
uqdbg2,14.6255573,121.070705,14.6251968,121.070831,Jose P. Rizal Street,tertiary,7551,1279
v9lbc4,14.6207365,121.0591885,14.6200931,121.0594963,15th Avenue,secondary,7556,99
axekzj,14.6283573,121.0665125,14.6278057,121.0632577,,,7557,12463
2x5bpx,14.6891074,121.0297323,14.6920386,121.026172,Mindanao Avenue,primary,7558,7401
vkebaj,14.6890716,121.0294396,14.6888846,121.0297696,Mindanao Avenue,primary,7559,7402
y5272g,14.6800579,121.0191609,14.6800897,121.0189261,Tandang Sora Avenue,secondary,7561,7093
y4gi2d,14.7111904,121.0240026,14.7112236,121.0243467,East Berkely Street,tertiary,7562,5875
y4gi2d,14.7111904,121.0240026,14.7110719,121.0229516,East Berkely Street,tertiary,7562,5886
xu2l33,14.7185158,121.0210113,14.7179144,121.0208749,Katipunan Extension,secondary,7563,7602
v0l0dc,14.7197336,121.0211422,14.7200663,121.0202282,General Luis Street,primary,7564,7110
ci6ljj,14.7197336,121.0211422,14.7185158,121.0210113,Katipunan Extension,secondary,7564,7563
2abepi,14.7226946,121.0415823,14.7254241,121.0412372,Quirino Highway,primary,7567,5425
2abepi,14.7226946,121.0415823,14.7222561,121.0416665,Quirino Highway,primary,7567,407
2mdpyu,14.6583098,121.0360995,14.6586192,121.0361732,Mindanao Avenue,primary,7568,7570
ir33qn,14.658668,121.0360028,14.6584272,121.035948,Mindanao Avenue,primary,7569,7571
2mdpyu,14.6586192,121.0361732,14.6602747,121.0365228,,,7570,11025
ir33qn,14.6584272,121.035948,14.6577004,121.0357846,Mindanao Avenue,primary,7571,7433
6d71ub,14.6263895,121.0334182,14.6240881,121.0329243,Tomas Morato Avenue,secondary,7577,9803
a6jsk6,14.6263895,121.0334182,14.6270148,121.0335915,,,7577,10014
1mfv4f,14.6979571,121.0871565,14.6968061,121.0871697,Commonwealth Avenue,primary,7579,4863
uhuw1r,14.634822,121.0587602,14.6352578,121.0586322,Anonas Street Extension,secondary,7580,7581
ibevbn,14.6352578,121.0586322,14.634822,121.0587602,Anonas Street Extension,secondary,7581,7580
ibevbn,14.6352578,121.0586322,14.635568,121.0585336,,,7581,11069
st6pug,14.5918398,121.0600189,14.5907199,121.0612879,Ortigas Avenue,primary,7596,4781
xu2l33,14.7173359,121.0207895,14.7170944,121.0207628,Katipunan Extension,secondary,7599,8831
bsbg9m,14.7164754,121.0210334,14.7180612,121.0222314,Samonte Road,residential,7600,7269
xu2l33,14.71762,121.0208285,14.7173359,121.0207895,Katipunan Extension,secondary,7601,7599
xu2l33,14.7179144,121.0208749,14.71762,121.0208285,Katipunan Extension,secondary,7602,7601
bsbg9m,14.7194509,121.0223104,14.7180612,121.0222314,Samonte Road,residential,7603,7269
v0l0dc,14.7194509,121.0223104,14.7197336,121.0211422,General Luis Street,primary,7603,7564
hhpqg5,14.69211,121.0249443,14.6919187,121.0260267,Mindanao Avenue,primary,7604,7474
yrku05,14.6922555,121.0249615,14.692283,121.0245717,Mindanao Avenue,primary,7606,870
5qdcws,14.6824324,121.0208406,14.6825586,121.0209566,Quirino Highway,primary,7608,7607
7atzb5,14.6734599,121.0572214,14.6736741,121.0558742,Congressional Avenue Extension,primary,7623,7624
7atzb5,14.6736741,121.0558742,14.6737644,121.055248,Congressional Avenue Extension,primary,7624,7625
7atzb5,14.6737644,121.055248,14.6739001,121.0541389,,,7625,10916
dtbdkd,14.6739331,121.0536637,14.6737311,121.0509907,Congressional Avenue Extension,primary,7626,7627
dtbdkd,14.6737311,121.0509907,14.6734318,121.0492327,Congressional Avenue Extension,primary,7627,3760
jc6k40,14.6726711,121.0614765,14.6724482,121.0629641,,,7628,10912
h4xg5e,14.6718986,121.0685807,14.6719468,121.0675186,Congressional Avenue Extension,primary,7629,8686
ma1zm5,14.6718986,121.0685807,14.6726623,121.0688682,Luzon Avenue,secondary,7629,3585
c9r5uc,14.6718921,121.0434804,14.6720261,121.0434897,Visayas Avenue,secondary,7630,2185
koq6cw,14.6718921,121.0434804,14.6723775,121.0456438,Congressional Avenue Extension,primary,7630,7631
oqk4q5,14.6723775,121.0456438,14.6729027,121.0479401,Congressional Avenue Extension,primary,7631,7761
6ccu6t,14.7337273,121.0674351,14.7347485,121.0674305,Ascencion Avenue,tertiary,7637,9744
6ccu6t,14.7337273,121.0674351,14.7334492,121.0674381,Ascencion Avenue,tertiary,7637,4636
ma1zm5,14.6775931,121.0692878,14.6762091,121.0692193,Luzon Avenue,secondary,7638,3426
52i85u,14.7080388,121.0306402,14.707919,121.0316489,Pablo dela Cruz Street,tertiary,7640,4235
juje2n,14.6557483,121.0189498,14.6563108,121.0191642,Fernando Poe Jr. Avenue,secondary,7641,7520
juje2n,14.6557483,121.0189498,14.6551282,121.0187444,Fernando Poe Jr. Avenue,secondary,7641,7518
srnh30,14.6576737,121.0143313,14.6576709,121.0141721,,,7653,12329
oyg0av,14.6575269,121.0193436,14.6575223,121.0198308,EDSA,trunk,7654,7658
ved68l,14.6575269,121.0193436,14.6563108,121.0191642,Fernando Poe Jr. Avenue,secondary,7654,7520
51od7m,14.6575223,121.0198308,14.6568747,121.0238004,,,7658,12800
fiyst,14.6105678,121.0132534,14.6104496,121.0132646,Santol Street,tertiary,7662,8950
fiyst,14.6105678,121.0132534,14.6108265,121.0132038,Santol Street,tertiary,7662,3082
izul1q,14.6204829,121.050749,14.621422,121.0503372,EDSA,primary,7663,9030
83kuw9,14.6105405,121.0757746,14.6101036,121.0760315,E. Rodriguez Jr. Avenue,primary,7667,6977
yu9zhs,14.6351585,121.0435568,14.6372654,121.0421727,EDSA,trunk,7673,3528
qr7b9l,14.6945266,121.0875097,14.6958398,121.0875186,Commonwealth Avenue,primary,7681,9069
wio7bc,14.6302306,121.0170348,14.6301845,121.0172392,Scout Chuatoco Street,secondary,7687,2956
yztq06,14.6302306,121.0170348,14.6305057,121.0158131,Scout Chuatoco Street,secondary,7687,144
v13vxy,14.6288205,121.0234434,14.6284631,121.0250824,Scout Chuatoco Street,tertiary,7690,1033
v13vxy,14.6288205,121.0234434,14.6291865,121.0217646,Scout Chuatoco Street,tertiary,7690,3000
4qohk2,14.6294045,121.0304423,14.6291069,121.0318305,Don Alejandro Roces Avenue,secondary,7693,1026
gs7ii2,14.6371278,121.045905,14.6337616,121.0451348,East Avenue,primary,7698,9682
oapsh0,14.6364832,121.02801,14.6365586,121.0276022,Timog Avenue,primary,7705,8
oapsh0,14.6368318,121.0265586,14.6373179,121.0265469,"Primary Link Road (7706, 7345)",primary_link,7706,7345
oapsh0,14.6368318,121.0265586,14.6371042,121.0262022,Timog Avenue,primary,7706,9354
u2q0mz,14.6138649,121.0673894,14.613608,121.0663098,,,7707,10128
u2q0mz,14.6144961,121.0698466,14.6143348,121.0691956,Colonel Bonny Serrano Avenue,secondary,7708,7254
jn9uuh,14.6898694,121.0286611,14.690577,121.0279178,Mindanao Avenue,primary,7711,9110
izul1q,14.618171,121.0518211,14.6202833,121.0508401,EDSA,primary,7714,7718
izul1q,14.6202833,121.0508401,14.6204829,121.050749,EDSA,primary,7718,7663
9a9ks3,14.6661136,121.0719416,14.6664823,121.0724907,Commonwealth Village,residential,7723,8412
nhwz09,14.6470775,121.0401615,14.6466264,121.0403905,,,7727,10087
j165m7,14.6417687,121.0456185,14.6410973,121.0468185,Senator Miriam P. Defensor-Santiago Avenue,secondary,7728,8970
iktbsr,14.638948,121.0070925,14.6391611,121.0069299,Gregorio Araneta Avenue,primary,7732,1214
szmnxe,14.647009,121.0355544,14.6467967,121.035691,EDSA,trunk,7733,9692
wqqi5f,14.6331735,121.0430342,14.633242,121.0427486,,,7734,13369
wqqi5f,14.6331735,121.0430342,14.6330673,121.0435113,Timog Avenue,primary,7734,7735
wqqi5f,14.6330673,121.0435113,14.632903,121.0441367,Timog Avenue,primary,7735,7872
wqqi5f,14.6330673,121.0435113,14.6331735,121.0430342,Timog Avenue,primary,7735,7734
gs7ii2,14.6380048,121.0461124,14.6374732,121.0459862,East Avenue,primary,7737,3056
k0hgal,14.6380048,121.0461124,14.6379812,121.0462198,V. Luna Road,secondary,7737,160
aff2do,14.6461203,121.0409187,14.6463587,121.0407576,Senator Miriam P. Defensor-Santiago Avenue,secondary,7738,9690
b87m3g,14.6462749,121.0406132,14.6460522,121.0408097,Senator Miriam P. Defensor-Santiago Avenue,secondary,7739,7740
8fq5n9,14.6462749,121.0406132,14.6460949,121.0403316,,,7739,10086
b87m3g,14.6460522,121.0408097,14.6458689,121.0409536,,,7740,10089
9iimor,14.6456281,121.0530916,14.647066,121.0521504,,,7741,12577
oat7uy,14.642873,121.0543276,14.6453151,121.0532836,Kalayaan Avenue,secondary,7743,7742
3qe859,14.6361487,121.0546426,14.6393323,121.0549352,Kalayaan Avenue,secondary,7744,7747
oat7uy,14.6421014,121.0545609,14.642873,121.0543276,Kalayaan Avenue,secondary,7745,7743
oat7uy,14.6412757,121.0547325,14.6421014,121.0545609,Kalayaan Avenue,secondary,7746,7745
4mpvu4,14.6393323,121.0549352,14.6393631,121.055739,Matino Street,tertiary,7747,2816
oat7uy,14.6393323,121.0549352,14.6412757,121.0547325,Kalayaan Avenue,secondary,7747,7746
wsvevd,14.6551973,121.0467055,14.6551018,121.0467699,Visayas Avenue,secondary,7748,6956
unk0sd,14.6331285,121.044514,14.6330079,121.0445936,EDSA,primary,7749,51
iwml5k,14.6331285,121.044514,14.63302,121.0442792,Timog Avenue,primary,7749,2767
2z6zwy,14.6095823,121.043249,14.6098613,121.043181,"Secondary Link Road (7752, 7753)",secondary_link,7752,7753
2z6zwy,14.6095823,121.043249,14.6087541,121.0451961,Colonel Bonny Serrano Avenue,secondary,7752,1570
2z6zwy,14.6095823,121.043249,14.6096503,121.0429708,,,7752,10237
9x48tl,14.6304015,121.0740387,14.6275702,121.0741068,Katipunan Avenue,primary,7754,750
hcytyt,14.632085,121.0749746,14.6325141,121.0758115,Marcos Highway,primary,7755,77
fivhz6,14.6914158,121.0961032,14.6917287,121.0963363,Batasan Road,secondary,7757,8432
joqo5z,14.6890279,121.0936184,14.6894962,121.0941362,,,7758,11507
cu8t3c,14.6870815,121.0915898,14.6877249,121.0922449,Batasan Road,primary,7759,9080
joqo5z,14.6913629,121.096049,14.6914158,121.0961032,Batasan Road,primary,7760,7757
oqk4q5,14.6729027,121.0479401,14.6733064,121.0490987,Congressional Avenue Extension,primary,7761,7349
kwd6nk,14.678991,121.0460908,14.6791593,121.0462522,Himlayan Road,tertiary,7765,7764
kwd6nk,14.678991,121.0460908,14.6772353,121.0460998,Himlayan Road,tertiary,7765,4036
kwd6nk,14.6800518,121.0466424,14.6801913,121.0466541,Himlayan Road,tertiary,7766,3960
kwd6nk,14.6800518,121.0466424,14.6791593,121.0462522,Himlayan Road,tertiary,7766,7764
oapsh0,14.6363246,121.028776,14.6364832,121.02801,Timog Avenue,primary,7770,7705
oapsh0,14.636243,121.0291264,14.6357976,121.0311725,Timog Avenue,primary,7771,372
oapsh0,14.636243,121.0291264,14.6363246,121.028776,Timog Avenue,primary,7771,7770
u6p2xx,14.73109,121.0473781,14.725226,121.0487433,Commonwealth Avenue,primary,7799,1659
sh5dat,14.731106,121.0475101,14.73109,121.0473781,Quirino Highway,primary,7800,7799
axtcvk,14.724705,121.0494031,14.7249337,121.0492122,,,7801,12246
59hsyd,14.6693169,121.0096492,14.6684045,121.0088251,Quirino Highway,primary,7814,4128
nwki8b,14.6741971,121.0139875,14.673243,121.0131698,Quirino Highway,primary,7825,7823
o32j0c,14.6257257,121.048331,14.6274646,121.0475365,EDSA,trunk,7834,7488
wifwck,14.6257257,121.048331,14.6260378,121.0490802,New York Avenue,tertiary,7834,336
a6jsk6,14.6273422,121.0336589,14.6276044,121.033722,,,7835,9877
d0cpdd,14.6272726,121.0339005,14.6274061,121.0342159,Kamuning Road,secondary,7837,12
4qohk2,14.6287079,121.0336911,14.6284704,121.033852,,,7838,9953
4qohk2,14.6287079,121.0336911,14.6286622,121.0339063,,,7838,10013
jf1n0l,14.6281532,121.0469454,14.6280015,121.0470108,EDSA,trunk,7841,7842
jf1n0l,14.6280015,121.0470108,14.6273697,121.0473089,EDSA,trunk,7842,7918
pw9zu2,14.6617351,121.044313,14.6629723,121.0440272,Visayas Avenue,secondary,7844,1875
wsvevd,14.6617106,121.0441997,14.6597585,121.0446433,Visayas Avenue,secondary,7845,1803
lufa8k,14.661277,121.0444193,14.6614647,121.0443759,,,7846,13171
xo4k1l,14.6240427,121.0490754,14.6257257,121.048331,EDSA,trunk,7847,7834
x265y6,14.6161209,121.0524458,14.614891,121.0530802,EDSA,primary,7848,7313
x265y6,14.616466,121.0522781,14.6161209,121.0524458,EDSA,primary,7849,7848
ai9ygj,14.616466,121.0522781,14.6164878,121.0515928,Pedro Tuazon Boulevard,secondary,7849,2442
p2jgu6,14.6164458,121.0526466,14.616718,121.0525169,,,7850,10815
hg3c25,14.6402213,121.0152025,14.6401564,121.0147507,Del Monte Avenue,secondary,7854,7297
hg3c25,14.6401002,121.0142045,14.6401564,121.0147507,Del Monte Avenue,secondary,7855,7297
hg3c25,14.6401002,121.0142045,14.639953,121.0131261,Del Monte Avenue,secondary,7855,920
t40kf2,14.6660104,121.0313975,14.6655192,121.0297593,Congressional Avenue,secondary,7856,860
th9mqd,14.6796001,121.0319542,14.678062,121.0320068,Mindanao Avenue,primary,7858,3866
ku3mgd,14.6795995,121.0321324,14.6799174,121.0321237,Mindanao Avenue,primary,7859,3724
3lk4tc,14.6343083,121.0216652,14.6344588,121.0219089,Quezon Avenue,primary,7863,7864
3lk4tc,14.6343083,121.0216652,14.6344959,121.0215352,"Primary Link Road (7863, 7866)",primary_link,7863,7866
3lk4tc,14.6344588,121.0219089,14.634865,121.0225667,Quezon Avenue,primary,7864,1543
d1tlb9,14.6346539,121.0217843,14.6344959,121.0215352,Quezon Avenue,primary,7865,7866
d1tlb9,14.6346539,121.0217843,14.6344588,121.0219089,"Primary Link Road (7865, 7864)",primary_link,7865,7864
d1tlb9,14.6344959,121.0215352,14.6327201,121.0186941,Quezon Avenue,primary,7866,8158
uuh1ck,14.7236069,121.0309777,14.7239548,121.0301961,Llano Road,secondary,7871,6316
uuh1ck,14.7236069,121.0309777,14.7231125,121.0316091,Llano Road,secondary,7871,6314
wqqi5f,14.632903,121.0441367,14.6330079,121.0445936,Timog Avenue,primary,7872,51
unk0sd,14.632903,121.0441367,14.632551,121.0448471,"Primary Link Road (7872, 7424)",primary_link,7872,7424
2mmy04,14.7335238,121.0522709,14.7328875,121.0504682,Quirino Highway,primary,7885,404
7ojahc,14.7242051,121.0277665,14.7243939,121.0270506,Llano Road,secondary,7896,6357
7ojahc,14.724708,121.0265813,14.7244625,121.0268324,Llano Road,secondary,7897,6356
nmqgkq,14.6658735,121.0314411,14.6663489,121.0324705,Congressional Avenue,secondary,7916,7408
nmqgkq,14.6652207,121.0291207,14.6658735,121.0314411,Congressional Avenue,secondary,7917,7916
svmmoh,14.6524613,121.0448945,14.6538106,121.0387128,,,7922,12165
d6yfmu,14.6723134,121.0433446,14.6719359,121.043091,"Primary Link Road (7936, 7938)",primary_link,7936,7938
641btz,14.6723134,121.0433446,14.6719908,121.0433359,Visayas Avenue,secondary,7936,867
9lcsxf,14.6722717,121.0435062,14.6728555,121.0435455,Visayas Avenue,secondary,7937,9713
wauhiv,14.6719359,121.043091,14.6715152,121.0411862,Congressional Avenue,primary,7938,2748
jj4sy7,14.6720896,121.0437887,14.6722717,121.0435062,"Primary Link Road (7939, 7937)",primary_link,7939,7937
jj4sy7,14.6720896,121.0437887,14.6720261,121.0434897,Congressional Avenue Extension,primary,7939,2185
ae0f12,14.6317769,121.0175997,14.633297,121.0200274,Quezon Avenue,primary,7944,1039
e83z9h,14.6652457,121.0660671,14.6657403,121.0634368,Tandang Sora Avenue,secondary,7957,3304
e83z9h,14.6652457,121.0660671,14.6645791,121.067413,,,7957,12812
me9aya,14.6679087,121.0565091,14.6681904,121.0556194,Tandang Sora Avenue,secondary,7962,3228
e83z9h,14.6679087,121.0565091,14.6674707,121.058352,,,7962,10221
me9aya,14.6689109,121.0543374,14.669213,121.0538765,Tandang Sora Avenue,secondary,7963,142
me9aya,14.6689109,121.0543374,14.6682658,121.0554792,Tandang Sora Avenue,secondary,7963,7964
me9aya,14.6682658,121.0554792,14.6681904,121.0556194,Tandang Sora Avenue,secondary,7964,3228
me9aya,14.6682658,121.0554792,14.6689109,121.0543374,Tandang Sora Avenue,secondary,7964,7963
kokxrw,14.7022724,121.089362,14.7019963,121.0893599,Payatas Road,primary,7965,9220
x2yp65,14.6757277,121.0821757,14.6767546,121.0827766,,,7968,12607
32xiqd,14.6618944,121.0648865,14.6615087,121.0643376,Commonwealth Avenue,primary,8033,7487
dkvdfg,14.6086903,121.0775225,14.6094812,121.0767817,E. Rodriguez Jr. Avenue,primary,8034,754
83kuw9,14.6085692,121.0773845,14.607312,121.0784972,,,8035,11953
v13vxy,14.6278013,121.0281663,14.6280104,121.0271865,Scout Chuatoco Street,tertiary,8049,1029
2i12sa,14.6278013,121.0281663,14.6275667,121.0292689,Scout Chuatoco Street,tertiary,8049,145
wxqdx8,14.6279967,121.0293671,14.6280922,121.0293889,Scout Tobias Street,tertiary,8057,1027
wxqdx8,14.6279967,121.0293671,14.6275667,121.0292689,Scout Tobias Street,tertiary,8057,145
odmq3y,14.6543106,121.0745394,14.6556708,121.0745606,Katipunan Avenue,primary,8065,8066
odmq3y,14.6556708,121.0745606,14.6575699,121.0745141,Katipunan Avenue,primary,8066,8407
u0el57,14.6550232,121.074236,14.6546681,121.0742491,Katipunan Avenue,primary,8067,8068
u0el57,14.6546681,121.0742491,14.6535903,121.0742817,Katipunan Avenue,primary,8068,38
e9gyg1,14.6650635,121.035997,14.6639082,121.0363992,Mindanao Avenue,primary,8069,861
1dpy9l,14.6174343,121.0712481,14.6154161,121.0704908,,,8081,10244
a4hghg,14.6180752,121.0715981,14.612948,121.0751704,"Katipunan Avenue, Colonel Bonny Serrano Avenue, C-5-Bonny Serrano Flyover",primary,8082,6987
83kuw9,14.6117091,121.0754503,14.6105405,121.0757746,E. Rodriguez Jr. Avenue,primary,8085,7667
f4jef6,14.6129199,121.0753289,14.6142534,121.0750719,E. Rodriguez Jr. Avenue,primary,8086,8135
prcrz,14.6129199,121.0753289,14.6150979,121.073087,"Colonel Bonny Serrano Avenue, C-5-Bonny Serrano Flyover",primary,8086,6944
f4jef6,14.615094,121.0749013,14.6154364,121.074826,,,8087,10907
xfvrhx,14.6136706,121.0704852,14.6111022,121.0708381,,,8089,11143
xfvrhx,14.6136706,121.0704852,14.6143057,121.0706759,,,8089,10892
np3w5p,14.6147763,121.0726532,14.6180259,121.0717396,"Katipunan Avenue, Colonel Bonny Serrano Avenue",primary,8090,8083
np3w5p,14.6147763,121.0726532,14.6146912,121.072006,Colonel Bonny Serrano Avenue,primary,8090,8091
w0feok,14.6145443,121.0707237,14.6144151,121.071068,,,8092,10891
1ak5wm,14.6571272,121.0576801,14.6549164,121.0542273,,,8108,12161
9fvdw2,14.6928417,121.0871679,14.6905577,121.0871414,Commonwealth Avenue,primary,8116,4518
badb94,14.6367108,121.0520508,14.6368358,121.0514868,V. Luna Road,secondary,8127,2831
badb94,14.6367108,121.0520508,14.6365901,121.0526156,V. Luna Road,secondary,8127,2839
f4jef6,14.6142534,121.0750719,14.6145061,121.0750163,E. Rodriguez Jr. Avenue,primary,8135,6988
g29kmq,14.642693,121.0266326,14.6426627,121.0265234,,,8148,12751
g29kmq,14.642693,121.0266326,14.6426304,121.0270646,Del Monte Avenue,secondary,8148,8150
2wzltk,14.6426304,121.0270646,14.6424763,121.0270282,,,8150,10095
2wzltk,14.6426304,121.0270646,14.6427077,121.0270851,West Avenue,primary,8150,9708
lnzxl1,14.5939703,121.0589336,14.5954985,121.0594219,,,8151,10813
q1pki0,14.6371967,121.0259865,14.6370382,121.026104,"Primary Road (8153, 9355)",primary,8153,9355
6m24vg,14.6371967,121.0259865,14.6368873,121.0255026,Quezon Avenue,primary,8153,898
ti8290,14.6372647,121.0260919,14.6376379,121.0259674,West Avenue,primary,8154,8156
6m24vg,14.6372647,121.0260919,14.6371967,121.0259865,Quezon Avenue,primary,8154,8153
6m24vg,14.6374637,121.0263935,14.6372647,121.0260919,Quezon Avenue,primary,8155,8154
ti8290,14.6374637,121.0263935,14.6376379,121.0259674,"Primary Link Road (8155, 8156)",primary_link,8155,8156
lczqjk,14.6376379,121.0259674,14.6380164,121.0260082,,,8156,9860
2wzltk,14.6399223,121.0264449,14.6403635,121.0265446,West Avenue,primary,8157,462
2wzltk,14.6399223,121.0264449,14.6388479,121.0262022,West Avenue,primary,8157,8165
z8ew58,14.6327201,121.0186941,14.6326861,121.0186373,Quezon Avenue,primary,8158,894
wrqhpc,14.6327201,121.0186941,14.6335441,121.0181341,Fernando Poe Jr. Avenue,secondary,8158,901
46ay89,14.6290746,121.0126809,14.6318936,121.0097062,,,8159,11005
wyr79,14.6354456,121.018149,14.6344277,121.0179961,Fernando Poe Jr. Avenue,secondary,8163,8160
6ymi38,14.632158,121.0093232,14.6305049,121.0110259,Gregorio Araneta Avenue,primary,8164,295
2wzltk,14.6388479,121.0262022,14.6399223,121.0264449,West Avenue,primary,8165,8157
2wzltk,14.6388479,121.0262022,14.638456,121.0261115,,,8165,10075
lzi5sl,14.647909,121.0283421,14.6488749,121.0285655,West Avenue,primary,8166,3860
2v56ey,14.6418093,121.0233656,14.6419332,121.0238083,Del Monte Avenue,secondary,8168,8171
2v56ey,14.6418093,121.0233656,14.6416867,121.0229047,Del Monte Avenue,secondary,8168,922
2v56ey,14.6419332,121.0238083,14.6420582,121.0242461,Del Monte Avenue,secondary,8171,929
2v56ey,14.6419332,121.0238083,14.6418093,121.0233656,Del Monte Avenue,secondary,8171,8168
2v56ey,14.6421899,121.0246761,14.6423082,121.0250969,Del Monte Avenue,secondary,8172,932
2v56ey,14.6421899,121.0246761,14.6420582,121.0242461,Del Monte Avenue,secondary,8172,929
21vrl8,14.6245838,121.0090553,14.623547,121.0079278,Quezon Avenue,primary,8175,2178
g6t3l4,14.6245044,121.0091955,14.6246385,121.0093439,Quezon Avenue,primary,8176,9196
wte3xl,14.6260124,121.0595286,14.6264571,121.0604418,Aurora Boulevard,primary,8177,538
369k9p,14.718946,121.0540125,14.7179646,121.0548063,Commonwealth Avenue,primary,8213,4736
yz4fuq,14.7047274,121.0818015,14.7047117,121.0818804,,,8220,10756
dekqcp,14.7044133,121.0838822,14.7050312,121.0821212,,,8222,11173
j664pq,14.6567889,121.0241626,14.6563663,121.0259984,,,8223,12560
nh8lpp,14.6461153,121.052666,14.6455864,121.0530027,Kalayaan Avenue,secondary,8225,138
5qdcws,14.6852051,121.023672,14.6860024,121.0241091,Quirino Highway,primary,8259,4038
5qdcws,14.6852051,121.023672,14.6846846,121.0229774,Quirino Highway,primary,8259,3862
uo6w4m,14.6715684,121.0686012,14.6718986,121.0685807,Luzon Avenue,primary,8261,7629
u327wu,14.7338883,121.0534411,14.7337212,121.0529089,,,8275,12284
u327wu,14.7338883,121.0534411,14.7342607,121.054505,Quirino Highway,primary,8275,2803
59hsyd,14.6682635,121.0087012,14.6684045,121.0088251,Quirino Highway,primary,8284,4128
59hsyd,14.6682635,121.0087012,14.6676439,121.0081477,Quirino Highway,primary,8284,7824
59hsyd,14.6696655,121.0099788,14.6693169,121.0096492,Quirino Highway,primary,8297,7814
cizdae,14.6575613,121.0065799,14.657483,121.0020589,EDSA,trunk,8309,8569
vt6e25,14.6950345,121.0315295,14.6953404,121.0317226,,,8321,12513
nwki8b,14.6727279,121.0127341,14.673243,121.0131698,Quirino Highway,primary,8326,7823
qrckdk,14.7104029,121.0265627,14.7104992,121.0278028,Magsaysay Avenue,tertiary,8329,5879
5jhr1r,14.7104029,121.0265627,14.7103921,121.0264342,Magsaysay Avenue,tertiary,8329,5877
5qdcws,14.6841725,121.0223325,14.684532,121.02272,Quirino Highway,primary,8330,7092
5qdcws,14.6841725,121.0223325,14.6825586,121.0209566,Quirino Highway,primary,8330,7607
kohi04,14.6667234,121.0432376,14.667645,121.0432781,Visayas Avenue,secondary,8338,3891
pana3t,14.6904101,121.0277657,14.690577,121.0279178,Quirino Highway,primary,8340,9110
vkebaj,14.6904101,121.0277657,14.6892045,121.0291512,,,8340,10395
b7awg4,14.6781462,121.0172802,14.6780433,121.0171886,Quirino Highway,primary,8346,7595
b7awg4,14.6781462,121.0172802,14.6790288,121.018027,Quirino Highway,primary,8346,3712
goazyb,14.6627276,121.0205364,14.6637335,121.0230302,Congressional Avenue,secondary,8349,7062
nxy5sz,14.6921141,121.0312962,14.6923555,121.030549,Don Julio Gregorio Street,residential,8376,3308
e13p1s,14.6287044,121.067982,14.6293338,121.0693586,Aurora Boulevard,primary,8378,2529
dkvdfg,14.6096683,121.0766106,14.6117388,121.0756099,E. Rodriguez Jr. Avenue,primary,8379,7356
59hsyd,14.6702405,121.0105111,14.6699342,121.0102245,Quirino Highway,primary,8380,8285
59hsyd,14.6702405,121.0105111,14.6712209,121.011422,Quirino Highway,primary,8380,7821
fx1u,14.6575699,121.0745141,14.6575654,121.0742237,Magsaysay Avenue,unclassified,8407,101
71u7sy,14.6575699,121.0745141,14.6597733,121.0762743,Tandang Sora Avenue,primary,8407,8986
rwxwik,14.6839883,121.0860169,14.684294,121.0861534,,,8410,12101
98gb1j,14.6837954,121.085486,14.6835189,121.0853786,Commonwealth Avenue,primary,8411,9465
9a9ks3,14.6664823,121.0724907,14.6675541,121.0740862,Commonwealth Avenue,primary,8412,4834
qlnoqy,14.6908633,121.0281768,14.6922523,121.0293822,Quirino Highway,primary,8415,8794
v77meu,14.6679427,121.0340442,14.6680306,121.0339641,Mindanao Avenue,primary,8423,8536
nmqgkq,14.6679427,121.0340442,14.6681471,121.0342348,Congressional Avenue,primary,8423,7410
1vdiej,14.6979498,121.0932922,14.698611,121.0925877,Batasan Road,secondary,8425,8428
fnfpnd,14.698611,121.0925877,14.6998021,121.0913672,Batasan Road,secondary,8428,8438
fivhz6,14.6951169,121.0963281,14.6959476,121.0954163,Batasan Road,secondary,8430,8435
fivhz6,14.6917287,121.0963363,14.6929652,121.0964165,Batasan Road,secondary,8432,8436
fivhz6,14.6959476,121.0954163,14.6972891,121.0939433,Batasan Road,secondary,8435,8437
fivhz6,14.6929652,121.0964165,14.6931193,121.0964151,,,8436,11420
fivhz6,14.6929652,121.0964165,14.692936,121.0962544,"Secondary Link Road (8436, 1219)",secondary_link,8436,1219
1vdiej,14.6972891,121.0939433,14.6979498,121.0932922,Batasan Road,secondary,8437,8425
fnfpnd,14.6998021,121.0913672,14.7000423,121.0881554,,,8438,12118
2v56ey,14.6424323,121.025538,14.6423082,121.0250969,Del Monte Avenue,secondary,8448,932
2v56ey,14.6424323,121.025538,14.6425604,121.0260309,Del Monte Avenue,secondary,8448,3206
n0b3nt,14.6404963,121.0170725,14.6406403,121.0181948,Del Monte Avenue,secondary,8454,921
21vrl8,14.6260694,121.0106981,14.6252352,121.0097772,Quezon Avenue,primary,8517,736
q1dlrf,14.642125,121.038648,14.6417155,121.0390017,EDSA,primary,8521,6923
hd112s,14.6561433,121.0706345,14.6561265,121.0685919,Osmeña Avenue,tertiary,8523,104
5pp4t4,14.7162894,121.0206575,14.7161051,121.0201845,Samonte Road,residential,8530,7598
xmwq15,14.7162894,121.0206575,14.7139984,121.0206984,,,8530,10440
dyc6jc,14.7163207,121.0207458,14.7166552,121.0207921,,,8531,10444
5mwy10,14.7163207,121.0207458,14.7164754,121.0210334,Samonte Road,residential,8531,7600
5mwy10,14.7163207,121.0207458,14.7162894,121.0206575,Samonte Road,residential,8531,8530
nmqgkq,14.6678154,121.0339265,14.6679427,121.0340442,Congressional Avenue,primary,8535,8423
46kv3z,14.6678154,121.0339265,14.6676039,121.0341164,Mindanao Avenue,primary,8535,7416
faxflv,14.6680306,121.0339641,14.6682676,121.0337538,Mindanao Avenue,primary,8536,7412
mmxc13,14.6680306,121.0339641,14.6679042,121.0338444,Congressional Avenue,primary,8536,8728
yn8lfl,14.6831656,121.0320477,14.6851247,121.0319344,Mindanao Avenue,primary,8566,3728
th9mqd,14.6831643,121.0318751,14.6803386,121.0319393,Mindanao Avenue,primary,8567,4051
cizdae,14.657483,121.0020589,14.6574369,121.0016296,,,8569,11150
xeh1w,14.6076157,121.039202,14.6079113,121.0387494,,,8576,11142
uyujui,14.6713712,121.0359219,14.6713733,121.0356695,Pluto Street,tertiary,8590,3222
cs92nb,14.6713712,121.0359219,14.6716909,121.0368413,Pluto Street,tertiary,8590,2724
ntgeku,14.6954299,121.0675887,14.6946644,121.0675928,Regalado Avenue,secondary,8591,8593
39tdbb,14.7017012,121.067963,14.6999348,121.0676179,Regalado Avenue,secondary,8592,8594
ntgeku,14.6946644,121.0675928,14.6945986,121.0675932,,,8593,12323
39tdbb,14.6999348,121.0676179,14.6991499,121.067581,,,8594,9933
ntgeku,14.6971279,121.0675796,14.6966129,121.0675824,Regalado Avenue,secondary,8595,8596
ntgeku,14.6966129,121.0675824,14.6960311,121.0675855,Regalado Avenue,secondary,8596,8597
ntgeku,14.6960311,121.0675855,14.6954299,121.0675887,Regalado Avenue,secondary,8597,8591
l96xxi,14.7056933,121.0693009,14.7043557,121.0689233,Regalado Avenue,secondary,8598,8600
39tdbb,14.7022392,121.068141,14.7017012,121.067963,Regalado Avenue,secondary,8599,8592
l96xxi,14.7043557,121.0689233,14.7022392,121.068141,Regalado Avenue,secondary,8600,8599
1h1zvl,14.6317936,121.0455552,14.6327556,121.0451156,EDSA,primary,8615,52
rm5ad2,14.6352265,121.0231523,14.6364973,121.0252101,Quezon Avenue,primary,8616,1542
idj3bz,14.635415,121.0230513,14.6353456,121.022936,,,8617,12416
rm5ad2,14.635415,121.0230513,14.6352265,121.0231523,"Primary Link Road (8617, 8616)",primary_link,8617,8616
x2yp65,14.6765595,121.0822183,14.67716,121.0829924,,,8642,10790
n8yeho,14.6765595,121.0822183,14.6756467,121.0816822,Commonwealth Avenue,primary,8642,2308
wwi3ir,14.6216196,121.0236672,14.6217072,121.0240688,E. Rodriguez Sr. Avenue,secondary,8643,1141
wwi3ir,14.6216196,121.0236672,14.62124,121.0224669,,,8643,12880
wwi3ir,14.6219326,121.0246876,14.6216196,121.0236672,E. Rodriguez Sr. Avenue,secondary,8644,8643
nh8lpp,14.6470183,121.0520744,14.6464234,121.052471,Kalayaan Avenue,secondary,8664,2963
wyr79,14.6369791,121.018263,14.6354456,121.018149,Fernando Poe Jr. Avenue,secondary,8665,8163
d4gz3s,14.6116238,121.0549016,14.611992,121.0547218,EDSA,secondary,8666,1268
7zxnnr,14.6115032,121.0545807,14.6111089,121.0547637,EDSA,secondary,8667,5243
f1mbz1,14.7140029,121.0207975,14.7163207,121.0207458,Katipunan Extension,secondary,8668,8531
twhsrw,14.6343026,121.035221,14.6340468,121.0351628,Tomas Morato Avenue,secondary,8669,660
twhsrw,14.6343026,121.035221,14.6346406,121.0354316,,,8669,9865
pw9zu2,14.6646055,121.0436502,14.6648298,121.0435982,,,8671,11061
cwpvyl,14.6738073,121.0537102,14.6737806,121.0541274,,,8675,10917
rm63mh,14.6149379,121.0309824,14.6156686,121.0305298,Broadway Avenue,tertiary,8679,296
rm63mh,14.6149379,121.0309824,14.6142059,121.0314359,Broadway Avenue,tertiary,8679,8684
rm63mh,14.6163822,121.0300851,14.6170746,121.0296627,Broadway Avenue,tertiary,8680,8681
rm63mh,14.6163822,121.0300851,14.6156686,121.0305298,Broadway Avenue,tertiary,8680,296
rm63mh,14.6170746,121.0296627,14.6179373,121.0291462,Broadway Avenue,tertiary,8681,297
rm63mh,14.6170746,121.0296627,14.6163822,121.0300851,Broadway Avenue,tertiary,8681,8680
rm63mh,14.6142059,121.0314359,14.6149379,121.0309824,Broadway Avenue,tertiary,8684,8679
rm63mh,14.6142059,121.0314359,14.6132818,121.0320084,Broadway Avenue,tertiary,8684,300
4uq8hl,14.6676931,121.0693491,14.6683341,121.0690302,Luzon Avenue,primary,8685,8807
h4xg5e,14.6719468,121.0675186,14.6722312,121.065388,,,8686,10911
5mnqju,14.6658928,121.0216481,14.6648099,121.0220951,Short Horn Street,tertiary,8707,2634
9rpa66,14.6644736,121.072224,14.669251,121.0686818,"Tandang Sora Avenue, Luzon Avenue",primary,8710,3251
xoc2m6,14.6644736,121.072224,14.6648199,121.071439,,,8710,10142
xoc2m6,14.6647885,121.0708569,14.6645867,121.0714547,,,8715,10140
arv1os,14.6940937,121.0538276,14.6939059,121.0541949,Sauyo Road,secondary,8720,8723
arv1os,14.6940937,121.0538276,14.6950165,121.0525855,Sauyo Road,secondary,8720,9002
arv1os,14.6939059,121.0541949,14.6940937,121.0538276,Sauyo Road,secondary,8723,8720
arv1os,14.6937065,121.0550864,14.6936066,121.0554969,Sauyo Road,secondary,8724,4140
46kv3z,14.6679042,121.0338444,14.6678154,121.0339265,Mindanao Avenue,primary,8728,8535
mmxc13,14.6679042,121.0338444,14.6676039,121.0335951,Congressional Avenue,secondary,8728,7414
uhd3fj,14.7287243,121.0566013,14.7274944,121.0574485,Belfast Avenue,secondary,8734,4762
uhd3fj,14.7295234,121.05605,14.7287884,121.0565574,Belfast Avenue,secondary,8735,9640
ry1blk,14.7316034,121.05547,14.7308989,121.0554658,Belfast Avenue,secondary,8736,4727
sh5dat,14.7308344,121.0456792,14.73109,121.0473781,Quirino Highway,primary,8745,7799
a8km1e,14.6259806,121.0108185,14.6262165,121.0111362,Quezon Avenue,primary_link,8750,8927
2g450z,14.6259806,121.0108185,14.6298845,121.015126,Quezon Avenue,primary,8750,7304
oo0svm,14.6312121,121.0163798,14.630024,121.0150215,Quezon Avenue,primary,8753,7305
yc3352,14.6398086,121.0164508,14.6401524,121.0164423,,,8754,12744
w1cwel,14.6355416,121.0743127,14.6275702,121.0741068,Katipunan Avenue,primary,8755,750
7rmwj7,14.6355416,121.0743127,14.6338012,121.0741428,Katipunan Avenue,primary,8755,124
daupag,14.6655473,121.0703613,14.6648369,121.0693552,,,8757,11296
u2k6dy,14.68065,121.0466485,14.6801913,121.0466541,Banlat Road,tertiary,8786,3960
lg0pfh,14.68065,121.0466485,14.6826681,121.0462787,Banlat Road,tertiary,8786,4074
4uq8hl,14.6659317,121.0702695,14.6667333,121.0698351,,,8795,12211
32xiqd,14.66292,121.0664312,14.6618944,121.0648865,Commonwealth Avenue,primary,8796,8033
2xhycr,14.6426432,121.0352335,14.6440036,121.037414,Quezon Avenue,primary,8800,6959
vn80sj,14.6426432,121.0352335,14.642707,121.0354467,,,8800,11332
uo6w4m,14.6689476,121.0687405,14.669251,121.0686818,Luzon Avenue,primary,8806,3251
4uq8hl,14.6683341,121.0690302,14.6689476,121.0687405,Luzon Avenue,primary,8807,8806
hpqy24,14.6691205,121.0685557,14.6689802,121.0685586,Luzon Avenue,primary,8809,8813
v2e2id,14.6689802,121.0685586,14.6686004,121.0685647,Luzon Avenue,primary,8813,7762
uf1eik,14.67589,121.0444945,14.6754189,121.0455205,Tandang Sora Avenue,secondary,8816,277
uf1eik,14.6760181,121.0440404,14.6760897,121.043758,Tandang Sora Avenue,secondary,8817,2184
uf1eik,14.6760181,121.0440404,14.67589,121.0444945,Tandang Sora Avenue,secondary,8817,8816
ad3hi6,14.6596976,121.0761145,14.6575654,121.0742237,Tandang Sora Avenue,primary,8821,101
g1gzh3,14.6693973,121.0765867,14.6709268,121.0782105,Commonwealth Avenue,primary,8822,825
xu2l33,14.7166691,121.0207055,14.7162894,121.0206575,Katipunan Extension,secondary,8830,8530
xu2l33,14.7170944,121.0207628,14.7166691,121.0207055,Sierra Vista Street,residential,8831,8830
mmxc13,14.6691214,121.0351736,14.6682491,121.0341836,Congressional Avenue,primary,8832,7411
40700i,14.6709368,121.0392262,14.6709693,121.0393516,Congressional Avenue,primary,8833,865
9m9yi2,14.6859798,121.0698383,14.6864359,121.0698704,Luzon Avenue,secondary,8836,6946
1r6mgk,14.6540449,121.010668,14.655515,121.0115466,Kaingin Road,tertiary,8837,2081
mfzbti,14.7445126,121.0779397,14.7447742,121.0779586,Quirino Highway,primary,8882,4329
1e8e7k,14.7077883,121.0899289,14.7079944,121.0901239,Payatas Road,primary,8891,5114
kokxrw,14.7077883,121.0899289,14.7064466,121.0883329,Payatas Road,primary,8891,5125
qooc1s,14.7227345,121.1081025,14.7221795,121.1093105,Payatas Road,primary,8904,6618
qooc1s,14.7227345,121.1081025,14.7226969,121.1038139,Payatas Road,primary,8904,6653
21vrl8,14.6265814,121.0112281,14.6260694,121.0106981,Quezon Avenue,primary_link,8926,8517
g6t3l4,14.6262165,121.0111362,14.6281857,121.0133323,Quezon Avenue,primary_link,8927,1493
1074zq,14.6197444,121.057406,14.6196178,121.0575042,General Romulo Avenue,tertiary,8930,8932
1074zq,14.6197444,121.057406,14.6193028,121.0576408,,,8930,12133
ggjotn,14.6196798,121.0576216,14.6208181,121.056814,,,8931,13015
ggjotn,14.6196178,121.0575042,14.6196798,121.0576216,"Tertiary Link Road (8932, 8931)",tertiary_link,8932,8931
uo6w4m,14.6695092,121.0686679,14.6697072,121.0686573,Luzon Avenue,primary,8934,8935
uo6w4m,14.6697072,121.0686573,14.6705224,121.0686134,Samadores 3 Street,residential,8935,8936
uo6w4m,14.6705224,121.0686134,14.6715684,121.0686012,Luzon Avenue,primary,8936,8261
fiyst,14.6088356,121.013729,14.607205,121.0139822,Santol Street,tertiary,8944,2016
fiyst,14.6088356,121.013729,14.6092402,121.0135715,Santol Street,tertiary,8944,8947
fiyst,14.6092402,121.0135715,14.6088356,121.013729,Santol Street,tertiary,8947,8944
fiyst,14.6092402,121.0135715,14.6096576,121.0133359,Santol Street,tertiary,8947,3062
fiyst,14.6104496,121.0132646,14.6105678,121.0132534,Santol Street,tertiary,8950,7662
fiyst,14.6104496,121.0132646,14.6100831,121.0133006,Santol Street,tertiary,8950,2920
pt0fb9,14.6129429,121.0125748,14.6125929,121.0126858,Santol Street,tertiary,8953,2404
pt0fb9,14.6129429,121.0125748,14.61414,121.0121971,Santol Street,tertiary,8953,2991
12hp2q,14.638876,121.0290676,14.639701,121.0304028,,,8961,10835
6m24vg,14.6390167,121.028945,14.6389208,121.0287893,,,8962,12143
6m24vg,14.6390167,121.028945,14.638876,121.0290676,"Primary Link Road (8962, 8961)",primary_link,8962,8961
afle1j,14.6412531,121.0329215,14.6423486,121.0346647,Quezon Avenue,primary,8963,9573
pcxi18,14.6450379,121.0477134,14.6413061,121.0468674,,,8964,9949
ra62r4,14.6472782,121.0705185,14.6482663,121.0731243,Carlos P. Garcia Avenue,secondary,8965,7284
ra62r4,14.6472782,121.0705185,14.6472033,121.068968,Carlos P. Garcia Avenue,secondary,8965,224
6wdmi5,14.6498647,121.0465473,14.6476654,121.0429551,Quezon Avenue,primary,8966,9688
z50x2,14.6410973,121.0468185,14.6380048,121.0461124,East Avenue,primary,8970,7737
ttqs1r,14.623761,121.043777,14.6242479,121.0428284,E. Rodriguez Sr. Avenue,secondary,8971,3001
ttqs1r,14.623761,121.043777,14.6231089,121.045048,E. Rodriguez Sr. Avenue,secondary,8971,1070
wxqdx8,14.6290797,121.0296144,14.6295586,121.0297238,Scout Tobias Street,tertiary,8972,1025
wxqdx8,14.6290797,121.0296144,14.6285879,121.0295021,Scout Tobias Street,tertiary,8972,1030
5nkmwg,14.6597733,121.0762743,14.6596976,121.0761145,Mactan Street,unclassified,8986,8821
vs4v5r,14.6597733,121.0762743,14.6622221,121.0751023,,,8986,10148
sh5dat,14.7301069,121.0442086,14.7308344,121.0456792,Quirino Highway,primary,8987,8745
i0435x,14.66101,121.0643419,14.6631782,121.0676619,,,8992,10160
arv1os,14.6935321,121.0558572,14.6934169,121.0564852,Sauyo Road,secondary,9000,3311
arv1os,14.6935321,121.0558572,14.6936066,121.0554969,Sauyo Road,secondary,9000,4140
arv1os,14.6950165,121.0525855,14.6940937,121.0538276,Sauyo Road,secondary,9002,8720
arv1os,14.6950165,121.0525855,14.6951037,121.0515606,Sauyo Road,secondary,9002,9042
qooc1s,14.7200778,121.1004069,14.7196607,121.1003879,Payatas Road,primary,9023,7374
qooc1s,14.7200778,121.1004069,14.7226969,121.1038139,Payatas Road,primary,9023,6653
izul1q,14.621422,121.0503372,14.6215848,121.0502586,EDSA,primary,9030,747
ldgkx1,14.6213298,121.0500806,14.6212133,121.0501332,,,9031,13410
p2jgu6,14.6167773,121.0524884,14.618171,121.0518211,EDSA,primary,9036,7714
arv1os,14.6951037,121.0515606,14.6950965,121.0496465,,,9042,12399
arv1os,14.6951037,121.0515606,14.6950165,121.0525855,Sauyo Road,secondary,9042,9002
unjqc9,14.6764877,121.0420135,14.6763383,121.0426995,Tandang Sora Avenue,secondary,9058,4251
9zldax,14.6858473,121.0698446,14.6859798,121.0698383,Luzon Avenue,secondary,9063,8836
9zldax,14.6858473,121.0698446,14.6843636,121.0698645,Luzon Avenue,secondary,9063,3368
8tus2i,14.6999736,121.0872363,14.7013873,121.0866926,Commonwealth Avenue,primary,9065,6384
jnn9fv,14.6441934,121.0372887,14.6440036,121.037414,EDSA,primary,9067,6959
8sr8mc,14.6441934,121.0372887,14.6425872,121.03468,Quezon Avenue,primary,9067,6924
rwxwik,14.6858718,121.0867939,14.6859114,121.08681,,,9068,12497
qr7b9l,14.6958398,121.0875186,14.6968016,121.0875252,Commonwealth Avenue,primary,9069,2934
4hrs8c,14.6577779,121.0199523,14.6577689,121.0193829,EDSA,trunk,9070,7515
gd66mh,14.6577779,121.0199523,14.6582077,121.0198292,Congressional Avenue,secondary,9070,9654
st2gxh,14.6140476,121.053468,14.613561,121.0536039,EDSA,secondary,9071,1870
8q8p2n,14.6140476,121.053468,14.6090813,121.055744,EDSA,trunk,9071,9695
cu8t3c,14.6877249,121.0922449,14.6890279,121.0936184,Batasan Road,primary,9080,7758
hhpqg5,14.6910793,121.0270682,14.6905716,121.0275955,,,9107,13164
y5272g,14.6798541,121.0204229,14.6795551,121.0224095,Tandang Sora Avenue,secondary,9109,3638
yrku05,14.690577,121.0279178,14.6906334,121.0278537,Mindanao Avenue,primary,9110,9580
yn8lfl,14.686699,121.0316843,14.6879598,121.0311628,Mindanao Avenue,primary,9112,3315
o6pg2w,14.6866458,121.0314964,14.6865274,121.0315188,,,9113,12363
i1tzfs,14.7283897,121.1174605,14.7278908,121.1172251,Payatas Road,primary,9164,9162
i1tzfs,14.7286086,121.1175306,14.7283897,121.1174605,Payatas Road,primary,9165,9164
i1tzfs,14.7288965,121.1176217,14.7286086,121.1175306,Payatas Road,primary,9166,9165
y5272g,14.6799077,121.0200894,14.6798541,121.0204229,Tandang Sora Avenue,secondary,9182,9109
y5272g,14.6799077,121.0200894,14.6800579,121.0191609,Tandang Sora Avenue,secondary,9182,7561
g6t3l4,14.6246385,121.0093439,14.6247987,121.0095176,Quezon Avenue,primary,9196,739
21vrl8,14.6247218,121.0092094,14.6245838,121.0090553,Quezon Avenue,primary,9197,8175
kokxrw,14.7019963,121.0893599,14.7008171,121.0885158,Payatas Road,primary,9220,61
qg3cnm,14.69937,121.0916549,14.6989386,121.092081,Batasan Road,secondary,9224,2943
y6p2d1,14.6864613,121.089781,14.6837954,121.085486,"Primary Link Road (9231, 8411)",primary_link,9231,8411
t0495t,14.6864613,121.089781,14.6865037,121.0894935,,,9231,11414
y6p2d1,14.6878667,121.0922015,14.6875939,121.0919272,Batasan Road,primary,9243,6810
xymjot,14.7143366,121.0909554,14.7134459,121.0902325,Payatas Road,primary,9277,6427
xymjot,14.71434,121.091192,14.7143366,121.0909554,Payatas Road,primary,9278,9277
xymjot,14.7143473,121.0916734,14.71434,121.091192,Payatas Road,primary,9279,9278
xymjot,14.7143473,121.0916734,14.7142386,121.0933359,Payatas Road,primary,9279,59
ir33qn,14.6554348,121.0352755,14.6546178,121.0350919,Mindanao Avenue,primary,9296,39
yih268,14.6160698,121.0528257,14.6162922,121.052719,,,9336,13070
yyjdul,14.702514,121.0347115,14.7018658,121.0347582,Pablo dela Cruz Street,tertiary,9340,4234
gbdlhh,14.6055075,121.0790115,14.601829,121.0792221,E. Rodriguez Jr. Avenue,primary,9346,6985
5kp6be,14.6014483,121.0794019,14.6017808,121.0793775,,,9347,13088
6v67hs,14.640539,121.0745138,14.6360665,121.0743374,Katipunan Avenue,primary,9349,169
oapsh0,14.6371042,121.0262022,14.6372647,121.0260919,"Primary Road (9354, 8154)",primary,9354,8154
rm5ad2,14.6371042,121.0262022,14.6373179,121.0265469,Quezon Avenue,primary,9354,7345
q1pki0,14.6370382,121.026104,14.6367117,121.026628,Timog Avenue,primary,9355,7357
rm5ad2,14.6370382,121.026104,14.6371042,121.0262022,Quezon Avenue,primary,9355,9354
8983mp,14.6138599,121.0078868,14.6138894,121.0080743,Bayani Road,tertiary,9357,9358
8983mp,14.6138599,121.0078868,14.6136882,121.007714,Bayani Road,tertiary,9357,2167
8983mp,14.6138894,121.0080743,14.6139613,121.008493,Bayani Road,tertiary,9358,2163
8983mp,14.6138894,121.0080743,14.6138599,121.0078868,Bayani Road,tertiary,9358,9357
mfzbti,14.7457138,121.0789173,14.7459341,121.0796054,Quirino Highway,primary,9365,6967
pxpemt,14.6476832,121.0646545,14.6477267,121.0650291,Carlos P. Garcia Avenue,secondary,9369,226
pxpemt,14.6476832,121.0646545,14.6476804,121.0643844,Carlos P. Garcia Avenue,secondary,9369,7285
jg2wv5,14.6304109,121.0742973,14.6305915,121.0742996,Katipunan Avenue,primary,9370,9371
jg2wv5,14.6305915,121.0742996,14.6310917,121.0743016,Katipunan Avenue,primary,9371,1226
fh5i1s,14.6162352,121.0740808,14.6150979,121.073087,Colonel Bonny Serrano Avenue,primary,9376,6944
g78v7q,14.6881295,121.087051,14.6877547,121.0870113,,,9384,12319
qz2m4x,14.6864388,121.0745084,14.6864382,121.0739466,Sampaguita Avenue,secondary,9405,6926
89ixv3,14.6864388,121.0745084,14.6857239,121.0745149,Cirillo Street,secondary,9405,6910
gsp5pa,14.6239745,121.0314874,14.6232525,121.0289748,E. Rodriguez Sr. Avenue,secondary,9417,15
gwuvdp,14.6239745,121.0314874,14.6240165,121.0320125,E. Rodriguez Sr. Avenue,secondary,9417,1082
kokxrw,14.7028696,121.0891752,14.7033333,121.088917,Payatas Road,primary,9424,6648
kokxrw,14.7028696,121.0891752,14.7022724,121.089362,Payatas Road,primary,9424,7965
hf0qo1,14.6335693,121.0446183,14.6339032,121.0443959,,,9429,10122
lufa8k,14.6551706,121.0468862,14.6552621,121.0468235,Visayas Avenue,secondary,9431,9432
lufa8k,14.6552621,121.0468235,14.6576182,121.0454984,Visayas Avenue,secondary,9432,2573
dj2qrf,14.6190113,121.0148277,14.6166587,121.0158313,,,9434,13014
hhpqg5,14.6904594,121.0277133,14.6904101,121.0277657,Mindanao Avenue,primary,9437,8340
nhwz09,14.6520357,121.0386376,14.651609,121.0386984,,,9440,11121
lpmq8v,14.5923758,121.0799161,14.593575,121.0798624,,,9447,11028
rhcga0,14.7293637,121.060926,14.7295733,121.061146,,,9449,10267
gew589,14.7302775,121.061256,14.7307623,121.0612591,Regalado Highway,primary,9451,4598
rr51ga,14.6691881,121.0757661,14.6679558,121.0740391,,,9453,10918
1btpuw,14.657556,121.0727375,14.6575633,121.0740987,,,9463,12811
gb32xs,14.6835189,121.0853786,14.6833958,121.0853243,,,9465,11670
pw9zu2,14.6615934,121.044346,14.6617351,121.044313,Visayas Avenue,secondary,9469,7844
c9r5uc,14.6686465,121.0433388,14.6711901,121.0434433,,,9470,10925
me9aya,14.669632,121.0532248,14.6708975,121.0518196,Tandang Sora Avenue,secondary,9471,3620
me9aya,14.669632,121.0532248,14.669213,121.0538765,Tandang Sora Avenue,secondary,9471,142
xx5ih1,14.5929439,121.0589388,14.5931803,121.0586597,Ortigas Avenue,primary,9475,166
xx5ih1,14.5929439,121.0589388,14.5928399,121.0588332,"Primary Link Road (9475, 7830)",primary_link,9475,7830
hzmvg0,14.6305425,121.0716252,14.6302889,121.0710728,Aurora Boulevard,primary,9478,465
detxi7,14.7067701,121.0646692,14.7086312,121.0627727,Commonwealth Avenue,primary,9483,2494
pxpemt,14.64713,121.0608375,14.6473416,121.0623229,Carlos P. Garcia Avenue,secondary,9495,238
pxpemt,14.64713,121.0608375,14.6471743,121.0604847,,,9495,10107
b7zjlk,14.6430984,121.0353767,14.6425872,121.03468,Quezon Avenue,primary,9497,6924
iw4mn2,14.6427918,121.0355863,14.6418783,121.0361803,Sergeant Esguerra Avenue,tertiary,9498,8912
he0s08,14.6427918,121.0355863,14.6437595,121.0371639,Quezon Avenue,primary,9498,6920
i7o432,14.6549445,121.0615652,14.6548924,121.0584215,University Avenue,tertiary,9502,53
i7o432,14.6549445,121.0615652,14.6547853,121.0615716,,,9502,10932
mdjy1e,14.7201309,121.0670923,14.7206448,121.0670901,Ascencion Avenue,tertiary,9526,9527
ce3nvr,14.7201309,121.0670923,14.7201412,121.0658553,Bristol Street,tertiary,9526,4638
fpi6tr,14.7206448,121.0670901,14.721087,121.0670881,Ascencion Avenue,tertiary,9527,4586
mdjy1e,14.7206448,121.0670901,14.7201309,121.0670923,Ascencion Avenue,tertiary,9527,9526
fpi6tr,14.7238552,121.0670737,14.7215286,121.0670862,Ascencion Avenue,tertiary,9528,4769
fpi6tr,14.7238552,121.0670737,14.7256967,121.0666141,Ascencion Avenue,tertiary,9528,4731
ov64o0,14.6423486,121.0346647,14.6474341,121.0429078,,,9573,10084
vn80sj,14.6423486,121.0346647,14.6425413,121.035061,,,9573,11333
u8tcz7,14.6424896,121.0345837,14.6414026,121.0328216,,,9574,11154
sem8f5,14.6424481,121.0745932,14.6411853,121.074538,Katipunan Avenue,primary,9577,117
b8eosa,14.6906334,121.0278537,14.6904594,121.0277133,Quirino Highway,primary,9580,9437
yrku05,14.6906334,121.0278537,14.6907326,121.0277505,,,9580,13163
joqo5z,14.6907925,121.0954855,14.6913629,121.096049,Batasan Road,primary,9582,7760
ay80bb,14.6396144,121.0403642,14.6371169,121.0419839,EDSA,trunk,9602,2972
a6afvo,14.6383998,121.0414337,14.641266,121.0395831,,,9603,11295
pxpemt,14.6479838,121.0659836,14.6472496,121.0678673,Carlos P. Garcia Avenue,secondary,9604,42
pxpemt,14.6479838,121.0659836,14.647959,121.0657812,,,9604,11019
iwdb2d,14.6539135,121.0716596,14.6539326,121.0726597,M. Roxas Avenue,tertiary,9605,7288
cyjjhk,14.6322017,121.0740799,14.6320117,121.0740734,,,9616,12269
yc3352,14.6384938,121.017274,14.6375088,121.0180436,Fernando Poe Jr. Avenue,secondary,9617,895
crpkbs,14.7417587,121.0465264,14.74196,121.046492,Zabarte Road,secondary,9632,6061
crpkbs,14.7417587,121.0465264,14.7406753,121.0467537,Zabarte Road,secondary,9632,5153
h1x1zk,14.727629,121.0588346,14.7268113,121.0579474,Mindanao Avenue,secondary,9635,267
uhd3fj,14.7287884,121.0565574,14.7287243,121.0566013,Belfast Avenue,secondary,9640,8734
ma1zm5,14.6806097,121.0694406,14.6805508,121.0694216,Luzon Avenue,secondary,9647,3364
ma1zm5,14.6806097,121.0694406,14.6810259,121.0695631,Luzon Avenue,secondary,9647,3365
q1dlrf,14.6430864,121.0380242,14.6430325,121.0380583,EDSA,primary,9653,6922
goazyb,14.6582077,121.0198292,14.6588194,121.0198855,,,9654,12237
lzi5sl,14.6543151,121.0296837,14.6508801,121.0289004,West Avenue,primary,9655,3946
586hqt,14.6546103,121.0346388,14.6545175,121.035069,North Avenue,primary,9661,2533
586hqt,14.6546852,121.034293,14.6546299,121.0345416,,,9662,11978
g29kmq,14.6427615,121.0267758,14.642693,121.0266326,Del Monte Avenue,secondary,9663,8148
kydxig,14.6566335,121.0260239,14.6566591,121.0259071,,,9665,12059
kydxig,14.6570519,121.0240904,14.6577779,121.0199523,EDSA,trunk,9666,9070
y391xx,14.6624247,121.0367258,14.66274,121.0367081,,,9668,12064
4yrfmo,14.6535818,121.0470085,14.652849,121.0465907,,,9669,10943
e22z3p,14.652058,121.0388248,14.6534142,121.0386729,,,9670,10051
ah4d04,14.6538441,121.0385679,14.6545872,121.03523,North Avenue,primary,9671,862
4fiene,14.6536819,121.0386706,14.6536363,121.0388887,,,9672,10052
xfwcda,14.6452067,121.0370846,14.6454251,121.0369444,,,9674,11309
jnn9fv,14.6452067,121.0370846,14.6450153,121.0367585,"Primary Link Road (9674, 9675)",primary_link,9674,9675
jnn9fv,14.6450153,121.0367585,14.6448874,121.0368409,EDSA,primary,9675,6958
goazyb,14.6604664,121.0200701,14.6618556,121.0202055,Congressional Avenue,secondary,9676,859
gs7ii2,14.6337616,121.0451348,14.6334585,121.045019,,,9682,13290
3f5uay,14.6164636,121.053576,14.6164389,121.0528018,,,9683,13013
3f5uay,14.6164636,121.053576,14.6171209,121.0545992,Pedro Tuazon Boulevard,secondary,9683,1261
7ilc9b,14.6213533,121.0483593,14.6203659,121.0467881,"Primary Link Road (9684, 3110)",primary_link,9684,3110
12nd2z,14.6213533,121.0483593,14.6211241,121.0492165,,,9684,13072
yym9ob,14.6144285,121.0373345,14.6150754,121.0369468,,,9685,11001
8fq5n9,14.6466437,121.0412182,14.6463587,121.0407576,Quezon Avenue,primary,9687,9690
1ifu6z,14.6476654,121.0429551,14.6424896,121.0345837,Quezon Avenue,primary,9688,9574
nlh03o,14.6476654,121.0429551,14.646749,121.0412994,Quezon Avenue,primary,9688,9689
izsym5,14.646749,121.0412994,14.6466881,121.0405537,,,9689,10053
8fq5n9,14.6463587,121.0407576,14.6462749,121.0406132,Quezon Avenue,primary,9690,7739
izsym5,14.6463587,121.0407576,14.6466881,121.0405537,,,9690,10053
wfr4hu,14.6487087,121.050737,14.6488181,121.0509507,Elliptical Road,primary,9691,9701
nh8lpp,14.6487087,121.050737,14.6485859,121.0510262,,,9691,13403
o07kzr,14.6467967,121.035691,14.6451774,121.0366503,EDSA,primary,9692,6921
szmnxe,14.6467967,121.035691,14.6417155,121.0390017,EDSA,trunk,9692,6923
586hqt,14.6554209,121.0308012,14.6549924,121.0328484,,,9693,12530
xx5ih1,14.5928329,121.0590686,14.5937043,121.0588375,"Primary Link Road (9696, 43)",primary_link,9696,43
xx5ih1,14.5928329,121.0590686,14.5929439,121.0589388,Ortigas Avenue,primary,9696,9475
z6atj5,14.6537324,121.0526635,14.6532848,121.051969,Commonwealth Avenue,primary,9698,7486
a8u47r,14.6530534,121.0521109,14.65331,121.0525585,,,9699,12413
nh8lpp,14.647287,121.0519439,14.6486207,121.0510719,,,9700,13433
nh8lpp,14.6488181,121.0509507,14.6486207,121.0510719,,,9701,13433
wfr4hu,14.6488181,121.0509507,14.6490279,121.0512327,,,9701,12388
1ak5wm,14.657443,121.058196,14.6571272,121.0576801,Commonwealth Avenue,primary,9702,8108
ojarst,14.6127492,121.0627345,14.612545,121.0618918,,,9703,10131
1m71na,14.5961834,121.0595758,14.5996358,121.059824,EDSA,trunk,9704,47
cr49f1,14.6478414,121.0353655,14.6494834,121.0342732,Vertis North Service Road,unclassified,9705,6953
xfwcda,14.6478414,121.0353655,14.648434,121.0349167,,,9705,11987
unk0sd,14.6346274,121.0435149,14.633732,121.0441065,,,9706,10123
twye0x,14.6377351,121.0259152,14.6375415,121.0258832,,,9707,10094
2wzltk,14.6427077,121.0270851,14.6427818,121.0271003,West Avenue,primary,9708,7326
2wzltk,14.6427077,121.0270851,14.6426304,121.0270646,West Avenue,primary,9708,8150
g29kmq,14.6427077,121.0270851,14.6427615,121.0267758,Del Monte Avenue,secondary,9708,9663
fbqdr9,14.6458731,121.0278742,14.6456501,121.0277551,West Avenue,primary,9709,7327
fbqdr9,14.6458731,121.0278742,14.6463301,121.0279829,West Avenue,primary,9709,3554
vpq1v2,14.6549377,121.0306512,14.6554209,121.0308012,North Avenue,primary,9710,9693
5xloqk,14.6549377,121.0306512,14.6558087,121.0297067,,,9710,10147
4yrfmo,14.6513589,121.0465813,14.6506391,121.0468246,,,9711,13006
9iimor,14.6472109,121.0520477,14.6490279,121.0512327,,,9712,12388
9lcsxf,14.6728555,121.0435455,14.6748961,121.0436675,,,9713,12109
5nrxv5,14.6644067,121.0712545,14.6644429,121.0714547,,,9716,10138
5nrxv5,14.6644067,121.0712545,14.6642209,121.0706123,Tandang Sora Avenue,residential,9716,3297
g981x,14.6764645,121.0378758,14.6764674,121.0378245,Tandang Sora Avenue,secondary,9717,2734
g981x,14.6764645,121.0378758,14.6765905,121.0384067,Tandang Sora Avenue,secondary,9717,400
6ccu6t,14.7347485,121.0674305,14.7337273,121.0674351,Ascencion Avenue,tertiary,9744,7637
6ccu6t,14.7347485,121.0674305,14.7354341,121.0674415,Ascencion Avenue,tertiary,9744,4765
6wv35r,14.6806459,121.0155874,14.6806459,121.0157121,Tandang Sora Avenue Extension,secondary,9749,6373
59hsyd,14.6697841,121.010089,14.6699342,121.0102245,Quirino Highway,primary,9750,8285
59hsyd,14.6697841,121.010089,14.6696655,121.0099788,Quirino Highway,primary,9750,8297
nwki8b,14.6713229,121.011522,14.6712209,121.011422,Quirino Highway,primary,9756,7821
nwki8b,14.6713229,121.011522,14.6727279,121.0127341,Quirino Highway,primary,9756,8326
yyjdul,14.7037008,121.0347793,14.7045331,121.0348272,Pablo dela Cruz Street,tertiary,9757,5813
bzkucx,14.6244073,121.0425092,14.6246535,121.0416551,E. Rodriguez Sr. Avenue,secondary,9791,5241
ttqs1r,14.6244073,121.0425092,14.6242479,121.0428284,E. Rodriguez Sr. Avenue,secondary,9791,3001
wqqi5f,14.6334763,121.0416488,14.6334311,121.0418618,,,9792,10990
wqqi5f,14.6334763,121.0416488,14.6335478,121.0413167,,,9792,12890
wqqi5f,14.6343882,121.0374841,14.6343343,121.0377448,,,9793,12371
wqqi5f,14.6343882,121.0374841,14.6347354,121.035878,Timog Avenue,primary,9793,9794
squ6oe,14.6347354,121.035878,14.6349117,121.0355981,,,9794,9866
wqqi5f,14.6347354,121.035878,14.6343882,121.0374841,Timog Avenue,primary,9794,9793
xqsspa,14.630081,121.0435496,14.6293428,121.0409496,Kamuning Road,secondary,9798,10
xqsspa,14.630081,121.0435496,14.6304458,121.0448025,,,9798,10067
bzkucx,14.6246462,121.0400846,14.6246535,121.0416551,E. Rodriguez Sr. Avenue,secondary,9799,5241
bzkucx,14.6244964,121.0382839,14.6244248,121.0374542,E. Rodriguez Sr. Avenue,secondary,9800,260
bzkucx,14.6244964,121.0382839,14.6246257,121.039841,E. Rodriguez Sr. Avenue,secondary,9800,2435
bzkucx,14.6243963,121.0370763,14.6243232,121.0360773,E. Rodriguez Sr. Avenue,secondary,9801,1098
bzkucx,14.6243963,121.0370763,14.6244248,121.0374542,E. Rodriguez Sr. Avenue,secondary,9801,260
6d71ub,14.6240881,121.0329243,14.6263895,121.0334182,Tomas Morato Avenue,secondary,9803,7577
lgql45,14.6240881,121.0329243,14.6241635,121.0339789,,,9803,12477
gwuvdp,14.6240881,121.0329243,14.6240165,121.0320125,E. Rodriguez Sr. Avenue,secondary,9803,1082
uuh1ck,14.7240393,121.0300109,14.7239548,121.0301961,Llano Road,secondary,9808,6316
d9u9gq,14.6542794,121.0479995,14.6551706,121.0468862,Visayas Avenue,secondary,9817,9431
4yrfmo,14.6542794,121.0479995,14.6535818,121.0470085,Elliptical Road,primary,9817,9669
27z26a,14.7126467,121.0594622,14.7149637,121.0575344,,,9850,2806
hg40dn,14.660479,121.0199414,14.6582106,121.0197314,,,9851,7514
2wzltk,14.6380164,121.0260082,14.638456,121.0261115,,,9860,10075
1tjxk0,14.6317523,121.0171419,14.6317769,121.0175997,,,9861,7944
oo0svm,14.6317523,121.0171419,14.6312121,121.0163798,,,9861,8753
44d95g,14.634691,121.0352056,14.6343026,121.035221,,,9864,8669
mef5rb,14.634691,121.0352056,14.6346406,121.0354316,,,9864,9865
twhsrw,14.6346406,121.0354316,14.6346899,121.0355244,Scout Memorial Circle,primary,9865,9867
twhsrw,14.6349117,121.0355981,14.6350298,121.0355303,,,9866,9868
wqqi5f,14.6346899,121.0355244,14.6347354,121.035878,,,9867,9794
twhsrw,14.6346899,121.0355244,14.6349117,121.0355981,,,9867,9866
twhsrw,14.6350298,121.0355303,14.6350583,121.0352408,,,9868,10012
mef5rb,14.6349868,121.0348321,14.6347571,121.0351532,,,9869,10010
t7o385,14.6349868,121.0348321,14.6353459,121.0332389,,,9869,393
twhsrw,14.6301356,121.0342796,14.6306719,121.0344054,,,9872,674
twhsrw,14.6301356,121.0342796,14.6296622,121.0341711,,,9872,676
nirm7s,14.6276044,121.033722,14.6281554,121.0338572,,,9877,9955
wio7bc,14.6298302,121.0188127,14.6296087,121.0198284,,,9883,3080
wi67pj,14.6872511,121.0872103,14.6877293,121.0873106,,,9890,12320
joqo5z,14.690075,121.0947374,14.6906535,121.0953411,,,9899,12379
g5bojs,14.6441288,121.0377878,14.6442044,121.0377379,,,9928,6917
he0s08,14.6441288,121.0377878,14.644276,121.0380271,,,9928,10938
jnn9fv,14.6439342,121.0374609,14.6437225,121.0376029,,,9929,6952
he0s08,14.6439342,121.0374609,14.6441029,121.0377447,,,9929,12458
39tdbb,14.6991499,121.067581,14.6971279,121.0675796,,,9933,8595
pcxi18,14.6413061,121.0468674,14.6412266,121.0468488,,,9949,2984
4fiene,14.6538547,121.0378857,14.6537571,121.0383272,,,9950,10999
yc3352,14.6404166,121.0164196,14.6406685,121.0164524,,,9952,11115
nirm7s,14.6281554,121.0338572,14.6286433,121.0339735,,,9955,9954
3k9nls,14.6284231,121.0547493,14.6284967,121.0554626,,,9957,113
x22thg,14.6336658,121.0180793,14.6344277,121.0179961,,,9999,8160
x22thg,14.6336658,121.0180793,14.6335441,121.0181341,,,9999,901
mef5rb,14.6347571,121.0351532,14.634691,121.0352056,,,10010,9864
ry05l,14.6350203,121.0351915,14.6347571,121.0351532,Scout Memorial Circle,primary,10011,10010
t7o385,14.6350203,121.0351915,14.6349868,121.0348321,,,10011,9869
ry05l,14.6350583,121.0352408,14.6350203,121.0351915,,,10012,10011
a6jsk6,14.6270148,121.0335915,14.6272648,121.0336414,,,10014,10015
d0cpdd,14.6270148,121.0335915,14.6272726,121.0339005,Kamuning Road,secondary,10014,7837
d0cpdd,14.6272648,121.0336414,14.6272726,121.0339005,,,10015,7837
ny3npi,14.6317743,121.0218517,14.6317159,121.0215802,,,10017,11139
viu5x3,14.6317053,121.021222,14.6319763,121.0209941,,,10018,10025
tqvaqs,14.6317053,121.021222,14.6315486,121.0210267,,,10018,10023
viu5x3,14.6316931,121.0213884,14.6317053,121.021222,,,10019,10018
v88j8k,14.6312654,121.0215009,14.6311947,121.0221953,,,10020,3040
v88j8k,14.6312654,121.0215009,14.6314213,121.0215671,,,10020,11081
tqvaqs,14.631415,121.0210045,14.6310278,121.0206465,,,10022,10024
tqvaqs,14.631415,121.0210045,14.6312044,121.0211436,,,10022,10016
tqvaqs,14.6315486,121.0210267,14.631415,121.0210045,,,10023,10022
5p8qu9,14.654139,121.0540444,14.6543395,121.0549191,,,10026,2572
a8u47r,14.654139,121.0540444,14.6552973,121.0557616,,,10026,10162
wfr4hu,14.648545,121.0493294,14.6487087,121.050737,,,10027,9691
pcxi18,14.6490675,121.0481509,14.6450379,121.0477134,,,10028,8964
k28pnt,14.6490675,121.0481509,14.648545,121.0493294,,,10028,10027
ciyslk,14.6473144,121.0429032,14.6475083,121.0432283,,,10039,12420
nhwz09,14.6534367,121.0384867,14.6525169,121.0385804,,,10050,11159
e22z3p,14.6534142,121.0386729,14.6536819,121.0386706,,,10051,9672
e22z3p,14.6534142,121.0386729,14.6536363,121.0388887,,,10051,10052
q4og8k,14.6536363,121.0388887,14.6521457,121.0455942,,,10052,13569
e22z3p,14.6466881,121.0405537,14.6471546,121.0403282,,,10053,13425
ksorpy,14.61992,121.0459446,14.6180879,121.0448977,,,10062,3107
2ctmmu,14.61992,121.0459446,14.620322,121.0471219,,,10062,1129
h6e4fb,14.6200296,121.0459215,14.6198651,121.0453884,,,10063,10065
xtqvru,14.6202634,121.0465828,14.6200296,121.0459215,,,10064,10063
h6e4fb,14.6198651,121.0453884,14.6194217,121.0440909,,,10065,3019
xqsspa,14.6304458,121.0448025,14.630081,121.0435496,,,10067,9798
unk0sd,14.6334086,121.0443175,14.6331285,121.044514,,,10068,7749
unk0sd,14.6334086,121.0443175,14.63302,121.0442792,,,10068,2767
u57r57,14.6090338,121.0171297,14.6105212,121.0170515,,,10070,12297
u57r57,14.6090338,121.0171297,14.6109464,121.0170738,,,10070,12298
df1veg,14.606241,121.0179864,14.605657,121.0185708,,,10071,66
2wzltk,14.638456,121.0261115,14.6380164,121.0260082,,,10075,9860
2wzltk,14.638456,121.0261115,14.6388479,121.0262022,,,10075,8165
4n7z7,14.6555622,121.0308057,14.6558087,121.0297067,,,10082,10147
lwvwlf,14.646349,121.0412783,14.6474341,121.0429078,,,10083,10084
ndsyly,14.646349,121.0412783,14.6473144,121.0429032,,,10083,10039
ov64o0,14.6474341,121.0429078,14.6475324,121.0430671,,,10084,12419
8puaj4,14.6459445,121.0400834,14.644394,121.0376169,,,10085,6918
svy5xi,14.6459445,121.0400834,14.6446657,121.0379134,,,10085,6919
8puaj4,14.6460949,121.0403316,14.6459445,121.0400834,"Primary Link Road (10086, 10085)",primary_link,10086,10085
8fq5n9,14.6466264,121.0403905,14.6460949,121.0403316,,,10087,10086
nhwz09,14.6466264,121.0403905,14.6462749,121.0406132,,,10087,7739
3pqrvd,14.6458689,121.0409536,14.6441401,121.0424772,,,10089,3173
ys6mi,14.6458442,121.0404845,14.6460522,121.0408097,,,10090,7740
4yrfmo,14.6496201,121.0475085,14.6494052,121.0477284,,,10092,37
twye0x,14.6375415,121.0258832,14.6368873,121.0255026,,,10094,898
twye0x,14.6375415,121.0258832,14.6371967,121.0259865,,,10094,8153
2wzltk,14.6424763,121.0270282,14.6426304,121.0270646,,,10095,8150
2wzltk,14.6424763,121.0270282,14.6403635,121.0265446,,,10095,462
fj3gvu,14.6540242,121.0728237,14.6561608,121.0727553,,,10096,27
iwdb2d,14.653821,121.0649568,14.6538697,121.0686228,,,10097,28
c94y7z,14.6095839,121.0428448,14.6076157,121.039202,,,10100,8576
j16rw3,14.6095839,121.0428448,14.6096503,121.0429708,,,10100,10237
pxpemt,14.6471743,121.0604847,14.64713,121.0608375,,,10107,9495
pxpemt,14.6471743,121.0604847,14.6472663,121.0602408,,,10107,41
pycz4o,14.647654,121.0742947,14.6470871,121.0742847,,,10109,7399
fzpgaw,14.630804,121.0460206,14.6309842,121.046646,,,10121,2799
g1fcpp,14.630804,121.0460206,14.6306965,121.0456745,,,10121,44
ylkxr0,14.630804,121.0460206,14.6317936,121.0455552,,,10121,8615
hf0qo1,14.6339032,121.0443959,14.6351585,121.0435568,,,10122,7673
unk0sd,14.633732,121.0441065,14.6334086,121.0443175,,,10123,10068
1z1zt9,14.6103083,121.0526745,14.6102291,121.0523463,,,10126,1874
1z1zt9,14.6103083,121.0526745,14.6104188,121.0531318,,,10126,10127
1z1zt9,14.6104188,121.0531318,14.6103083,121.0526745,,,10127,10126
1z1zt9,14.6104188,121.0531318,14.6106608,121.0541309,,,10127,10227
bgumxs,14.613608,121.0663098,14.6153193,121.0655614,,,10128,1241
z9njde,14.6130664,121.0640697,14.6129621,121.0636503,,,10129,10130
z9njde,14.6129621,121.0636503,14.6127492,121.0627345,,,10130,9703
ojarst,14.612545,121.0618918,14.6123337,121.0610227,Colonel Bonny Serrano Avenue,secondary,10131,10132
eddbyb,14.6123337,121.0610227,14.6121293,121.060171,,,10132,10133
vgk9tt,14.6123337,121.0610227,14.6143017,121.0601599,,,10132,1252
eddbyb,14.6121293,121.060171,14.6120153,121.0596846,,,10133,10137
eddbyb,14.6114389,121.0572248,14.6112811,121.056597,,,10134,10226
eddbyb,14.6117418,121.0585176,14.6115931,121.0578829,,,10135,10225
eddbyb,14.611896,121.0591756,14.6117418,121.0585176,Colonel Bonny Serrano Avenue,secondary,10136,10135
eddbyb,14.6120153,121.0596846,14.611896,121.0591756,,,10137,10136
5nrxv5,14.6644429,121.0714547,14.6644067,121.0712545,,,10138,9716
4os12u,14.6643314,121.0722128,14.6640774,121.0726618,,,10139,10149
xoc2m6,14.6645867,121.0714547,14.6644429,121.0714547,,,10140,10138
vrrslw,14.6649477,121.0702681,14.665208,121.07063,,,10141,10154
xoc2m6,14.6648199,121.071439,14.6647885,121.0708569,,,10142,8715
9a9ks3,14.6654589,121.0709662,14.6661136,121.0719416,,,10143,7723
4os12u,14.6679832,121.0687741,14.6643314,121.0722128,,,10145,10139
5nrxv5,14.6640238,121.0699281,14.6642209,121.0706123,,,10146,3297
5nrxv5,14.6640238,121.0699281,14.663953,121.0688648,,,10146,10245
sc1xp1,14.6558087,121.0297067,14.6560616,121.0285948,,,10147,12562
vs4v5r,14.6622221,121.0751023,14.6631745,121.0743669,,,10148,8730
vs4v5r,14.6622221,121.0751023,14.6631745,121.0743669,,,10148,8730
lv40pv,14.6640774,121.0726618,14.663992,121.072831,University Valley Street,residential,10149,10150
8lb6tb,14.663992,121.072831,14.6596976,121.0761145,,,10150,8821
e83z9h,14.6640496,121.0679914,14.6645461,121.0674542,,,10152,403
daupag,14.6644014,121.0686781,14.6641464,121.0683387,,,10153,10948
vrrslw,14.665208,121.07063,14.6654589,121.0709662,,,10154,10143
32xiqd,14.6632073,121.0667275,14.66292,121.0664312,,,10156,8796
32xiqd,14.6639874,121.0680958,14.66292,121.0664312,,,10159,8796
i0435x,14.6631782,121.0676619,14.663953,121.0688648,,,10160,10245
56h2u6,14.6572628,121.0586886,14.6580788,121.0599407,,,10161,10306
56h2u6,14.6552973,121.0557616,14.6565085,121.057585,,,10162,10163
56h2u6,14.6565085,121.057585,14.6572628,121.0586886,,,10163,10161
arv1os,14.6950966,121.0495621,14.6950965,121.0496465,,,10177,12399
arv1os,14.6950966,121.0495621,14.6950952,121.0493516,,,10177,3310
kymbre,14.6667768,121.0722564,14.665618,121.070473,,,10209,13367
e83z9h,14.6674707,121.058352,14.6679087,121.0565091,,,10221,7962
e83z9h,14.6674707,121.058352,14.6664645,121.0621501,,,10221,12814
z9njde,14.6131854,121.0645486,14.6130664,121.0640697,,,10223,10129
eddbyb,14.6115931,121.0578829,14.6114389,121.0572248,,,10225,10134
eddbyb,14.6112811,121.056597,14.6111215,121.0559386,,,10226,10235
1z1zt9,14.6106608,121.0541309,14.6108209,121.0547141,,,10227,13059
1z1zt9,14.6106608,121.0541309,14.6104188,121.0531318,,,10227,10127
i1ji22,14.6086864,121.0459073,14.608939,121.0469243,Colonel Bonny Serrano Avenue,secondary,10228,10229
i1ji22,14.608939,121.0469243,14.6086864,121.0459073,Colonel Bonny Serrano Avenue,secondary,10229,10228
i1ji22,14.608939,121.0469243,14.609092,121.0475866,Colonel Bonny Serrano Avenue,secondary,10229,10230
i1ji22,14.609092,121.0475866,14.608939,121.0469243,Colonel Bonny Serrano Avenue,secondary,10230,10229
i1ji22,14.609092,121.0475866,14.6091441,121.0477992,Colonel Bonny Serrano Avenue,secondary,10230,10231
i1ji22,14.6091441,121.0477992,14.609092,121.0475866,Colonel Bonny Serrano Avenue,secondary,10231,10230
i1ji22,14.6091441,121.0477992,14.6092755,121.0483294,Colonel Bonny Serrano Avenue,secondary,10231,10232
i1ji22,14.6092755,121.0483294,14.6091441,121.0477992,Colonel Bonny Serrano Avenue,secondary,10232,10231
i1ji22,14.6092755,121.0483294,14.6095204,121.0494407,,,10232,10233
i1ji22,14.6095204,121.0494407,14.6092755,121.0483294,,,10233,10232
i1ji22,14.6095204,121.0494407,14.6096748,121.0500514,,,10233,10236
1z1zt9,14.6098262,121.0506784,14.6102291,121.0523463,,,10234,1874
1z1zt9,14.6098262,121.0506784,14.6096748,121.0500514,,,10234,10236
1z1zt9,14.6098262,121.0506784,14.6097701,121.0507016,,,10234,11174
eddbyb,14.6111215,121.0559386,14.6109504,121.0552177,,,10235,1331
i1ji22,14.6096748,121.0500514,14.6095204,121.0494407,,,10236,10233
1z1zt9,14.6096748,121.0500514,14.6098262,121.0506784,,,10236,10234
j16rw3,14.6096503,121.0429708,14.6095839,121.0428448,,,10237,10100
2z6zwy,14.6096503,121.0429708,14.6095823,121.043249,,,10237,7752
fhjw0r,14.6144519,121.0747982,14.612948,121.0751704,,,10239,6987
4idlh5,14.6153863,121.0707035,14.6173158,121.0714615,,,10240,8084
vrrslw,14.663953,121.0688648,14.6649477,121.0702681,,,10245,10141
5nrxv5,14.663953,121.0688648,14.6640238,121.0699281,,,10245,10146
a991bc,14.73224,121.0353728,14.7326774,121.0351245,,,10255,6189
a991bc,14.73224,121.0353728,14.7321292,121.0354357,,,10255,6173
iw5fon,14.7104711,121.0610111,14.7106079,121.0611414,,,10257,11051
oc6h72,14.7104711,121.0610111,14.7085296,121.0626451,,,10257,2495
27z26a,14.710857,121.0611551,14.7107061,121.0610596,,,10259,730
iw5fon,14.7111595,121.0611586,14.710857,121.0611551,,,10260,10259
j5gshs,14.7296727,121.0612523,14.7298501,121.0612534,,,10268,268
h1x1zk,14.729751,121.0611451,14.7287675,121.06007,,,10269,4594
gew589,14.729751,121.0611451,14.7307634,121.0611399,,,10269,12352
gew589,14.7309216,121.0611391,14.7316236,121.0611356,,,10270,12248
gew589,14.731846,121.0611344,14.7319366,121.0611343,,,10271,11975
iw5fon,14.7107531,121.061212,14.7111598,121.0612171,,,10272,2981
gew589,14.7346996,121.0612088,14.7348269,121.0612088,,,10273,4575
jaklst,14.7353341,121.0612074,14.7352905,121.0590524,,,10274,96
c3ypq4,14.7355364,121.0674403,14.7354674,121.0633458,,,10275,11805
yhn7ha,14.7355468,121.0680924,14.7355364,121.0674403,,,10276,10275
yhn7ha,14.7356186,121.0693868,14.735547,121.068151,,,10277,12502
yhn7ha,14.7365568,121.0704333,14.7356186,121.0693868,Quirino Highway,primary,10278,10277
yhn7ha,14.7387068,121.0734548,14.7365568,121.0704333,,,10279,10278
cwegsg,14.740927,121.0754305,14.7387565,121.0735121,,,10280,13353
518v7b,14.6729676,121.0254073,14.6711808,121.0251812,,,10287,2683
iktbsr,14.6389492,121.00703,14.6391829,121.0068863,,,10297,12325
iktbsr,14.6389492,121.00703,14.6431545,121.0059295,,,10297,10302
fmr1sq,14.6388202,121.0069759,14.6364651,121.0086416,,,10298,11006
fmr1sq,14.6428841,121.005785,14.6388202,121.0069759,,,10299,10298
iktbsr,14.6428841,121.005785,14.6388202,121.0069759,,,10299,10298
aenpia,14.6221972,121.0516995,14.6228624,121.0530901,,,10305,12283
ik6hh4,14.6580788,121.0599407,14.66101,121.0643419,,,10306,8992
ma1zm5,14.6789917,121.0693418,14.6775931,121.0692878,,,10315,7638
ma1zm5,14.6804495,121.0693891,14.6805508,121.0694216,,,10317,3364
ma1zm5,14.6804495,121.0693891,14.6794926,121.0692712,,,10317,3363
ma1zm5,14.6813937,121.0695878,14.6817618,121.0696045,Luzon Avenue,secondary,10331,5299
ma1zm5,14.6813937,121.0695878,14.6812693,121.0695821,,,10331,3366
9zldax,14.6818014,121.0696065,14.6821688,121.0696715,,,10332,5300
mcez6h,14.7268907,121.0384153,14.7266391,121.0385586,,,10360,8333
mcez6h,14.7268907,121.0384153,14.7281085,121.0377221,,,10360,5585
27z26a,14.7108253,121.0609609,14.7126467,121.0594622,,,10371,9850
pmmiwi,14.7104833,121.061238,14.7106079,121.0611414,,,10372,11051
pmmiwi,14.7104833,121.061238,14.7107531,121.061212,,,10372,10272
uvthha,14.7218452,121.0395294,14.7218699,121.0388384,,,10375,408
41tduf,14.7218452,121.0395294,14.7252917,121.0389066,,,10375,5428
4endy,14.6773503,121.0352603,14.6777848,121.0352845,,,10380,3905
teiobk,14.6773503,121.0352603,14.6767189,121.0351385,,,10380,4042
vkebaj,14.6892045,121.0291512,14.6890716,121.0294396,,,10395,7559
7ojahc,14.7262471,121.0249475,14.7263076,121.0248779,,,10398,7904
7ojahc,14.7262471,121.0249475,14.7257342,121.0256165,Llano Road,secondary,10398,6339
7ojahc,14.7255311,121.0258266,14.7257342,121.0256165,,,10399,6339
7ojahc,14.7252736,121.0260525,14.7255311,121.0258266,,,10401,10399
7ojahc,14.7252736,121.0260525,14.724708,121.0265813,,,10401,7897
52i85u,14.7083978,121.0301467,14.7089896,121.0295101,,,10435,4236
52i85u,14.7083978,121.0301467,14.7080388,121.0306402,,,10435,7640
v0l0dc,14.7202543,121.0194967,14.7200663,121.0202282,,,10439,7110
xmwq15,14.7139984,121.0206984,14.7131069,121.0207816,Katipunan Extension,secondary,10440,10442
f1mbz1,14.7130205,121.0208331,14.713112,121.0208803,,,10441,10443
1xo6cf,14.7130205,121.0208331,14.7116752,121.0209417,,,10441,5885
xmwq15,14.7131069,121.0207816,14.7130205,121.0208331,Victoria Road,residential,10442,10441
f1mbz1,14.713112,121.0208803,14.7140029,121.0207975,,,10443,8668
ci6ljj,14.7166552,121.0207921,14.7170731,121.0208499,,,10444,10445
ci6ljj,14.7170731,121.0208499,14.7175982,121.0209225,,,10445,11048
a8z12x,14.7065391,121.0385466,14.7058189,121.0382299,,,10449,2438
a8z12x,14.7065391,121.0385466,14.7067177,121.0386197,,,10449,5639
wyx8bv,14.7007282,121.0884299,14.7003187,121.0880872,,,10528,11349
9r2ldb,14.6984335,121.0926083,14.6981818,121.092867,,,10554,10558
9r2ldb,14.6981818,121.092867,14.6972244,121.0938795,,,10558,6741
2r032a,14.6966227,121.0945284,14.6958539,121.0953282,,,10607,733
xymjot,14.714814,121.0965878,14.7148359,121.0976505,,,10674,4157
xymjot,14.714814,121.0965878,14.714736,121.0960237,,,10674,6470
xymjot,14.7137796,121.0946705,14.7137857,121.0944137,,,10693,57
xymjot,14.7137796,121.0946705,14.714736,121.0960237,,,10693,6470
6baqkv,14.7064225,121.069344,14.7064238,121.0694319,,,10717,153
l96xxi,14.7064225,121.069344,14.7056933,121.0693009,,,10717,8598
qg3cnm,14.6998731,121.0879585,14.6999296,121.0881882,,,10750,12155
p00ucy,14.7050947,121.0818245,14.7051435,121.0812337,,,10754,4333
dekqcp,14.7050778,121.0819366,14.7050861,121.0818816,,,10755,4154
yz4fuq,14.7047117,121.0818804,14.704652,121.0821882,,,10756,54
yz4fuq,14.7047393,121.0817377,14.7047274,121.0818015,,,10757,8220
mia5yq,14.6820848,121.0795103,14.6826099,121.0791687,,,10785,2343
mia5yq,14.6820848,121.0795103,14.6808403,121.0802785,,,10785,2365
x2yp65,14.67716,121.0829924,14.677761,121.0832922,,,10790,2293
yz4fuq,14.7052974,121.0738486,14.7051119,121.0746957,,,10794,4904
vaju3,14.706415,121.065424,14.7064212,121.0672232,,,10797,3429
lnzxl1,14.5954985,121.0594219,14.5961834,121.0595758,,,10813,9704
p2jgu6,14.616718,121.0525169,14.6167773,121.0524884,,,10815,9036
beo5th,14.6867988,121.0873507,14.6865029,121.0885867,,,10817,11435
iw4mn2,14.6423819,121.0348856,14.6425413,121.035061,,,10821,11333
wum4h5,14.6511367,121.0591362,14.6473967,121.0600849,,,10822,6997
wum4h5,14.6511367,121.0591362,14.654732,121.0584235,,,10822,165
crpkbs,14.7397147,121.0469506,14.7395604,121.0469846,,,10823,5148
hmzobh,14.7253384,121.0488743,14.7262231,121.0481447,,,10824,11759
o0y6s2,14.7237126,121.0500325,14.7228148,121.0507977,,,10825,150
axtcvk,14.723807,121.0501526,14.724705,121.0494031,,,10826,7801
h6m7qe,14.7194387,121.0223918,14.7194509,121.0223104,,,10828,7603
h6m7qe,14.7194387,121.0223918,14.7193895,121.022699,,,10828,7170
12hp2q,14.639701,121.0304028,14.6412531,121.0329215,,,10835,8963
n206lh,14.7371375,121.0475124,14.736548,121.0476408,,,10836,6171
27c94u,14.7371375,121.0475124,14.7384492,121.0472269,,,10836,6070
8st1go,14.7100974,121.0286868,14.7099598,121.0288525,,,10853,5796
46fgxn,14.7100974,121.0286868,14.7105423,121.0282491,,,10853,5878
ra62r4,14.6483345,121.0741501,14.6482663,121.0731243,,,10855,7284
r47yy1,14.6930225,121.065141,14.6930278,121.0661133,,,10876,10881
ollh9m,14.6939635,121.0676185,14.693778,121.0675907,,,10878,4427
l96xxi,14.6939635,121.0676185,14.6954295,121.0676727,,,10878,4488
r47yy1,14.6930278,121.0661133,14.6930686,121.0669996,,,10881,4148
r47yy1,14.6930278,121.0661133,14.6930225,121.065141,,,10881,10876
rs0tq3,14.6852371,121.0433572,14.6849439,121.0441002,,,10890,5996
rs0tq3,14.6852371,121.0433572,14.6850744,121.0429344,,,10890,5984
w0feok,14.6144151,121.071068,14.6147468,121.0729691,,,10891,7271
w0feok,14.6143057,121.0706759,14.6144151,121.071068,,,10892,10891
u2q0mz,14.6145763,121.07016,14.6144961,121.0698466,,,10893,7708
1dpy9l,14.6145269,121.0703186,14.6143265,121.0705957,,,10896,10895
y5272g,14.6793763,121.0237573,14.6794445,121.0234806,,,10903,8099
5qdcws,14.6814332,121.0200206,14.6824324,121.0208406,,,10905,7608
6bum3u,14.6154364,121.074826,14.6161699,121.0748148,,,10907,7278
jc6k40,14.6721015,121.0653684,14.6719668,121.0663198,,,10910,12209
h4xg5e,14.6722312,121.065388,14.6725756,121.0629677,,,10911,10913
jc6k40,14.6724482,121.0629641,14.6721347,121.0651293,,,10912,3290
h4xg5e,14.6725756,121.0629677,14.672786,121.0615415,,,10913,12194
cwpvyl,14.6728851,121.0600585,14.6726711,121.0614765,,,10914,7628
7atzb5,14.6730172,121.0600778,14.6734599,121.0572214,,,10915,7623
7atzb5,14.6739001,121.0541389,14.6739331,121.0536637,,,10916,7626
cwpvyl,14.6737806,121.0541274,14.6736305,121.0552289,,,10917,3266
kymbre,14.6679558,121.0740391,14.6667768,121.0722564,,,10918,10209
hpqy24,14.6702966,121.0684935,14.6691205,121.0685557,,,10921,8809
m3qvqp,14.6703214,121.037438,14.6704441,121.0373826,,,10922,2723
40700i,14.6703214,121.037438,14.6709368,121.0392262,,,10922,8833
me4ue8,14.668629,121.0432031,14.668544,121.0432,,,10924,11059
c9r5uc,14.6711901,121.0434433,14.6718921,121.0434804,,,10925,7630
me4ue8,14.671188,121.0433067,14.6690669,121.0432187,,,10926,3660
8smxe3,14.6676191,121.043167,14.6648097,121.0434945,,,10927,11062
rt7ypt,14.6547853,121.0615716,14.6547985,121.0623334,,,10932,164
i7o432,14.6547853,121.0615716,14.6549445,121.0615652,,,10932,9502
8196qs,14.644276,121.0380271,14.6457439,121.04032,,,10938,6916
g5bojs,14.6444628,121.0375731,14.6449157,121.0372773,,,10939,6957
ssstwk,14.6444628,121.0375731,14.6442919,121.0372893,,,10939,12457
ssstwk,14.6442638,121.0372426,14.6441063,121.0369806,,,10940,6925
szmnxe,14.6442638,121.0372426,14.6441934,121.0372887,,,10940,9067
3blps8,14.652849,121.0465907,14.6522769,121.0456375,,,10943,13570
4yrfmo,14.652849,121.0465907,14.6513589,121.0465813,,,10943,9711
fbqdr9,14.6447824,121.0275624,14.6456501,121.0277551,,,10946,7327
fbqdr9,14.6447824,121.0275624,14.6427818,121.0271003,,,10946,7326
daupag,14.6641464,121.0683387,14.6640077,121.0681276,,,10948,12771
gb32xs,14.6817271,121.0846139,14.6780613,121.0829773,,,10959,13366
3sigs6,14.6984834,121.0336667,14.6988048,121.0338658,,,10960,11957
1074zq,14.6207859,121.05675,14.6197444,121.057406,,,10979,8930
5xloqk,14.6505825,121.0335653,14.6508053,121.0333168,,,10989,11977
wqqi5f,14.6334311,121.0418618,14.6334763,121.0416488,,,10990,9792
wqqi5f,14.6334311,121.0418618,14.633242,121.0427486,,,10990,13369
vt6e25,14.6950408,121.0314407,14.6941555,121.030843,,,10992,12622
vt6e25,14.6963274,121.0322578,14.6956448,121.0318249,,,10993,12514
3sigs6,14.696644,121.0324425,14.6963274,121.0322578,,,10994,10993
3sigs6,14.6985219,121.0335973,14.6982934,121.0334627,,,10995,12549
b5hwmz,14.6442621,121.0537121,14.6428463,121.0542395,,,10998,3046
s6np33,14.6537571,121.0383272,14.6534367,121.0384867,,,10999,10050
4fiene,14.6537571,121.0383272,14.6537131,121.0385301,,,10999,1863
36teyo,14.6150754,121.0369468,14.6164901,121.039349,,,11001,12309
46ay89,14.6318936,121.0097062,14.6389492,121.00703,,,11005,10297
qo440q,14.6364651,121.0086416,14.6211458,121.0149994,,,11006,11172
6ymi38,14.6364651,121.0086416,14.632158,121.0093232,,,11006,8164
vt6e25,14.6939155,121.0306617,14.6929201,121.0298722,,,11012,3307
pxpemt,14.647959,121.0657812,14.6479838,121.0659836,,,11019,9604
pxpemt,14.647959,121.0657812,14.6478019,121.0653881,,,11019,227
wfr4hu,14.6521744,121.0517694,14.6531486,121.0511626,,,11021,25
nu7qsg,14.6521744,121.0517694,14.6529623,121.0519732,,,11021,728
2mdpyu,14.6602747,121.0365228,14.6610711,121.0366498,,,11025,863
8nhpju,14.7209515,121.0291207,14.7209028,121.0289928,,,11047,7111
8nhpju,14.7209515,121.0291207,14.7211147,121.0295711,,,11047,5754
ci6ljj,14.7175982,121.0209225,14.7178949,121.0209635,,,11048,11049
ci6ljj,14.7178949,121.0209635,14.7185158,121.0210113,,,11049,7563
27z26a,14.7106079,121.0611414,14.7107061,121.0610596,,,11051,730
iw5fon,14.7106079,121.0611414,14.7107531,121.061212,,,11051,10272
jqlnej,14.6754582,121.0815459,14.6715685,121.0784395,,,11052,2291
x2yp65,14.6750777,121.0817044,14.6757277,121.0821757,,,11053,7968
nmqgkq,14.6664286,121.03259,14.6675378,121.033661,,,11054,7415
t40kf2,14.6665332,121.0325043,14.6664625,121.0323997,,,11055,3942
yhb51m,14.6664584,121.0353078,14.6677128,121.0342492,,,11056,7409
uepl34,14.6663897,121.0351837,14.6650635,121.035997,,,11057,8069
c9r5uc,14.6685403,121.043331,14.6686465,121.0433388,,,11058,9470
me4ue8,14.668544,121.0432,14.6676191,121.043167,,,11059,10927
su8wpz,14.6645862,121.0435487,14.6629532,121.0439136,,,11060,1804
pw9zu2,14.6648298,121.0435982,14.6652748,121.0434945,,,11061,11114
su8wpz,14.6648097,121.0434945,14.6645862,121.0435487,,,11062,11060
jezyyx,14.6222497,121.0265365,14.6224433,121.0264195,E. Rodriguez Sr. Avenue,secondary,11067,93
jezyyx,14.6222497,121.0265365,14.6218801,121.0267598,,,11067,92
wwi3ir,14.6223567,121.026126,14.621947,121.0247365,,,11068,1085
wwi3ir,14.6223567,121.026126,14.6224433,121.0264195,,,11068,93
wwi3ir,14.6223567,121.026126,14.6222497,121.0265365,,,11068,11067
ibevbn,14.635568,121.0585336,14.6352578,121.0586322,,,11069,7581
nirm1q,14.63503,121.0433372,14.6287874,121.0466633,,,11072,6989
csqvf0,14.63503,121.0433372,14.6346274,121.0435149,,,11072,9706
he4vh1,14.6418843,121.0456961,14.6441825,121.042616,,,11073,13371
m2ojj0,14.6047015,121.0580249,14.6091604,121.0559711,,,11078,7341
h6e4fb,14.6188713,121.0431327,14.6182485,121.0420994,,,11083,3323
1r6mgk,14.6489076,121.0097544,14.6482712,121.0095145,,,11093,3339
crpkbs,14.7398845,121.0469149,14.7397147,121.0469506,,,11106,10823
crpkbs,14.7398845,121.0469149,14.7405719,121.0467748,,,11106,6060
kohi04,14.6652748,121.0434945,14.6667234,121.0432376,,,11114,8338
yc3352,14.6406685,121.0164524,14.6409915,121.0164753,,,11115,11120
n0b3nt,14.6404453,121.0166892,14.6404963,121.0170725,,,11116,8454
hg3c25,14.6404453,121.0166892,14.6404166,121.0164196,,,11116,9952
yc3352,14.6404453,121.0166892,14.6406685,121.0164524,,,11116,11115
hg3c25,14.6403577,121.016065,14.6401564,121.0163696,,,11117,11118
hg3c25,14.6403577,121.016065,14.6403606,121.0159046,,,11117,12348
yc3352,14.6401564,121.0163696,14.6398086,121.0164508,,,11118,8754
hg3c25,14.6404077,121.0163405,14.6404166,121.0164196,,,11119,9952
yc3352,14.6404077,121.0163405,14.6401564,121.0163696,Fernando Poe Jr. Avenue,secondary,11119,11118
hg3c25,14.6404077,121.0163405,14.6403577,121.016065,,,11119,11117
n8g0u2,14.6409915,121.0164753,14.6437615,121.0169363,,,11120,896
yc3352,14.6409915,121.0164753,14.6404077,121.0163405,,,11120,11119
nhwz09,14.651609,121.0386984,14.6470775,121.0401615,,,11121,7727
tqvaqs,14.6311387,121.0209712,14.6312044,121.0211436,,,11137,10016
viu5x3,14.6317159,121.0215802,14.6319763,121.0209941,,,11139,10025
ny3npi,14.6317159,121.0215802,14.6316931,121.0213884,,,11139,10019
1j8z4b,14.607566,121.0391418,14.6071658,121.0387121,,,11141,8109
uex9qp,14.6079113,121.0387494,14.6088721,121.0377251,,,11142,7296
uex9qp,14.6079113,121.0387494,14.607566,121.0391418,,,11142,11141
xfvrhx,14.6111022,121.0708381,14.6136706,121.0704852,,,11143,8089
vt6e25,14.6930364,121.0300631,14.6941147,121.030904,,,11145,12621
nxy5sz,14.6928363,121.0299588,14.6923555,121.030549,,,11146,3308
qlnoqy,14.6922779,121.0294063,14.6930364,121.0300631,,,11147,11145
qlnoqy,14.6922779,121.0294063,14.6928363,121.0299588,,,11147,11146
cizdae,14.6574369,121.0016296,14.6574299,121.0007195,,,11150,853
6m24vg,14.6414026,121.0328216,14.639852,121.0303048,,,11154,11158
juje2n,14.6567722,121.0193779,14.6575223,121.0198308,,,11157,7658
6m24vg,14.639852,121.0303048,14.6390167,121.028945,,,11158,8962
nhwz09,14.6525169,121.0385804,14.6520357,121.0386376,,,11159,9440
i1tzfs,14.7277723,121.1169547,14.7278908,121.1172251,,,11164,9162
7472th,14.7277723,121.1169547,14.7270229,121.1148984,,,11164,63
o9v80p,14.6211393,121.0151175,14.6301848,121.0116516,,,11171,12304
i9gzj5,14.6211458,121.0149994,14.6190113,121.0148277,,,11172,9434
dekqcp,14.7050312,121.0821212,14.7050778,121.0819366,,,11173,10755
1z1zt9,14.6097701,121.0507016,14.6098262,121.0506784,,,11174,10234
ldgkx1,14.6197125,121.0507995,14.619127,121.0510709,,,11183,12244
odmq3y,14.6535989,121.0745171,14.6543106,121.0745394,,,11201,8065
uz5lj8,14.6473698,121.0744795,14.6475977,121.0744786,,,11205,11207
uz5lj8,14.6475977,121.0744786,14.6483357,121.0744934,,,11207,492
iw5fon,14.7135991,121.0611602,14.7111595,121.0611586,,,11231,10260
jn9uuh,14.689271,121.0294515,14.6898694,121.0286611,,,11254,7711
ui19x1,14.679097,121.0247901,14.6789581,121.0253036,,,11258,3677
ui19x1,14.6791159,121.0247169,14.679097,121.0247901,,,11262,11258
y5272g,14.6791159,121.0247169,14.6793763,121.0237573,,,11262,10903
5qdcws,14.6846066,121.0228441,14.684532,121.02272,,,11266,7092
5qdcws,14.6846066,121.0228441,14.6846846,121.0229774,,,11266,3862
ma1zm5,14.6754345,121.0691914,14.6742862,121.0691509,,,11269,3586
nxy5sz,14.6919076,121.0319037,14.6917776,121.0322934,,,11271,7484
nxy5sz,14.6919076,121.0319037,14.6921141,121.0312962,,,11271,8376
t5no4q,14.6573199,121.0041495,14.657326,121.0044929,,,11288,11289
t5no4q,14.657326,121.0044929,14.6574214,121.0109989,,,11289,2082
n8o6pj,14.6686554,121.0227606,14.6690022,121.0233521,,,11292,2662
n8o6pj,14.6686554,121.0227606,14.668514,121.0225177,,,11292,2686
l31h6d,14.641266,121.0395831,14.648434,121.0349167,,,11295,11987
wydjwf,14.641266,121.0395831,14.6432923,121.0383203,,,11295,11300
daupag,14.6648369,121.0693552,14.6644014,121.0686781,,,11296,10153
g5bojs,14.6432923,121.0383203,14.6433821,121.0382606,,,11300,12459
g5bojs,14.6432923,121.0383203,14.6430864,121.0380242,,,11300,9653
xfwcda,14.6454251,121.0369444,14.6478414,121.0353655,,,11309,9705
t0495t,14.6864564,121.089874,14.6864613,121.089781,,,11328,9231
fdnn1g,14.69018,121.0946283,14.6901078,121.0945557,,,11329,7389
hmzobh,14.7309053,121.0475085,14.7311373,121.0477417,,,11330,11331
hmzobh,14.7309053,121.0475085,14.731106,121.0475101,Quirino Highway,primary,11330,7800
sh5dat,14.7311373,121.0477417,14.731106,121.0475101,,,11331,7800
sh5dat,14.7311373,121.0477417,14.7316318,121.048711,,,11331,405
iw4mn2,14.642707,121.0354467,14.6427918,121.0355863,,,11332,9498
vn80sj,14.6425413,121.035061,14.6426432,121.0352335,,,11333,8800
wyx8bv,14.7003187,121.0880872,14.7000423,121.0881554,,,11349,12118
wyx8bv,14.7003187,121.0880872,14.6999409,121.0877497,,,11349,7258
369k9p,14.7105854,121.0609158,14.7104711,121.0610111,,,11354,10257
uz5lj8,14.6469285,121.074471,14.6482803,121.0743065,,,11405,13362
uz5lj8,14.6469285,121.074471,14.6473698,121.0744795,,,11405,11205
uo0a97,14.6865037,121.0894935,14.6870434,121.0874316,,,11414,731
fivhz6,14.6931193,121.0964151,14.693513,121.0964149,,,11420,5053
cu8t3c,14.6865029,121.0885867,14.6863031,121.089904,,,11435,1221
d93lrr,14.6912172,121.0874415,14.6926703,121.0874759,,,11437,6797
uuh1ck,14.7239881,121.029041,14.7241912,121.0278229,,,11477,6326
uuh1ck,14.7239881,121.029041,14.7240393,121.0300109,,,11477,9808
2z6zwy,14.6086802,121.0456728,14.6087541,121.0451961,,,11495,1570
joqo5z,14.6894962,121.0941362,14.6899657,121.0946252,,,11507,12380
rs0tq3,14.6828355,121.0410076,14.6827955,121.0403546,,,11536,5990
xp1k0b,14.682755,121.0854659,14.6832683,121.0856982,,,11548,11669
h6m7qe,14.7193728,121.0228157,14.7193895,121.022699,,,11566,7170
h6m7qe,14.7193728,121.0228157,14.7193131,121.0232376,,,11566,6355
1r6mgk,14.6497489,121.0096964,14.6540449,121.010668,,,11576,8837
1r6mgk,14.6497489,121.0096964,14.6489076,121.0097544,,,11576,11093
41tduf,14.7261039,121.0387402,14.7266391,121.0385586,,,11590,8333
41tduf,14.7261039,121.0387402,14.7252917,121.0389066,,,11590,5428
5mnqju,14.6676071,121.0207371,14.6658928,121.0216481,,,11602,8707
5mnqju,14.6676071,121.0207371,14.6682797,121.0203754,,,11602,2672
fdnn1g,14.6914629,121.0959516,14.6909155,121.0953682,,,11613,1218
gb32xs,14.682865,121.0850887,14.6817271,121.0846139,,,11615,10959
8983mp,14.6136682,121.007699,14.613421,121.0074962,,,11641,2415
hi61cf,14.6829974,121.0385485,14.6828919,121.0398751,,,11647,3870
hi61cf,14.6829974,121.0385485,14.6829332,121.03828,,,11647,3812
xp1k0b,14.6832683,121.0856982,14.6839883,121.0860169,,,11669,8410
gb32xs,14.6833958,121.0853243,14.682865,121.0850887,,,11670,11615
hmzobh,14.7262231,121.0481447,14.7309053,121.0475085,,,11759,11330
339bkd,14.6711602,121.0370534,14.6716909,121.0368413,,,11770,2724
339bkd,14.6711602,121.0370534,14.6704441,121.0373826,,,11770,2723
wwi3ir,14.6206109,121.0204779,14.6206378,121.0205629,,,11801,6980
wwi3ir,14.6206109,121.0204779,14.6203396,121.01962,,,11801,6979
c3ypq4,14.7354674,121.0633458,14.7353341,121.0612074,,,11805,10274
d0cpdd,14.6274348,121.0343282,14.6274061,121.0342159,,,11864,12
d0cpdd,14.6274348,121.0343282,14.6280248,121.0363848,,,11864,261
fn2rhh,14.6287228,121.0339905,14.6287424,121.0339311,,,11865,16
twhsrw,14.6287228,121.0339905,14.6291511,121.0340544,,,11865,678
fn2rhh,14.6286532,121.0340395,14.6287228,121.0339905,,,11866,11865
idj3bz,14.6368736,121.0254851,14.635415,121.0230513,,,11880,8617
yc3352,14.6395318,121.0165266,14.6384938,121.017274,,,11887,9617
yc3352,14.6395318,121.0165266,14.6398086,121.0164508,,,11887,8754
5qdcws,14.6802493,121.0190522,14.6814332,121.0200206,,,11925,10905
5qdcws,14.6802493,121.0190522,14.6800897,121.0189261,,,11925,7093
u0cbyx,14.6290418,121.0325526,14.6291947,121.0318496,,,11934,252
4qohk2,14.6289565,121.0325315,14.6287079,121.0336911,,,11935,7838
mby5fh,14.6190127,121.038266,14.6195782,121.0379244,,,11936,1075
dkvdfg,14.6096539,121.076972,14.6096683,121.0766106,,,11948,8379
wwi3ir,14.6203131,121.0195363,14.6203313,121.0195938,,,11950,12447
wwi3ir,14.6203131,121.0195363,14.6192012,121.016001,,,11950,12217
3sigs6,14.6988048,121.0338658,14.6989573,121.0339558,,,11957,13132
xbj7he,14.6190772,121.015592,14.6192012,121.016001,,,11963,12217
xbj7he,14.6190772,121.015592,14.6189364,121.0149879,,,11963,7260
xbj7he,14.6188255,121.014997,14.6190772,121.015592,,,11964,11963
gew589,14.7319366,121.0611343,14.7346996,121.0612088,,,11975,10273
5xloqk,14.6508053,121.0333168,14.6549377,121.0306512,,,11977,9710
586hqt,14.6546299,121.0345416,14.6546103,121.0346388,,,11978,9661
5xloqk,14.6504981,121.0336193,14.6505825,121.0335653,,,11985,10989
cr49f1,14.6490914,121.0344794,14.6494834,121.0342732,,,11986,6953
cr49f1,14.6490914,121.0344794,14.6508053,121.0333168,,,11986,11977
cr49f1,14.648434,121.0349167,14.6490914,121.0344794,,,11987,11986
9guzx9,14.7065657,121.0694289,14.7065655,121.069345,,,12001,12002
9guzx9,14.7065655,121.069345,14.7065666,121.0672017,,,12002,4551
ma1zm5,14.6792048,121.0693273,14.6789917,121.0693418,,,12035,10315
ma1zm5,14.6792048,121.0693273,14.6794926,121.0692712,,,12035,3363
6aqn68,14.6786234,121.027476,14.6788501,121.0258558,,,12048,2685
6aqn68,14.6786234,121.027476,14.6782188,121.0294306,,,12048,4017
sc1xp1,14.6565842,121.0259445,14.6566591,121.0259071,,,12058,12059
sc1xp1,14.6566591,121.0259071,14.6570519,121.0240904,,,12059,9666
y391xx,14.66274,121.0367081,14.6639353,121.0365192,,,12064,864
e9gyg1,14.6627269,121.0365821,14.6624297,121.0365962,,,12065,7419
xtqvru,14.6230493,121.0532173,14.6227906,121.0526744,,,12069,2473
u57r57,14.6131373,121.0168889,14.6211393,121.0151175,,,12071,11171
x4tmsu,14.704016,121.0838948,14.7035506,121.0845881,,,12072,55
59hsyd,14.66688,121.0074837,14.6672311,121.007757,,,12080,13195
vukrg9,14.7054931,121.0736743,14.7059922,121.0721858,,,12085,4356
rwxwik,14.684294,121.0861534,14.685065,121.0864769,,,12101,6841
9lcsxf,14.6748961,121.0436675,14.6760897,121.043758,,,12109,2184
641btz,14.6749053,121.0435113,14.6728565,121.043366,,,12110,2750
qg3cnm,14.7000423,121.0881554,14.6999296,121.0881882,,,12118,12155
fnfpnd,14.7000423,121.0881554,14.6999409,121.0877497,,,12118,7258
ck0do,14.6081211,121.0211611,14.6067568,121.0197187,,,12123,1749
nwa5ol,14.6272812,121.0621187,14.6277159,121.0632396,,,12124,749
3f5uay,14.6174404,121.0550665,14.6171209,121.0545992,,,12128,1261
6m24vg,14.6389208,121.0287893,14.6382662,121.0277212,,,12143,7422
12hp2q,14.6387792,121.0289053,14.638876,121.0290676,,,12144,8961
12hp2q,14.6387792,121.0289053,14.6389208,121.0287893,,,12144,12143
qg3cnm,14.6999296,121.0881882,14.7001238,121.0889791,,,12155,4960
z6atj5,14.6549164,121.0542273,14.6537324,121.0526635,,,12161,9698
svmmoh,14.6538106,121.0387128,14.6538441,121.0385679,,,12165,9671
mfzbti,14.7490758,121.0830311,14.7496051,121.0833806,,,12166,6966
wwi3ir,14.6212228,121.0224057,14.6209621,121.0215883,,,12174,6981
yyjdul,14.7036431,121.0347739,14.702514,121.0347115,,,12177,9340
a8z12x,14.7083006,121.0389787,14.7084887,121.039013,,,12183,5575
a8z12x,14.7083006,121.0389787,14.7067177,121.0386197,,,12183,5639
aa9j02,14.6006232,121.0635863,14.6001946,121.0617694,,,12192,8626
wio7bc,14.6298442,121.0187507,14.6301845,121.0172392,,,12196,2956
ma1zm5,14.6756051,121.0691943,14.6754345,121.0691914,,,12200,11269
ma1zm5,14.6756051,121.0691943,14.6762091,121.0692193,,,12200,3426
46ay89,14.6330493,121.0091723,14.6359707,121.0088917,,,12205,1715
jc6k40,14.6719668,121.0663198,14.6702966,121.0684935,,,12209,10921
4uq8hl,14.6667333,121.0698351,14.6669994,121.0696956,,,12211,3245
xbj7he,14.6192012,121.016001,14.6190772,121.015592,,,12217,11963
wwi3ir,14.6192012,121.016001,14.6203131,121.0195363,,,12217,11950
h39gn3,14.6089326,121.0376766,14.6100842,121.0368028,,,12226,1571
fmr1sq,14.6422284,121.0058852,14.6397777,121.0064587,,,12232,1575
4fiene,14.6541389,121.0367963,14.6540787,121.0370655,,,12236,12254
goazyb,14.6588194,121.0198855,14.6604664,121.0200701,,,12237,9676
yhn7ha,14.735626,121.0695511,14.7365007,121.0704895,,,12239,7065
ldgkx1,14.619127,121.0510709,14.6179758,121.0516027,,,12244,3048
axtcvk,14.7249337,121.0492122,14.7253384,121.0488743,,,12246,10824
o0y6s2,14.7248282,121.0490817,14.7246025,121.0492742,,,12247,2804
gew589,14.7316236,121.0611356,14.731846,121.0611344,,,12248,10271
gew589,14.7316228,121.0612644,14.7346996,121.0612088,,,12249,10273
12hp2q,14.6381209,121.0278306,14.6387792,121.0289053,,,12250,12144
4fiene,14.6540787,121.0370655,14.6538547,121.0378857,,,12254,9950
4fiene,14.654321,121.0359647,14.6542599,121.0362418,,,12261,12263
4fiene,14.6542599,121.0362418,14.6541389,121.0367963,,,12263,12236
glx1j3,14.7218036,121.0395363,14.7195174,121.0398731,,,12264,5398
1x5br6,14.7218497,121.039899,14.7218036,121.0395363,,,12265,12264
1x5br6,14.7218497,121.039899,14.7220192,121.0412305,,,12265,5407
hzmvg0,14.631631,121.0738146,14.6305425,121.0716252,,,12268,9478
cyjjhk,14.6320117,121.0740734,14.6317615,121.0740667,,,12269,121
hzmvg0,14.6320117,121.0740734,14.631631,121.0738146,,,12269,12268
wfr4hu,14.6412474,121.046975,14.6449958,121.0478104,,,12274,3522
u327wu,14.7337212,121.0529089,14.7335815,121.0524542,,,12284,6246
u327wu,14.7337212,121.0529089,14.7338883,121.0534411,,,12284,8275
b7awg4,14.6770239,121.0162771,14.6780433,121.0171886,,,12288,7595
u57r57,14.6105212,121.0170515,14.6114986,121.0170043,,,12297,1767
u57r57,14.6105212,121.0170515,14.6109464,121.0170738,,,12297,12298
u57r57,14.6109464,121.0170738,14.6131373,121.0168889,,,12298,12071
46ay89,14.6301848,121.0116516,14.6318936,121.0097062,,,12304,11005
46ay89,14.6301848,121.0116516,14.6325807,121.0092901,,,12304,284
g78v7q,14.6877547,121.0870113,14.6868706,121.0868245,,,12319,12405
wi67pj,14.6877293,121.0873106,14.6912172,121.0874415,,,12320,11437
s1zf5s,14.6730924,121.025477,14.6744714,121.0260372,,,12321,4022
ntgeku,14.6945986,121.0675932,14.6939635,121.0676185,,,12323,10878
iktbsr,14.6391829,121.0068863,14.6419672,121.006161,,,12325,12442
iktbsr,14.6391829,121.0068863,14.6419672,121.006161,,,12325,12442
xk635l,14.6574706,121.0143564,14.6574973,121.0166013,,,12327,3868
xk635l,14.6574678,121.0141658,14.6574706,121.0143564,,,12328,12327
srnh30,14.6576709,121.0141721,14.6576217,121.0107948,,,12329,3885
qooc1s,14.7174907,121.1008344,14.7193945,121.100497,,,12341,7366
xymjot,14.7170476,121.1004568,14.7173923,121.100778,,,12343,12342
xymjot,14.7170476,121.1004568,14.7148359,121.0976505,,,12343,4157
hg3c25,14.640292,121.0156869,14.6402213,121.0152025,,,12346,7854
hg3c25,14.640292,121.0156869,14.6402918,121.0159081,,,12346,12347
hg3c25,14.6402918,121.0159081,14.6403577,121.016065,,,12347,11117
hg3c25,14.6403606,121.0159046,14.640292,121.0156869,,,12348,12346
gew589,14.7307634,121.0611399,14.7309216,121.0611391,,,12352,10270
uypil8,14.6391837,121.0071627,14.6393042,121.008088,,,12361,1717
yn8lfl,14.6865702,121.0317062,14.686699,121.0316843,,,12362,9112
o6pg2w,14.6865274,121.0315188,14.6852035,121.0317392,,,12363,3932
wqqi5f,14.6343343,121.0377448,14.6343882,121.0374841,,,12371,9793
wqqi5f,14.6343343,121.0377448,14.6339272,121.0395659,,,12371,438
joqo5z,14.6906535,121.0953411,14.6907925,121.0954855,,,12379,9582
joqo5z,14.6906535,121.0953411,14.6908684,121.0954143,,,12379,12378
joqo5z,14.6899657,121.0946252,14.690075,121.0947374,,,12380,9899
fdnn1g,14.6899657,121.0946252,14.69018,121.0946283,,,12380,11329
wfr4hu,14.6490279,121.0512327,14.6521744,121.0517694,,,12388,11021
4endy,14.6796976,121.0344339,14.6804579,121.0347242,,,12397,3750
4endy,14.6796976,121.0344339,14.6792163,121.0345222,,,12397,3834
arv1os,14.6950965,121.0496465,14.6951037,121.0515606,,,12399,9042
arv1os,14.6950965,121.0496465,14.6950966,121.0495621,,,12399,10177
g78v7q,14.6868706,121.0868245,14.6837954,121.085486,,,12405,8411
rwxwik,14.686825,121.087121,14.6872511,121.0872103,,,12406,9890
y5272g,14.6794527,121.02343,14.6794445,121.0234806,,,12408,8099
y5272g,14.6794527,121.02343,14.6795114,121.0229243,Tandang Sora Avenue,secondary,12408,9027
y5272g,14.6795181,121.0228584,14.6795114,121.0229243,,,12410,9027
y5272g,14.6795181,121.0228584,14.6795551,121.0224095,,,12410,3638
a8u47r,14.65331,121.0525585,14.654139,121.0540444,,,12413,10026
b7awg4,14.676933,121.0161997,14.6770239,121.0162771,,,12414,12288
b7awg4,14.676933,121.0161997,14.6755687,121.0150803,,,12414,7095
idj3bz,14.6353456,121.022936,14.6346539,121.0217843,,,12416,7865
rm5ad2,14.6351645,121.0230517,14.6352265,121.0231523,,,12417,8616
idj3bz,14.6351645,121.0230517,14.6353456,121.022936,,,12417,12416
1074zq,14.6224391,121.056044,14.6208522,121.0567143,,,12418,10980
267fzj,14.6475324,121.0430671,14.6497106,121.046571,,,12419,8967
ciyslk,14.6475083,121.0432283,14.6494052,121.0477284,,,12420,37
pbzvoj,14.5997633,121.0598111,14.6013154,121.0594887,,,12434,6965
eddbyb,14.6108023,121.0552855,14.6109345,121.0553666,,,12435,13056
iktbsr,14.6419672,121.006161,14.6431545,121.0059295,,,12442,10302
aff2do,14.6442291,121.042564,14.6461203,121.0409187,,,12444,7738
wwi3ir,14.6203313,121.0195938,14.6203131,121.0195363,,,12447,11950
o9v80p,14.6298637,121.0119487,14.6305837,121.0111754,,,12453,1725
o9v80p,14.6293259,121.0125264,14.6298637,121.0119487,"Primary Link Road (12454, 12453)",primary_link,12454,12453
p8412i,14.6442217,121.0373346,14.6441934,121.0372887,,,12456,9067
szmnxe,14.6442217,121.0373346,14.6442044,121.0377379,,,12456,6917
szmnxe,14.6442919,121.0372893,14.6442217,121.0373346,,,12457,12456
ssstwk,14.6442919,121.0372893,14.6442638,121.0372426,,,12457,10940
he0s08,14.6441029,121.0377447,14.6441288,121.0377878,,,12458,9928
jnn9fv,14.6441029,121.0377447,14.6441934,121.0372887,,,12458,9067
g5bojs,14.6433821,121.0382606,14.64391,121.0379269,,,12459,7106
g5bojs,14.6433821,121.0382606,14.6441029,121.0377447,,,12459,12458
hcytyt,14.6318146,121.0744739,14.632085,121.0749746,,,12460,7755
clnfip,14.6315471,121.074313,14.6317342,121.0743251,,,12461,76
hcytyt,14.6315471,121.074313,14.6318146,121.0744739,,,12461,12460
wgfly0,14.627723,121.0632751,14.6282469,121.0664777,,,12462,1230
k502y0,14.628006,121.0632064,14.6285807,121.06302,,,12464,82
lgql45,14.6241635,121.0339789,14.6240881,121.0329243,,,12477,9803
lgql45,14.6241635,121.0339789,14.6242483,121.0350906,,,12477,580
sawvrf,14.6930299,121.0412067,14.6931119,121.0421281,,,12493,4108
4z2dy3,14.6930319,121.0411011,14.6923955,121.0375424,,,12494,6020
rwxwik,14.6859114,121.08681,14.6867179,121.0870945,,,12497,735
yhn7ha,14.7354488,121.0681518,14.7355408,121.0694447,,,12500,4676
yhn7ha,14.735547,121.068151,14.7355468,121.0680924,,,12502,10276
mia5yq,14.6827117,121.0790527,14.6826099,121.0791687,,,12505,2343
mia5yq,14.6827117,121.0790527,14.6834746,121.0781094,,,12505,2369
vt6e25,14.6953781,121.0316566,14.6950408,121.0314407,,,12512,10992
vt6e25,14.6953404,121.0317226,14.6956053,121.0318875,,,12513,12515
vt6e25,14.6956448,121.0318249,14.6953781,121.0316566,,,12514,12512
vt6e25,14.6956053,121.0318875,14.6963026,121.0323261,,,12515,5934
kw4wg3,14.6397123,121.0112211,14.6397219,121.011291,,,12525,1727
kw4wg3,14.6397123,121.0112211,14.6395183,121.0097531,,,12525,1668
586hqt,14.6549924,121.0328484,14.6548911,121.0333303,,,12530,13297
4n7z7,14.6551098,121.032873,14.6552289,121.0323319,,,12531,13400
ny3npi,14.6314462,121.0215682,14.6316916,121.0217705,,,12532,9880
ny3npi,14.6314462,121.0215682,14.6316931,121.0213884,,,12532,10019
3sigs6,14.6982567,121.0335276,14.6984834,121.0336667,,,12548,10960
3sigs6,14.6982934,121.0334627,14.696644,121.0324425,,,12549,10994
3sigs6,14.6995467,121.0342134,14.6989981,121.0338836,,,12550,13129
unjqc9,14.6765031,121.0419487,14.6764877,121.0420135,,,12551,9058
j664pq,14.6564753,121.025941,14.6563663,121.0259984,,,12559,12560
j664pq,14.6563663,121.0259984,14.6560816,121.0273055,,,12560,7400
sc1xp1,14.6560616,121.0285948,14.6560771,121.0285161,,,12562,857
w2pw8o,14.724857,121.1124482,14.7270229,121.1148984,,,12576,63
c8y6d1,14.724857,121.1124482,14.7215419,121.1113583,,,12576,62
9iimor,14.647066,121.0521504,14.6472109,121.0520477,,,12577,9712
x2yp65,14.6767546,121.0827766,14.67716,121.0829924,,,12607,10790
rs0tq3,14.6831634,121.0416417,14.6828355,121.0410076,,,12610,11536
vt6e25,14.6941147,121.030904,14.6950345,121.0315295,,,12621,8321
vt6e25,14.6941555,121.030843,14.6939155,121.0306617,,,12622,11012
arv1os,14.6937607,121.0548268,14.6937065,121.0550864,,,12642,8724
arv1os,14.6937607,121.0548268,14.6939059,121.0541949,,,12642,8723
1e8e7k,14.7080543,121.0901656,14.7079944,121.0901239,,,12682,5114
1e8e7k,14.7080543,121.0901656,14.7085047,121.0904348,,,12682,5116
1e8e7k,14.7108046,121.0907038,14.7112135,121.0906968,,,12683,7392
1e8e7k,14.7107381,121.0907064,14.7108046,121.0907038,"Residential Road (12684, 12683)",residential,12684,12683
1e8e7k,14.7107381,121.0907064,14.7092711,121.0907465,,,12684,5117
iebjzw,14.6150236,121.0468595,14.6152268,121.0464361,,,12733,3036
r47yy1,14.6930189,121.0634246,14.6930188,121.0633782,,,12735,4147
r47yy1,14.6930189,121.0634246,14.6930225,121.065141,,,12735,10876
mia5yq,14.678036,121.0828311,14.6784942,121.0820004,,,12737,2342
n8yeho,14.678036,121.0828311,14.6779108,121.0829056,,,12737,13365
yc3352,14.6401524,121.0164423,14.6404166,121.0164196,,,12744,9952
yc3352,14.6401524,121.0164423,14.6404453,121.0166892,,,12744,11116
g29kmq,14.6426627,121.0265234,14.642693,121.0266326,,,12751,8148
g29kmq,14.6426627,121.0265234,14.6424763,121.0270282,,,12751,10095
bdh6w5,14.6542867,121.0297961,14.6549334,121.0303425,,,12765,7521
qtxk39,14.6644445,121.0714894,14.6643112,121.0719737,,,12796,3272
51od7m,14.6568747,121.0238004,14.6567889,121.0241626,,,12800,8223
j664pq,14.6568747,121.0238004,14.6564807,121.0259179,,,12800,12057
1btpuw,14.6575633,121.0740987,14.657556,121.0727375,,,12811,9463
owfw9m,14.6575633,121.0740987,14.6575654,121.0742237,,,12811,101
e83z9h,14.6645791,121.067413,14.6652457,121.0660671,,,12812,7957
e83z9h,14.6664645,121.0621501,14.6674707,121.058352,,,12814,10221
u327wu,14.734383,121.0547435,14.7342607,121.054505,,,12819,2803
9snazz,14.734383,121.0547435,14.7342277,121.0556424,,,12819,266
aenpia,14.6215965,121.0502868,14.6221715,121.0516428,,,12832,10304
xfvrhx,14.6082563,121.0705382,14.6110588,121.0708437,,,12839,71
iwii5l,14.6071185,121.0386585,14.6069836,121.038506,,,12850,3321
a991bc,14.7348881,121.0338467,14.7342329,121.0342331,,,12859,6259
ypv723,14.7335385,121.052318,14.7335815,121.0524542,,,12865,6246
wwi3ir,14.62124,121.0224669,14.6212228,121.0224057,,,12880,12174
wwi3ir,14.62124,121.0224669,14.6216196,121.0236672,,,12880,8643
wqqi5f,14.6335478,121.0413167,14.6334763,121.0416488,,,12890,9792
j5gshs,14.7276884,121.0612451,14.7288093,121.0612469,,,12891,4597
qq6fnw,14.590634,121.0616461,14.5906715,121.0616022,,,12898,6889
3n7onu,14.6506391,121.0468246,14.6498647,121.0465473,,,13006,8966
4yrfmo,14.6506391,121.0468246,14.6503435,121.046977,,,13006,13351
3f5uay,14.6164389,121.0528018,14.6164636,121.053576,,,13013,9683
jtrfyx,14.5903608,121.0576556,14.5961834,121.0595758,,,13027,9704
1074zq,14.6228471,121.0559117,14.6235384,121.0556153,,,13030,483
shw0ys,14.6222885,121.0716829,14.6223073,121.0717741,,,13032,13033
shw0ys,14.6223073,121.0717741,14.6222885,121.0716829,General Romulo Avenue,tertiary,13033,13032
shw0ys,14.6223073,121.0717741,14.6215659,121.0719778,,,13033,1286
shw0ys,14.6223073,121.0717741,14.6231665,121.0715381,,,13033,272
1074zq,14.6235141,121.0555597,14.6228256,121.0558648,,,13038,13037
1074zq,14.6239589,121.0553812,14.6235141,121.0555597,Pedro Tuazon Boulevard,secondary,13039,13038
x9mcmm,14.6194732,121.0579442,14.6198042,121.0586468,,,13041,1298
3f5uay,14.6188129,121.0570554,14.6193105,121.0577525,,,13043,13040
3f5uay,14.6184935,121.0565928,14.6188129,121.0570554,Colonel Bonny Serrano Avenue,secondary,13044,13043
3f5uay,14.6182593,121.0562622,14.6184639,121.0565461,,,13045,13491
eddbyb,14.6109049,121.0552382,14.6109345,121.0553666,,,13057,13056
a963ed,14.6108227,121.0548935,14.6109049,121.0552382,Colonel Bonny Serrano Avenue,secondary,13058,13057
pgknpx,14.6108227,121.0548935,14.6092634,121.0556092,,,13058,10043
1z1zt9,14.6108209,121.0547141,14.6106608,121.0541309,,,13059,10227
1z1zt9,14.6108209,121.0547141,14.6108227,121.0548935,"Secondary Link Road (13059, 13058)",secondary_link,13059,13058
yih268,14.6162922,121.052719,14.6164458,121.0526466,,,13070,7850
yih268,14.6162922,121.052719,14.6164389,121.0528018,,,13070,13013
12nd2z,14.6211241,121.0492165,14.6210862,121.0492344,,,13072,13073
12nd2z,14.6211241,121.0492165,14.621219,121.049516,,,13072,1778
12nd2z,14.6210862,121.0492344,14.6211241,121.0492165,Bautista Street,residential,13073,13072
12nd2z,14.6210862,121.0492344,14.621219,121.049516,,,13073,1778
y219wk,14.6001758,121.0616849,14.5997633,121.0598111,,,13078,12434
27z26a,14.7180856,121.0549289,14.719044,121.0541302,,,13101,1657
xoc2m6,14.6632099,121.0743349,14.6644736,121.072224,,,13102,8710
3sigs6,14.6989981,121.0338836,14.6988457,121.0337922,,,13129,13131
3sigs6,14.6988457,121.0337922,14.6985219,121.0335973,,,13131,10995
3sigs6,14.6989573,121.0339558,14.6996251,121.0343037,,,13132,5936
sh5dat,14.7288838,121.0424271,14.7301069,121.0442086,,,13138,8987
n206lh,14.733395,121.0483272,14.7343591,121.0481173,,,13141,5154
n206lh,14.7333401,121.0483391,14.733395,121.0483272,,,13142,13141
n206lh,14.7333401,121.0483391,14.7316318,121.048711,,,13142,405
1ydofs,14.6273242,121.0473298,14.6256225,121.0481084,,,13145,1069
yc3352,14.6373987,121.0181071,14.6375088,121.0180436,,,13150,895
yc3352,14.6373987,121.0181071,14.6369791,121.018263,,,13150,8665
j5gshs,14.7246209,121.0612297,14.7253427,121.0612359,,,13161,4759
yrku05,14.6907326,121.0277505,14.6915487,121.0269201,,,13163,7210
hhpqg5,14.6905716,121.0275955,14.6904594,121.0277133,,,13164,9437
a991bc,14.731666,121.0356987,14.7317765,121.035636,,,13170,6175
a991bc,14.731666,121.0356987,14.7313162,121.0358974,,,13170,6179
lufa8k,14.6614647,121.0443759,14.6615934,121.044346,,,13171,9469
lufa8k,14.6614647,121.0443759,14.6615819,121.0446528,,,13171,13172
pw9zu2,14.6615819,121.0446528,14.6615934,121.044346,,,13172,9469
nwki8b,14.6747236,121.0144237,14.6741971,121.0139875,,,13191,7825
nwki8b,14.6747236,121.0144237,14.6753285,121.0148979,,,13191,13192
nwki8b,14.6753285,121.0148979,14.6747236,121.0144237,,,13192,13191
nwki8b,14.6753285,121.0148979,14.6755687,121.0150803,,,13192,7095
59hsyd,14.6672311,121.007757,14.6676439,121.0081477,,,13195,7824
59hsyd,14.6672311,121.007757,14.6669195,121.0074405,,,13195,13194
9zldax,14.6840658,121.0698116,14.6821688,121.0696715,,,13196,5300
kwd6nk,14.676293,121.0466687,14.6763368,121.0466387,,,13215,3816
kwd6nk,14.676293,121.0466687,14.6745093,121.0469387,,,13215,3654
ma1zm5,14.6737057,121.0691178,14.6742862,121.0691509,,,13234,3586
ma1zm5,14.6737057,121.0691178,14.6726623,121.0688682,,,13234,3585
th9mqd,14.678007,121.0320086,14.6771159,121.0320391,,,13235,7405
th9mqd,14.6802943,121.0319407,14.6796001,121.0319542,,,13237,7858
hhpqg5,14.6917798,121.0262386,14.6914627,121.0266574,,,13242,7217
pxpemt,14.6473546,121.0623758,14.6476905,121.0642904,,,13244,215
uz5lj8,14.646275,121.074492,14.6463482,121.0744826,,,13273,493
gs7ii2,14.6334585,121.045019,14.6332834,121.0448046,,,13290,2766
gs7ii2,14.6334585,121.045019,14.6332328,121.0448393,,,13290,13368
586hqt,14.6548911,121.0333303,14.6546852,121.034293,,,13297,9662
jigejh,14.7064045,121.0704166,14.7060351,121.0716051,,,13319,3430
szmnxe,14.6499959,121.0335962,14.6499535,121.0336241,,,13321,3936
lzi5sl,14.648933,121.0285762,14.6508561,121.0290028,,,13324,13396
4yrfmo,14.6498921,121.0472805,14.6496201,121.0475085,,,13350,10092
4yrfmo,14.6503435,121.046977,14.6498921,121.0472805,"Primary Link Road (13351, 13350)",primary_link,13351,13350
cwegsg,14.738696,121.073559,14.7408783,121.0754957,,,13352,4316
jigejh,14.7064185,121.0703134,14.7064045,121.0704166,,,13355,13319
vukrg9,14.7065562,121.070337,14.7065657,121.0694289,,,13356,12001
vukrg9,14.7065448,121.070453,14.7065562,121.070337,,,13357,13356
n8yeho,14.6779108,121.0829056,14.6765595,121.0822183,,,13365,8642
n8yeho,14.6780613,121.0829773,14.6779108,121.0829056,,,13366,13365
mia5yq,14.6780613,121.0829773,14.678036,121.0828311,,,13366,12737
62siwm,14.665618,121.070473,14.6659317,121.0702695,,,13367,8795
1h1zvl,14.6332328,121.0448393,14.6332834,121.0448046,,,13368,2766
gs7ii2,14.6332328,121.0448393,14.6330079,121.0445936,,,13368,51
wqqi5f,14.633242,121.0427486,14.6331735,121.0430342,,,13369,7734
wqqi5f,14.633242,121.0427486,14.6334311,121.0418618,,,13369,10990
wqqi5f,14.6335532,121.0412818,14.6339272,121.0395659,,,13370,438
j165m7,14.6440934,121.0425305,14.6417687,121.0456185,,,13372,7728
lzi5sl,14.6489293,121.0284537,14.6479281,121.0282363,,,13395,13398
lzi5sl,14.6508561,121.0290028,14.6542867,121.0297961,,,13396,12765
fbqdr9,14.6463566,121.0278676,14.6456501,121.0277551,,,13397,7327
fbqdr9,14.6479281,121.0282363,14.6463566,121.0278676,,,13398,13397
4n7z7,14.6553205,121.0319099,14.6555622,121.0308057,,,13399,10082
4n7z7,14.6552289,121.0323319,14.6553205,121.0319099,,,13400,13399
nh8lpp,14.6485859,121.0510262,14.64717,121.0519752,,,13403,7262
ldgkx1,14.6212133,121.0501332,14.6197125,121.0507995,,,13410,11183
sc1xp1,14.6560603,121.0285123,14.6565794,121.0259657,,,13412,12561
cwh8x6,14.6238184,121.0742296,14.6233842,121.0740565,,,13414,7531
ib3e0m,14.6238184,121.0742296,14.6236775,121.0738186,,,13414,270
e22z3p,14.6471546,121.0403282,14.652058,121.0388248,,,13425,9670
nh8lpp,14.6486207,121.0510719,14.6488181,121.0509507,,,13433,9701
nh8lpp,14.6486207,121.0510719,14.647287,121.0519439,,,13433,9700
nh8lpp,14.6486207,121.0510719,14.6485859,121.0510262,,,13433,13403
ku3mgd,14.6814606,121.0320817,14.6819219,121.0320692,,,13553,3791
4ctbsq,14.6521457,121.0455942,14.6513589,121.0465813,,,13569,9711
r4tsce,14.6522769,121.0456375,14.6524613,121.0448945,,,13570,7922
4psbb0,14.6324921,121.0743637,14.6328179,121.0743834,,,13608,1775
cyjjhk,14.6325012,121.0740839,14.6322017,121.0740799,,,13609,9616
u0el57,14.6525831,121.0742996,14.649449,121.0743076,,,13612,490
